Frame_Idx,Timestamp,Unix_Time,Quality_Flag,Breath_Rate_BPM,App_State,Distances_Being_Analyzed,Presence_Detected,Presence_Distance_m,Intra_Presence_Score,Inter_Presence_Score,Presence_Distance_Index,Radar_Enter_Time
0,4.743590354919434,1770681723.7435904,presence_only,,AppState.NO_PRESENCE_DETECTED,,False,0.0,0.16717182541011916,0.0,0,
1,4.795770168304443,1770681723.7957702,presence_only,,AppState.NO_PRESENCE_DETECTED,,False,0.0,0.3073890269258624,0.7133186751605054,0,
2,4.837447166442871,1770681723.8374472,presence_only,,AppState.DETERMINE_DISTANCE_ESTIMATE,,True,0.5204729922115796,0.4294343464058862,1.6001935818424569,1,4.837447166442871
3,4.889702320098877,1770681723.8897023,presence_only,,AppState.DETERMINE_DISTANCE_ESTIMATE,,True,0.5204729922115796,0.52280170605648,2.134430958242316,1,4.837447166442871
4,4.94131326675415,1770681723.9413133,presence_only,,AppState.DETERMINE_DISTANCE_ESTIMATE,,True,0.5204729922115796,0.5974114376000885,2.5338568503393724,1,4.837447166442871
5,4.992937326431274,1770681723.9929373,presence_only,,AppState.DETERMINE_DISTANCE_ESTIMATE,,True,0.5204729922115796,0.6635662672089514,3.048019934289301,1,4.837447166442871
6,5.044787406921387,1770681724.0447874,presence_only,,AppState.DETERMINE_DISTANCE_ESTIMATE,,True,0.5204729922115796,0.717081827870298,3.763262803546917,1,4.837447166442871
7,5.08673882484436,1770681724.0867388,presence_only,,AppState.DETERMINE_DISTANCE_ESTIMATE,,True,0.5204729922115796,0.7583258372431902,4.6068376786637355,1,4.837447166442871
8,5.138477802276611,1770681724.1384778,presence_only,,AppState.DETERMINE_DISTANCE_ESTIMATE,,True,0.5204729922115796,0.7928107456142449,5.521386166141556,1,4.837447166442871
9,5.190722703933716,1770681724.1907227,presence_only,,AppState.DETERMINE_DISTANCE_ESTIMATE,,True,0.5204729922115796,0.816304224532283,6.460817734916305,1,4.837447166442871
10,5.243191480636597,1770681724.2431915,presence_only,,AppState.DETERMINE_DISTANCE_ESTIMATE,,True,0.5204729922115796,0.8416292420897271,7.357532661219507,1,4.837447166442871
11,5.295386552810669,1770681724.2953866,presence_only,,AppState.DETERMINE_DISTANCE_ESTIMATE,,True,0.5204729922115796,0.8723978252430734,8.015952854170413,1,4.837447166442871
12,5.336929082870483,1770681724.336929,presence_only,,AppState.DETERMINE_DISTANCE_ESTIMATE,,True,0.5204729922115796,0.9189318274193721,8.491610024399021,1,4.837447166442871
13,5.388848304748535,1770681724.3888483,presence_only,,AppState.DETERMINE_DISTANCE_ESTIMATE,,True,0.5204729922115796,0.9831538877404014,8.92578785374872,1,4.837447166442871
14,5.4406468868255615,1770681724.440647,presence_only,,AppState.DETERMINE_DISTANCE_ESTIMATE,,True,0.5204729922115796,1.0546823697370902,9.355028215218068,1,4.837447166442871
15,5.492316961288452,1770681724.492317,presence_only,,AppState.DETERMINE_DISTANCE_ESTIMATE,,True,0.6405821442604057,1.1072747325698644,9.816687669703555,2,4.837447166442871
16,5.544291734695435,1770681724.5442917,presence_only,,AppState.DETERMINE_DISTANCE_ESTIMATE,,True,0.6405821442604057,1.1743065639255472,10.327111652940047,2,4.837447166442871
17,5.5863330364227295,1770681724.586333,presence_only,,AppState.DETERMINE_DISTANCE_ESTIMATE,,True,0.6405821442604057,1.2528111732302771,10.87917587987823,2,4.837447166442871
18,5.638356685638428,1770681724.6383567,presence_only,,AppState.DETERMINE_DISTANCE_ESTIMATE,,True,0.6405821442604057,1.3272895314317625,11.402786616652982,2,4.837447166442871
19,5.690160036087036,1770681724.69016,presence_only,,AppState.DETERMINE_DISTANCE_ESTIMATE,,True,0.6405821442604057,1.392742613370453,11.925957827663407,2,4.837447166442871
20,5.754100322723389,1770681724.7541003,presence_only,,AppState.DETERMINE_DISTANCE_ESTIMATE,,True,0.6405821442604057,1.4563978965612423,12.443165439666702,2,4.837447166442871
21,5.796039581298828,1770681724.7960396,presence_only,,AppState.DETERMINE_DISTANCE_ESTIMATE,,True,0.6405821442604057,1.5237344397053187,12.988768175046928,2,4.837447166442871
22,5.8383917808532715,1770681724.8383918,presence_only,,AppState.DETERMINE_DISTANCE_ESTIMATE,,True,0.6405821442604057,1.5950417254335567,13.564328608012978,2,4.837447166442871
23,5.890622138977051,1770681724.8906221,presence_only,,AppState.DETERMINE_DISTANCE_ESTIMATE,,True,0.6405821442604057,1.6646441363327524,14.213800636345068,2,4.837447166442871
24,5.942492246627808,1770681724.9424922,presence_only,,AppState.DETERMINE_DISTANCE_ESTIMATE,,True,0.6405821442604057,1.741564388392774,14.898096798912391,2,4.837447166442871
25,5.9941136837005615,1770681724.9941137,presence_only,,AppState.DETERMINE_DISTANCE_ESTIMATE,,True,0.6405821442604057,1.8311381845462429,15.540316189588285,2,4.837447166442871
26,6.045715570449829,1770681725.0457156,presence_only,,AppState.DETERMINE_DISTANCE_ESTIMATE,,True,0.5204729922115796,1.8956556358687522,16.167698364835154,1,4.837447166442871
27,6.087286710739136,1770681725.0872867,presence_only,,AppState.DETERMINE_DISTANCE_ESTIMATE,,True,0.5204729922115796,1.9627433692671858,16.743551838469692,1,4.837447166442871
28,6.1388328075408936,1770681725.1388328,presence_only,,AppState.DETERMINE_DISTANCE_ESTIMATE,,True,0.5204729922115796,2.0408008689660404,17.335028587640977,1,4.837447166442871
29,6.190398693084717,1770681725.1903987,presence_only,,AppState.DETERMINE_DISTANCE_ESTIMATE,,True,0.5204729922115796,2.097148042078466,17.902550237761023,1,4.837447166442871
30,6.2419211864471436,1770681725.2419212,presence_only,,AppState.DETERMINE_DISTANCE_ESTIMATE,,True,0.5204729922115796,2.1298988034419164,18.464541329270883,1,4.837447166442871
31,6.293508052825928,1770681725.293508,presence_only,,AppState.DETERMINE_DISTANCE_ESTIMATE,,True,0.5204729922115796,2.161276138187551,18.99705434266934,1,4.837447166442871
32,6.345044374465942,1770681725.3450444,presence_only,,AppState.DETERMINE_DISTANCE_ESTIMATE,,True,0.5204729922115796,2.201375745116438,19.525663474798982,1,4.837447166442871
33,6.386475086212158,1770681725.386475,presence_only,,AppState.DETERMINE_DISTANCE_ESTIMATE,,True,0.5204729922115796,2.2466826510289137,20.04537575464545,1,4.837447166442871
34,6.437986373901367,1770681725.4379864,presence_only,,AppState.DETERMINE_DISTANCE_ESTIMATE,,True,0.5204729922115796,2.2880282589934042,20.55621054524118,1,4.837447166442871
35,6.489643096923828,1770681725.489643,presence_only,,AppState.DETERMINE_DISTANCE_ESTIMATE,,True,0.5204729922115796,2.3156187447733325,21.01458332097269,1,4.837447166442871
36,6.541228771209717,1770681725.5412288,presence_only,,AppState.DETERMINE_DISTANCE_ESTIMATE,,True,0.5204729922115796,2.320003879001592,21.41208654815219,1,4.837447166442871
37,6.592796325683594,1770681725.5927963,presence_only,,AppState.DETERMINE_DISTANCE_ESTIMATE,,True,0.5204729922115796,2.304926283504182,21.715190692283212,1,4.837447166442871
38,6.644317388534546,1770681725.6443174,presence_only,,AppState.DETERMINE_DISTANCE_ESTIMATE,,True,0.5204729922115796,2.279072506935258,21.952231204938535,1,4.837447166442871
39,6.685973405838013,1770681725.6859734,presence_only,,AppState.DETERMINE_DISTANCE_ESTIMATE,,True,0.5204729922115796,2.2528808656226174,22.107283924475333,1,4.837447166442871
40,6.7372190952301025,1770681725.737219,presence_only,,AppState.DETERMINE_DISTANCE_ESTIMATE,,True,0.5204729922115796,2.2120437000790996,22.19475251570061,1,4.837447166442871
41,6.805481672286987,1770681725.8054817,presence_only,,AppState.DETERMINE_DISTANCE_ESTIMATE,,True,0.5204729922115796,2.158261245772024,22.244470066429734,1,4.837447166442871
42,6.837244510650635,1770681725.8372445,presence_only,,AppState.DETERMINE_DISTANCE_ESTIMATE,,True,0.5204729922115796,2.096729587730492,22.276403533052065,1,4.837447166442871
43,6.889559745788574,1770681725.8895597,presence_only,,AppState.DETERMINE_DISTANCE_ESTIMATE,,True,0.5204729922115796,2.036631575009178,22.30251232908396,1,4.837447166442871
44,6.94175124168396,1770681725.9417512,presence_only,,AppState.DETERMINE_DISTANCE_ESTIMATE,,True,0.5204729922115796,1.9767291819803474,22.327897415958496,1,4.837447166442871
45,6.99362850189209,1770681725.9936285,presence_only,,AppState.DETERMINE_DISTANCE_ESTIMATE,,True,0.5204729922115796,1.9197217112733227,22.338889339423844,1,4.837447166442871
46,7.045344352722168,1770681726.0453444,presence_only,,AppState.DETERMINE_DISTANCE_ESTIMATE,,True,0.5204729922115796,1.876916441358073,22.311768667579702,1,4.837447166442871
47,7.08691143989563,1770681726.0869114,presence_only,,AppState.DETERMINE_DISTANCE_ESTIMATE,,True,0.5204729922115796,1.8467199005624586,22.251042087869124,1,4.837447166442871
48,7.138500452041626,1770681726.1385005,presence_only,,AppState.DETERMINE_DISTANCE_ESTIMATE,,True,0.5204729922115796,1.826847184710385,22.16068133529927,1,4.837447166442871
49,7.190192937850952,1770681726.190193,presence_only,,AppState.DETERMINE_DISTANCE_ESTIMATE,,True,0.5204729922115796,1.805263916101199,22.050658136700076,1,4.837447166442871
50,7.241714239120483,1770681726.2417142,presence_only,,AppState.DETERMINE_DISTANCE_ESTIMATE,,True,0.5204729922115796,1.7780320061146127,21.92346602632036,1,4.837447166442871
51,7.293343782424927,1770681726.2933438,presence_only,,AppState.DETERMINE_DISTANCE_ESTIMATE,,True,0.40036384016275356,1.7556876966166366,21.792226806002454,0,4.837447166442871
52,7.344892740249634,1770681726.3448927,presence_only,,AppState.DETERMINE_DISTANCE_ESTIMATE,,True,0.5204729922115796,1.7325845190202613,21.6603509924482,1,4.837447166442871
53,7.386343717575073,1770681726.3863437,presence_only,,AppState.DETERMINE_DISTANCE_ESTIMATE,,True,0.5204729922115796,1.7093550453676571,21.522581060297824,1,4.837447166442871
54,7.437855958938599,1770681726.437856,presence_only,,AppState.DETERMINE_DISTANCE_ESTIMATE,,True,0.5204729922115796,1.6882284448587637,21.377632423443323,1,4.837447166442871
55,7.48958683013916,1770681726.4895868,presence_only,,AppState.DETERMINE_DISTANCE_ESTIMATE,,True,0.5204729922115796,1.6655838370053733,21.22298160047787,1,4.837447166442871
56,7.541259527206421,1770681726.5412595,presence_only,,AppState.DETERMINE_DISTANCE_ESTIMATE,,True,0.5204729922115796,1.6578432019307787,21.052105828372426,1,4.837447166442871
57,7.592877149581909,1770681726.5928771,presence_only,,AppState.DETERMINE_DISTANCE_ESTIMATE,,True,0.5204729922115796,1.649484892949769,20.875620659172746,1,4.837447166442871
58,7.6444151401519775,1770681726.6444151,presence_only,,AppState.DETERMINE_DISTANCE_ESTIMATE,,True,0.5204729922115796,1.6491571426021487,20.69427373225123,1,4.837447166442871
59,7.686068058013916,1770681726.686068,presence_only,,AppState.DETERMINE_DISTANCE_ESTIMATE,,True,0.5204729922115796,1.6372596512299566,20.50709948480733,1,4.837447166442871
60,7.742580413818359,1770681726.7425804,presence_only,,AppState.DETERMINE_DISTANCE_ESTIMATE,,True,0.40036384016275356,1.638478265386593,20.32489172990148,0,4.837447166442871
61,7.795051336288452,1770681726.7950513,presence_only,,AppState.DETERMINE_DISTANCE_ESTIMATE,,True,0.40036384016275356,1.6417881387239448,20.168039403864118,0,4.837447166442871
62,7.8535168170928955,1770681726.8535168,presence_only,,AppState.DETERMINE_DISTANCE_ESTIMATE,,True,0.40036384016275356,1.6554985808627212,20.0406743670215,0,4.837447166442871
63,7.895636320114136,1770681726.8956363,presence_only,,AppState.DETERMINE_DISTANCE_ESTIMATE,,True,0.40036384016275356,1.685639158554672,19.95721002409517,0,4.837447166442871
64,7.937363862991333,1770681726.9373639,presence_only,,AppState.DETERMINE_DISTANCE_ESTIMATE,,True,0.40036384016275356,1.7220477537388992,19.923315712066156,0,4.837447166442871
65,7.989149332046509,1770681726.9891493,presence_only,,AppState.DETERMINE_DISTANCE_ESTIMATE,,True,0.40036384016275356,1.7616899038496103,19.93739625037075,0,4.837447166442871
66,8.040984392166138,1770681727.0409844,presence_only,,AppState.DETERMINE_DISTANCE_ESTIMATE,,True,0.40036384016275356,1.7899887930567109,19.984926681247558,0,4.837447166442871
67,8.09266448020935,1770681727.0926645,presence_only,,AppState.DETERMINE_DISTANCE_ESTIMATE,,True,0.40036384016275356,1.8234986341336494,20.05706810079664,0,4.837447166442871
68,8.14418911933899,1770681727.1441891,presence_only,,AppState.DETERMINE_DISTANCE_ESTIMATE,,True,0.40036384016275356,1.8615459979297424,20.140777367162194,0,4.837447166442871
69,8.1957848072052,1770681727.1957848,presence_only,,AppState.DETERMINE_DISTANCE_ESTIMATE,,True,0.40036384016275356,1.9079470176720703,20.22617016586344,0,4.837447166442871
70,8.237213373184204,1770681727.2372134,presence_only,,AppState.DETERMINE_DISTANCE_ESTIMATE,,True,0.40036384016275356,1.9399516466425455,20.316951195789006,0,4.837447166442871
71,8.288824558258057,1770681727.2888246,presence_only,,AppState.DETERMINE_DISTANCE_ESTIMATE,,True,0.40036384016275356,1.9710388315859202,20.409185541781795,0,4.837447166442871
72,8.340405464172363,1770681727.3404055,presence_only,,AppState.DETERMINE_DISTANCE_ESTIMATE,,True,0.40036384016275356,2.0028072845290015,20.51112374560121,0,4.837447166442871
73,8.391959190368652,1770681727.3919592,presence_only,,AppState.DETERMINE_DISTANCE_ESTIMATE,,True,0.40036384016275356,2.0433243703596604,20.617348575989237,0,4.837447166442871
74,8.443497896194458,1770681727.443498,presence_only,,AppState.DETERMINE_DISTANCE_ESTIMATE,,True,0.40036384016275356,2.0917095764691838,20.715378237567982,0,4.837447166442871
75,8.495090961456299,1770681727.495091,presence_only,,AppState.DETERMINE_DISTANCE_ESTIMATE,,True,0.40036384016275356,2.118598623792729,20.789897374121075,0,4.837447166442871
76,8.536627054214478,1770681727.536627,presence_only,,AppState.DETERMINE_DISTANCE_ESTIMATE,,True,0.40036384016275356,2.1159797753129856,20.850981592723723,0,4.837447166442871
77,8.588218450546265,1770681727.5882185,presence_only,,AppState.DETERMINE_DISTANCE_ESTIMATE,,True,0.40036384016275356,2.1285994366786567,20.918867609230908,0,4.837447166442871
78,8.639798164367676,1770681727.6397982,presence_only,,AppState.DETERMINE_DISTANCE_ESTIMATE,,True,0.40036384016275356,2.167758007600067,21.020000677776572,0,4.837447166442871
79,8.691596984863281,1770681727.691597,presence_only,,AppState.DETERMINE_DISTANCE_ESTIMATE,,True,0.40036384016275356,2.220673338995103,21.143146497668134,0,4.837447166442871
80,8.738510131835938,1770681727.7385101,presence_only,,AppState.DETERMINE_DISTANCE_ESTIMATE,,True,0.40036384016275356,2.290640333555098,21.262843021509592,0,4.837447166442871
81,8.79038691520691,1770681727.790387,presence_only,,AppState.DETERMINE_DISTANCE_ESTIMATE,,True,0.40036384016275356,2.3657353479067327,21.396543787882287,0,4.837447166442871
82,8.84221339225769,1770681727.8422134,presence_only,,AppState.DETERMINE_DISTANCE_ESTIMATE,,True,0.40036384016275356,2.4515096999062873,21.54708252396979,0,4.837447166442871
83,8.913565158843994,1770681727.9135652,presence_only,,AppState.DETERMINE_DISTANCE_ESTIMATE,,True,0.40036384016275356,2.561475807940622,21.71146646682051,0,4.837447166442871
84,8.945403575897217,1770681727.9454036,presence_only,,AppState.DETERMINE_DISTANCE_ESTIMATE,,True,0.40036384016275356,2.6376434729320124,21.87558995315746,0,4.837447166442871
85,8.987037420272827,1770681727.9870374,presence_only,,AppState.DETERMINE_DISTANCE_ESTIMATE,,True,0.40036384016275356,2.6800599371147658,22.032768270889733,0,4.837447166442871
86,9.039011240005493,1770681728.0390112,presence_only,,AppState.DETERMINE_DISTANCE_ESTIMATE,,True,0.5204729922115796,2.704556364927402,22.163296545692436,1,4.837447166442871
87,9.090884447097778,1770681728.0908844,presence_only,,AppState.DETERMINE_DISTANCE_ESTIMATE,,True,0.40036384016275356,2.7194271050885015,22.266006272677853,0,4.837447166442871
88,9.142513036727905,1770681728.142513,presence_only,,AppState.DETERMINE_DISTANCE_ESTIMATE,,True,0.40036384016275356,2.6891251146047757,22.346554664592677,0,4.837447166442871
89,9.19404411315918,1770681728.194044,presence_only,,AppState.DETERMINE_DISTANCE_ESTIMATE,,True,0.40036384016275356,2.6614914487994836,22.414292556825913,0,4.837447166442871
90,9.245543241500854,1770681728.2455432,presence_only,,AppState.DETERMINE_DISTANCE_ESTIMATE,,True,0.5204729922115796,2.6381373787286155,22.475744645296317,1,4.837447166442871
91,9.287047863006592,1770681728.2870479,presence_only,,AppState.DETERMINE_DISTANCE_ESTIMATE,,True,0.5204729922115796,2.644452623548546,22.53413581219682,1,4.837447166442871
92,9.338603258132935,1770681728.3386033,presence_only,,AppState.DETERMINE_DISTANCE_ESTIMATE,,True,0.5204729922115796,2.645203299122869,22.591528668955974,1,4.837447166442871
93,9.390143632888794,1770681728.3901436,presence_only,,AppState.DETERMINE_DISTANCE_ESTIMATE,,True,0.5204729922115796,2.6384796474521566,22.645422806336676,1,4.837447166442871
94,9.44163703918457,1770681728.441637,presence_only,,AppState.DETERMINE_DISTANCE_ESTIMATE,,True,0.6405821442604057,2.639225746575246,22.70568391149356,2,4.837447166442871
95,9.493253946304321,1770681728.493254,presence_only,,AppState.DETERMINE_DISTANCE_ESTIMATE,,True,0.6405821442604057,2.6422261453746434,22.775003169721995,2,4.837447166442871
96,9.54478931427002,1770681728.5447893,presence_only,,AppState.DETERMINE_DISTANCE_ESTIMATE,,True,0.6405821442604057,2.646799138135366,22.84530057677753,2,4.837447166442871
97,9.58623719215393,1770681728.5862372,presence_only,,AppState.DETERMINE_DISTANCE_ESTIMATE,,True,0.7606912963092318,2.6570499707541373,22.93232171673668,3,4.837447166442871
98,9.637752532958984,1770681728.6377525,presence_only,,AppState.DETERMINE_DISTANCE_ESTIMATE,,True,0.7606912963092318,2.671289908554646,23.041245057351755,3,4.837447166442871
99,9.689528942108154,1770681728.689529,presence_only,,AppState.DETERMINE_DISTANCE_ESTIMATE,,True,0.7606912963092318,2.6737296062291005,23.157522034957275,3,4.837447166442871
100,9.739258050918579,1770681728.739258,presence_only,,AppState.DETERMINE_DISTANCE_ESTIMATE,,True,0.7606912963092318,2.6611811967889683,23.267196366147385,3,4.837447166442871
101,9.791073083877563,1770681728.791073,presence_only,,AppState.DETERMINE_DISTANCE_ESTIMATE,,True,0.7606912963092318,2.661520585082121,23.344810362759628,3,4.837447166442871
102,9.842922449111938,1770681728.8429224,presence_only,,AppState.DETERMINE_DISTANCE_ESTIMATE,,True,0.7606912963092318,2.6637208787575903,23.413871838687438,3,4.837447166442871
103,9.896554470062256,1770681728.8965545,breathing_no_rate,,AppState.ESTIMATE_BREATHING_RATE,0.0000;3.0000,True,0.7606912963092318,2.6637300249794023,23.496223256408022,3,4.837447166442871
104,9.957027912139893,1770681728.957028,breathing_no_rate,,AppState.ESTIMATE_BREATHING_RATE,0.0000;3.0000,True,0.7606912963092318,2.646834169572778,23.583516880058163,3,4.837447166442871
105,9.990025281906128,1770681728.9900253,breathing_no_rate,,AppState.ESTIMATE_BREATHING_RATE,0.0000;3.0000,True,0.6405821442604057,2.5989969148091308,23.64842711662582,2,4.837447166442871
106,10.043084621429443,1770681729.0430846,breathing_no_rate,,AppState.ESTIMATE_BREATHING_RATE,0.0000;3.0000,True,0.6405821442604057,2.5288900924475963,23.737076442381298,2,4.837447166442871
107,10.096676349639893,1770681729.0966763,breathing_no_rate,,AppState.ESTIMATE_BREATHING_RATE,0.0000;3.0000,True,0.6405821442604057,2.4464056396648304,23.83915339657414,2,4.837447166442871
108,10.14189100265503,1770681729.141891,breathing_no_rate,,AppState.ESTIMATE_BREATHING_RATE,0.0000;3.0000,True,0.6405821442604057,2.3613580677257935,23.94160669995682,2,4.837447166442871
109,10.197368144989014,1770681729.1973681,breathing_no_rate,,AppState.ESTIMATE_BREATHING_RATE,0.0000;3.0000,True,0.6405821442604057,2.2703860691220017,24.06207893948469,2,4.837447166442871
110,10.242567777633667,1770681729.2425678,breathing_no_rate,,AppState.ESTIMATE_BREATHING_RATE,0.0000;3.0000,True,0.6405821442604057,2.1810046626051838,24.19908768203812,2,4.837447166442871
111,10.298028707504272,1770681729.2980287,breathing_no_rate,,AppState.ESTIMATE_BREATHING_RATE,0.0000;3.0000,True,0.6405821442604057,2.0983322622820055,24.336528220582675,2,4.837447166442871
112,10.343170166015625,1770681729.3431702,breathing_no_rate,,AppState.ESTIMATE_BREATHING_RATE,0.0000;3.0000,True,0.6405821442604057,2.030297534170656,24.465398237475682,2,4.837447166442871
113,10.398579359054565,1770681729.3985794,breathing_no_rate,,AppState.ESTIMATE_BREATHING_RATE,0.0000;3.0000,True,0.6405821442604057,1.9632133391923445,24.590496790107693,2,4.837447166442871
114,10.443761348724365,1770681729.4437613,breathing_no_rate,,AppState.ESTIMATE_BREATHING_RATE,0.0000;3.0000,True,0.6405821442604057,1.890341438571721,24.720846863543596,2,4.837447166442871
115,10.499372005462646,1770681729.499372,breathing_no_rate,,AppState.ESTIMATE_BREATHING_RATE,0.0000;3.0000,True,0.6405821442604057,1.8229969075933172,24.850165741078676,2,4.837447166442871
116,10.544630765914917,1770681729.5446308,breathing_no_rate,,AppState.ESTIMATE_BREATHING_RATE,0.0000;3.0000,True,0.6405821442604057,1.7537669816581998,24.968258977710654,2,4.837447166442871
117,10.589860916137695,1770681729.589861,breathing_no_rate,,AppState.ESTIMATE_BREATHING_RATE,0.0000;3.0000,True,0.6405821442604057,1.6919206012369803,25.069753858261425,2,4.837447166442871
118,10.645135879516602,1770681729.6451359,breathing_no_rate,,AppState.ESTIMATE_BREATHING_RATE,0.0000;3.0000,True,0.6405821442604057,1.642645552528545,25.145262622728126,2,4.837447166442871
119,10.690540790557861,1770681729.6905408,breathing_no_rate,,AppState.ESTIMATE_BREATHING_RATE,0.0000;3.0000,True,0.6405821442604057,1.6006363965103911,25.188749009381617,2,4.837447166442871
120,10.74060344696045,1770681729.7406034,breathing_no_rate,,AppState.ESTIMATE_BREATHING_RATE,0.0000;3.0000,True,0.6405821442604057,1.5734391064232762,25.209911439514244,2,4.837447166442871
121,10.79623532295227,1770681729.7962353,breathing_no_rate,,AppState.ESTIMATE_BREATHING_RATE,0.0000;3.0000,True,0.6405821442604057,1.5522960733868905,25.218232050036836,2,4.837447166442871
122,10.84233045578003,1770681729.8423305,breathing_no_rate,,AppState.ESTIMATE_BREATHING_RATE,0.0000;3.0000,True,0.6405821442604057,1.5458894623075965,25.2224391360533,2,4.837447166442871
123,10.898607969284058,1770681729.898608,breathing_no_rate,,AppState.ESTIMATE_BREATHING_RATE,0.0000;3.0000,True,0.7606912963092318,1.5553128311708426,25.24362286403869,3,4.837447166442871
124,10.942148208618164,1770681729.9421482,breathing_no_rate,,AppState.ESTIMATE_BREATHING_RATE,0.0000;3.0000,True,0.6405821442604057,1.5353655328089735,25.265661970339977,2,4.837447166442871
125,11.014697790145874,1770681730.0146978,breathing_no_rate,,AppState.ESTIMATE_BREATHING_RATE,0.0000;3.0000,True,0.6405821442604057,1.527076522401427,25.264117017291813,2,4.837447166442871
126,11.037623882293701,1770681730.037624,breathing_no_rate,,AppState.ESTIMATE_BREATHING_RATE,0.0000;3.0000,True,0.6405821442604057,1.537621109770758,25.265961290104272,2,4.837447166442871
127,11.091035842895508,1770681730.0910358,breathing_no_rate,,AppState.ESTIMATE_BREATHING_RATE,0.0000;3.0000,True,0.6405821442604057,1.5647789198762605,25.25409567925711,2,4.837447166442871
128,11.144253015518188,1770681730.144253,breathing_no_rate,,AppState.ESTIMATE_BREATHING_RATE,0.0000;3.0000,True,0.7606912963092318,1.5834826502892467,25.231447767414522,3,4.837447166442871
129,11.197360038757324,1770681730.19736,breathing_no_rate,,AppState.ESTIMATE_BREATHING_RATE,0.0000;3.0000,True,0.7606912963092318,1.5896636074936659,25.197114794163806,3,4.837447166442871
130,11.240223407745361,1770681730.2402234,breathing_no_rate,,AppState.ESTIMATE_BREATHING_RATE,0.0000;3.0000,True,0.6405821442604057,1.5795411480472528,25.15760088902431,2,4.837447166442871
131,11.293189525604248,1770681730.2931895,breathing_no_rate,,AppState.ESTIMATE_BREATHING_RATE,0.0000;3.0000,True,0.7606912963092318,1.606286738831785,25.131117811597953,3,4.837447166442871
132,11.346094608306885,1770681730.3460946,breathing_no_rate,,AppState.ESTIMATE_BREATHING_RATE,0.0000;3.0000,True,0.7606912963092318,1.6273387439582956,25.091412939714637,3,4.837447166442871
133,11.38896369934082,1770681730.3889637,breathing_no_rate,,AppState.ESTIMATE_BREATHING_RATE,0.0000;3.0000,True,0.7606912963092318,1.6208224440199235,25.062280352118485,3,4.837447166442871
134,11.441786527633667,1770681730.4417865,breathing_no_rate,,AppState.ESTIMATE_BREATHING_RATE,0.0000;3.0000,True,0.7606912963092318,1.5909194005334126,25.065653067518312,3,4.837447166442871
135,11.494667291641235,1770681730.4946673,breathing_no_rate,,AppState.ESTIMATE_BREATHING_RATE,0.0000;3.0000,True,0.6405821442604057,1.5537835041415353,25.071878851479173,2,4.837447166442871
136,11.537486791610718,1770681730.5374868,breathing_no_rate,,AppState.ESTIMATE_BREATHING_RATE,0.0000;3.0000,True,0.6405821442604057,1.517667829000096,25.09339596390661,2,4.837447166442871
137,11.590469121932983,1770681730.5904691,breathing_no_rate,,AppState.ESTIMATE_BREATHING_RATE,0.0000;3.0000,True,0.6405821442604057,1.4888371653549854,25.110960366112636,2,4.837447166442871
138,11.643349647521973,1770681730.6433496,breathing_no_rate,,AppState.ESTIMATE_BREATHING_RATE,0.0000;3.0000,True,0.6405821442604057,1.461345833053973,25.125800562862644,2,4.837447166442871
139,11.696431398391724,1770681730.6964314,breathing_no_rate,,AppState.ESTIMATE_BREATHING_RATE,0.0000;3.0000,True,0.6405821442604057,1.4434730584477602,25.13863696161582,2,4.837447166442871
140,11.739074230194092,1770681730.7390742,breathing_no_rate,,AppState.ESTIMATE_BREATHING_RATE,0.0000;3.0000,True,0.6405821442604057,1.424916741354946,25.127209247116564,2,4.837447166442871
141,11.79227352142334,1770681730.7922735,breathing_no_rate,,AppState.ESTIMATE_BREATHING_RATE,0.0000;3.0000,True,0.6405821442604057,1.4219092228364165,25.097616279904848,2,4.837447166442871
142,11.845300912857056,1770681730.845301,breathing_no_rate,,AppState.ESTIMATE_BREATHING_RATE,0.0000;3.0000,True,0.6405821442604057,1.4229424214765563,25.052843400610453,2,4.837447166442871
143,11.888329982757568,1770681730.88833,breathing_no_rate,,AppState.ESTIMATE_BREATHING_RATE,0.0000;3.0000,True,0.6405821442604057,1.438442724573379,24.999893177578883,2,4.837447166442871
144,11.942232608795166,1770681730.9422326,breathing_no_rate,,AppState.ESTIMATE_BREATHING_RATE,0.0000;3.0000,True,0.6405821442604057,1.453513167043843,24.957262292610718,2,4.837447166442871
145,11.99547553062439,1770681730.9954755,breathing_no_rate,,AppState.ESTIMATE_BREATHING_RATE,0.0000;3.0000,True,0.6405821442604057,1.4748628597839282,24.926384695623852,2,4.837447166442871
146,12.056193351745605,1770681731.0561934,breathing_no_rate,,AppState.ESTIMATE_BREATHING_RATE,0.0000;3.0000,True,0.6405821442604057,1.501925046228203,24.898359375506317,2,4.837447166442871
147,12.089287757873535,1770681731.0892878,breathing_no_rate,,AppState.ESTIMATE_BREATHING_RATE,0.0000;3.0000,True,0.6405821442604057,1.5172354707652236,24.863155466441903,2,4.837447166442871
148,12.142389059066772,1770681731.142389,breathing_no_rate,,AppState.ESTIMATE_BREATHING_RATE,0.0000;3.0000,True,0.6405821442604057,1.5272349420940723,24.80851960688459,2,4.837447166442871
149,12.19571042060852,1770681731.1957104,breathing_no_rate,,AppState.ESTIMATE_BREATHING_RATE,0.0000;3.0000,True,0.6405821442604057,1.5222874370309878,24.75437716008796,2,4.837447166442871
150,12.23870849609375,1770681731.2387085,breathing_no_rate,,AppState.ESTIMATE_BREATHING_RATE,0.0000;3.0000,True,0.6405821442604057,1.5040169013781934,24.707682204711563,2,4.837447166442871
151,12.29174280166626,1770681731.2917428,breathing_no_rate,,AppState.ESTIMATE_BREATHING_RATE,0.0000;3.0000,True,0.7606912963092318,1.4869234623791385,24.656181560421032,3,4.837447166442871
152,12.344699382781982,1770681731.3446994,breathing_no_rate,,AppState.ESTIMATE_BREATHING_RATE,0.0000;3.0000,True,0.7606912963092318,1.4679975471175648,24.59253497770771,3,4.837447166442871
153,12.38754653930664,1770681731.3875465,breathing_no_rate,,AppState.ESTIMATE_BREATHING_RATE,0.0000;3.0000,True,0.6405821442604057,1.4908954630995337,24.53029178264313,2,4.837447166442871
154,12.440459251403809,1770681731.4404593,breathing_no_rate,,AppState.ESTIMATE_BREATHING_RATE,0.0000;3.0000,True,0.7606912963092318,1.4991995933913553,24.466286034402,3,4.837447166442871
155,12.493515491485596,1770681731.4935155,breathing_no_rate,,AppState.ESTIMATE_BREATHING_RATE,0.0000;3.0000,True,0.6405821442604057,1.5136912400873097,24.398576183832525,2,4.837447166442871
156,12.546400547027588,1770681731.5464005,breathing_no_rate,,AppState.ESTIMATE_BREATHING_RATE,0.0000;3.0000,True,0.7606912963092318,1.5445297331165053,24.338935857072133,3,4.837447166442871
157,12.589228391647339,1770681731.5892284,breathing_no_rate,,AppState.ESTIMATE_BREATHING_RATE,0.0000;3.0000,True,0.6405821442604057,1.5574634885370178,24.288857959550718,2,4.837447166442871
158,12.64207124710083,1770681731.6420712,breathing_no_rate,,AppState.ESTIMATE_BREATHING_RATE,0.0000;3.0000,True,0.6405821442604057,1.5635123684143322,24.233983824403175,2,4.837447166442871
159,12.69508957862854,1770681731.6950896,breathing_no_rate,,AppState.ESTIMATE_BREATHING_RATE,0.0000;3.0000,True,0.6405821442604057,1.5470272314184703,24.207365225291877,2,4.837447166442871
160,12.742396831512451,1770681731.7423968,breathing_no_rate,,AppState.ESTIMATE_BREATHING_RATE,0.0000;3.0000,True,0.6405821442604057,1.5237433102761677,24.19625433184251,2,4.837447166442871
161,12.795546531677246,1770681731.7955465,breathing_no_rate,,AppState.ESTIMATE_BREATHING_RATE,0.0000;3.0000,True,0.6405821442604057,1.4898908201007195,24.19415159637022,2,4.837447166442871
162,12.838547468185425,1770681731.8385475,breathing_no_rate,,AppState.ESTIMATE_BREATHING_RATE,0.0000;3.0000,True,0.6405821442604057,1.4545018644053265,24.181923093574305,2,4.837447166442871
163,12.891951560974121,1770681731.8919516,breathing_no_rate,,AppState.ESTIMATE_BREATHING_RATE,0.0000;3.0000,True,0.40036384016275356,1.4280339653688077,24.152944483895006,0,4.837447166442871
164,12.945146322250366,1770681731.9451463,breathing_no_rate,,AppState.ESTIMATE_BREATHING_RATE,0.0000;3.0000,True,0.40036384016275356,1.405450608459548,24.114179282722038,0,4.837447166442871
165,12.988068342208862,1770681731.9880683,breathing_no_rate,,AppState.ESTIMATE_BREATHING_RATE,0.0000;3.0000,True,0.40036384016275356,1.3841720469691607,24.064763770831004,0,4.837447166442871
166,13.04104208946228,1770681732.041042,breathing_no_rate,,AppState.ESTIMATE_BREATHING_RATE,0.0000;3.0000,True,0.40036384016275356,1.357949457807731,24.0047099577239,0,4.837447166442871
167,13.112169742584229,1770681732.1121697,breathing_no_rate,,AppState.ESTIMATE_BREATHING_RATE,0.0000;3.0000,True,0.40036384016275356,1.3428734345750035,23.93999067511324,0,4.837447166442871
168,13.145348072052002,1770681732.145348,breathing_no_rate,,AppState.ESTIMATE_BREATHING_RATE,0.0000;3.0000,True,0.40036384016275356,1.3500990759683107,23.88339524569462,0,4.837447166442871
169,13.18843936920166,1770681732.1884394,breathing_no_rate,,AppState.ESTIMATE_BREATHING_RATE,0.0000;3.0000,True,0.40036384016275356,1.3596257315415525,23.83884319121395,0,4.837447166442871
170,13.241543531417847,1770681732.2415435,breathing_no_rate,,AppState.ESTIMATE_BREATHING_RATE,0.0000;3.0000,True,0.40036384016275356,1.3659484635154902,23.803892020972913,0,4.837447166442871
171,13.294638872146606,1770681732.2946389,breathing_no_rate,,AppState.ESTIMATE_BREATHING_RATE,0.0000;3.0000,True,0.40036384016275356,1.3777557382987378,23.77321240709381,0,4.837447166442871
172,13.337522268295288,1770681732.3375223,breathing_no_rate,,AppState.ESTIMATE_BREATHING_RATE,0.0000;3.0000,True,0.40036384016275356,1.4040560435454807,23.73792132273598,0,4.837447166442871
173,13.390429019927979,1770681732.390429,breathing_no_rate,,AppState.ESTIMATE_BREATHING_RATE,0.0000;3.0000,True,0.7606912963092318,1.4259573426795071,23.707490093094535,3,4.837447166442871
174,13.4433434009552,1770681732.4433434,breathing_no_rate,,AppState.ESTIMATE_BREATHING_RATE,0.0000;3.0000,True,0.7606912963092318,1.4496519731653033,23.68215545130481,3,4.837447166442871
175,13.496305227279663,1770681732.4963052,breathing_no_rate,,AppState.ESTIMATE_BREATHING_RATE,0.0000;3.0000,True,0.7606912963092318,1.478455818342958,23.66127318845663,3,4.837447166442871
176,13.539068222045898,1770681732.5390682,breathing_no_rate,,AppState.ESTIMATE_BREATHING_RATE,0.0000;3.0000,True,0.7606912963092318,1.5120433320032005,23.643972332459622,3,4.837447166442871
177,13.592058658599854,1770681732.5920587,breathing_no_rate,,AppState.ESTIMATE_BREATHING_RATE,0.0000;3.0000,True,0.7606912963092318,1.5512493752956118,23.63089349869222,3,4.837447166442871
178,13.64492130279541,1770681732.6449213,breathing_no_rate,,AppState.ESTIMATE_BREATHING_RATE,0.0000;3.0000,True,0.7606912963092318,1.5882050893514725,23.616585335877,3,4.837447166442871
179,13.68796443939209,1770681732.6879644,breathing_no_rate,,AppState.ESTIMATE_BREATHING_RATE,0.0000;3.0000,True,0.7606912963092318,1.629665092646214,23.59527431526663,3,4.837447166442871
180,13.746439456939697,1770681732.7464395,breathing_no_rate,,AppState.ESTIMATE_BREATHING_RATE,0.0000;3.0000,True,0.7606912963092318,1.6538946227155613,23.56327589425224,3,4.837447166442871
181,13.789469718933105,1770681732.7894697,breathing_no_rate,,AppState.ESTIMATE_BREATHING_RATE,0.0000;3.0000,True,0.7606912963092318,1.6630366144262996,23.51518625916909,3,4.837447166442871
182,13.842596530914307,1770681732.8425965,breathing_no_rate,,AppState.ESTIMATE_BREATHING_RATE,0.0000;3.0000,True,0.7606912963092318,1.653885259299977,23.454265420514954,3,4.837447166442871
183,13.895723581314087,1770681732.8957236,breathing_no_rate,,AppState.ESTIMATE_BREATHING_RATE,0.0000;3.0000,True,0.7606912963092318,1.6324484539063908,23.39103346353324,3,4.837447166442871
184,13.938718795776367,1770681732.9387188,breathing_no_rate,,AppState.ESTIMATE_BREATHING_RATE,0.0000;3.0000,True,0.7606912963092318,1.6076245850143136,23.32652318062261,3,4.837447166442871
185,13.991719007492065,1770681732.991719,breathing_no_rate,,AppState.ESTIMATE_BREATHING_RATE,0.0000;3.0000,True,0.7606912963092318,1.5893532063526767,23.261679579599228,3,4.837447166442871
186,14.044645547866821,1770681733.0446455,breathing_no_rate,,AppState.ESTIMATE_BREATHING_RATE,0.0000;3.0000,True,0.7606912963092318,1.5671030347950716,23.20166422374978,3,4.837447166442871
187,14.0875723361969,1770681733.0875723,breathing_no_rate,,AppState.ESTIMATE_BREATHING_RATE,0.0000;3.0000,True,0.7606912963092318,1.5400318580258017,23.157471549774147,3,4.837447166442871
188,14.159010648727417,1770681733.1590106,breathing_no_rate,,AppState.ESTIMATE_BREATHING_RATE,0.0000;3.0000,True,0.7606912963092318,1.5065023041284984,23.130805294023265,3,4.837447166442871
189,14.192575931549072,1770681733.192576,breathing_no_rate,,AppState.ESTIMATE_BREATHING_RATE,0.0000;3.0000,True,0.7606912963092318,1.4629609936611332,23.110025672380203,3,4.837447166442871
190,14.245714902877808,1770681733.245715,breathing_no_rate,,AppState.ESTIMATE_BREATHING_RATE,0.0000;3.0000,True,0.7606912963092318,1.427672635679998,23.087789593483393,3,4.837447166442871
191,14.288764476776123,1770681733.2887645,breathing_no_rate,,AppState.ESTIMATE_BREATHING_RATE,0.0000;3.0000,True,0.7606912963092318,1.3958653328367183,23.061355182931376,3,4.837447166442871
192,14.341913938522339,1770681733.341914,breathing_no_rate,,AppState.ESTIMATE_BREATHING_RATE,0.0000;3.0000,True,0.7606912963092318,1.373486028338811,23.029653906310717,3,4.837447166442871
193,14.394872426986694,1770681733.3948724,breathing_no_rate,,AppState.ESTIMATE_BREATHING_RATE,0.0000;3.0000,True,0.7606912963092318,1.3527733762100922,22.995845566136087,3,4.837447166442871
194,14.437670230865479,1770681733.4376702,breathing_no_rate,,AppState.ESTIMATE_BREATHING_RATE,0.0000;3.0000,True,0.7606912963092318,1.325506159914013,22.970686257707342,3,4.837447166442871
195,14.490669965744019,1770681733.49067,breathing_no_rate,,AppState.ESTIMATE_BREATHING_RATE,0.0000;3.0000,True,0.7606912963092318,1.2982301361418354,22.964193151757502,3,4.837447166442871
196,14.543676376342773,1770681733.5436764,breathing_no_rate,,AppState.ESTIMATE_BREATHING_RATE,0.0000;3.0000,True,0.7606912963092318,1.2765055287010068,22.984462022142292,3,4.837447166442871
197,14.596585988998413,1770681733.596586,breathing_no_rate,,AppState.ESTIMATE_BREATHING_RATE,0.0000;3.0000,True,0.7606912963092318,1.2554179374615748,23.016942226540817,3,4.837447166442871
198,14.639346599578857,1770681733.6393466,breathing_no_rate,,AppState.ESTIMATE_BREATHING_RATE,0.0000;3.0000,True,0.7606912963092318,1.2365294102339626,23.048673632110095,3,4.837447166442871
199,14.692474603652954,1770681733.6924746,breathing_no_rate,,AppState.ESTIMATE_BREATHING_RATE,0.0000;3.0000,True,0.7606912963092318,1.2241572642823448,23.07895595597579,3,4.837447166442871
200,14.742547512054443,1770681733.7425475,breathing_no_rate,,AppState.ESTIMATE_BREATHING_RATE,0.0000;3.0000,True,0.7606912963092318,1.2141973516498987,23.111669411872192,3,4.837447166442871
201,14.795638084411621,1770681733.795638,breathing_no_rate,,AppState.ESTIMATE_BREATHING_RATE,0.0000;3.0000,True,0.7606912963092318,1.2110084495855453,23.143281550372908,3,4.837447166442871
202,14.838597297668457,1770681733.8385973,breathing_no_rate,,AppState.ESTIMATE_BREATHING_RATE,0.0000;3.0000,True,0.7606912963092318,1.2054800745090521,23.167957492432308,3,4.837447166442871
203,14.89168667793274,1770681733.8916867,breathing_no_rate,,AppState.ESTIMATE_BREATHING_RATE,0.0000;3.0000,True,0.7606912963092318,1.208682902353538,23.190066318618197,3,4.837447166442871
204,14.944822549819946,1770681733.9448225,breathing_no_rate,,AppState.ESTIMATE_BREATHING_RATE,0.0000;3.0000,True,0.7606912963092318,1.2081512437811694,23.221122283318568,3,4.837447166442871
205,14.987827777862549,1770681733.9878278,breathing_no_rate,,AppState.ESTIMATE_BREATHING_RATE,0.0000;3.0000,True,0.7606912963092318,1.2013253375305704,23.247487598267455,3,4.837447166442871
206,15.04087209701538,1770681734.040872,breathing_no_rate,,AppState.ESTIMATE_BREATHING_RATE,0.0000;3.0000,True,0.7606912963092318,1.193577529716108,23.25935132485696,3,4.837447166442871
207,15.093822240829468,1770681734.0938222,breathing_no_rate,,AppState.ESTIMATE_BREATHING_RATE,0.0000;3.0000,True,0.7606912963092318,1.1851611683417749,23.25559801566588,3,4.837447166442871
208,15.146745204925537,1770681734.1467452,breathing_no_rate,,AppState.ESTIMATE_BREATHING_RATE,0.0000;3.0000,True,0.7606912963092318,1.1734507297795151,23.231071829160136,3,4.837447166442871
209,15.208659887313843,1770681734.20866,breathing_no_rate,,AppState.ESTIMATE_BREATHING_RATE,0.0000;3.0000,True,0.7606912963092318,1.1624774905615913,23.192912011045028,3,4.837447166442871
210,15.241725206375122,1770681734.2417252,breathing_no_rate,,AppState.ESTIMATE_BREATHING_RATE,0.0000;3.0000,True,0.7606912963092318,1.1517582559597783,23.145064898678825,3,4.837447166442871
211,15.294845342636108,1770681734.2948453,breathing_no_rate,,AppState.ESTIMATE_BREATHING_RATE,0.0000;3.0000,True,0.7606912963092318,1.1419843346643812,23.098105793503137,3,4.837447166442871
212,15.337862253189087,1770681734.3378623,breathing_no_rate,,AppState.ESTIMATE_BREATHING_RATE,0.0000;3.0000,True,0.7606912963092318,1.1348723327633723,23.073367819571594,3,4.837447166442871
213,15.390945434570312,1770681734.3909454,breathing_no_rate,,AppState.ESTIMATE_BREATHING_RATE,0.0000;3.0000,True,0.7606912963092318,1.1476655514767435,23.07405845015163,3,4.837447166442871
214,15.443925142288208,1770681734.4439251,breathing_no_rate,,AppState.ESTIMATE_BREATHING_RATE,0.0000;3.0000,True,0.7606912963092318,1.1653033577519385,23.082086159385195,3,4.837447166442871
215,15.497037410736084,1770681734.4970374,breathing_no_rate,,AppState.ESTIMATE_BREATHING_RATE,0.0000;3.0000,True,0.7606912963092318,1.198298293783336,23.11541691157746,3,4.837447166442871
216,15.539923906326294,1770681734.539924,breathing_no_rate,,AppState.ESTIMATE_BREATHING_RATE,0.0000;3.0000,True,0.7606912963092318,1.2323561986308338,23.134831101734587,3,4.837447166442871
217,15.59286642074585,1770681734.5928664,breathing_no_rate,,AppState.ESTIMATE_BREATHING_RATE,0.0000;3.0000,True,0.7606912963092318,1.2908272087459363,23.150079334958672,3,4.837447166442871
218,15.645777225494385,1770681734.6457772,breathing_no_rate,,AppState.ESTIMATE_BREATHING_RATE,0.0000;3.0000,True,0.7606912963092318,1.336483757833764,23.156564295813798,3,4.837447166442871
219,15.688833236694336,1770681734.6888332,breathing_no_rate,,AppState.ESTIMATE_BREATHING_RATE,0.0000;3.0000,True,0.7606912963092318,1.3625976280763403,23.161834548043608,3,4.837447166442871
220,15.746120691299438,1770681734.7461207,breathing_no_rate,,AppState.ESTIMATE_BREATHING_RATE,0.0000;3.0000,True,0.7606912963092318,1.3684668347385927,23.15601704286253,3,4.837447166442871
221,15.789122819900513,1770681734.7891228,breathing_no_rate,,AppState.ESTIMATE_BREATHING_RATE,0.0000;3.0000,True,0.7606912963092318,1.3528991659101521,23.14058423005826,3,4.837447166442871
222,15.84312129020691,1770681734.8431213,breathing_no_rate,,AppState.ESTIMATE_BREATHING_RATE,0.0000;3.0000,True,0.6405821442604057,1.328645014126163,23.110731105833402,2,4.837447166442871
223,15.89671802520752,1770681734.896718,breathing_no_rate,,AppState.ESTIMATE_BREATHING_RATE,0.0000;3.0000,True,0.6405821442604057,1.2986556973983003,23.0990482268858,2,4.837447166442871
224,15.942084074020386,1770681734.942084,breathing_no_rate,,AppState.ESTIMATE_BREATHING_RATE,0.0000;3.0000,True,0.6405821442604057,1.265839521027529,23.108286757705194,2,4.837447166442871
225,15.997562408447266,1770681734.9975624,breathing_no_rate,,AppState.ESTIMATE_BREATHING_RATE,0.0000;3.0000,True,0.6405821442604057,1.2413372908341864,23.10388698521478,2,4.837447166442871
226,16.042804718017578,1770681735.0428047,breathing_no_rate,,AppState.ESTIMATE_BREATHING_RATE,0.0000;3.0000,True,0.6405821442604057,1.2191926635046741,23.086328860209044,2,4.837447166442871
227,16.098264932632446,1770681735.098265,breathing_no_rate,,AppState.ESTIMATE_BREATHING_RATE,0.0000;3.0000,True,0.6405821442604057,1.2045154620409542,23.063974393499226,2,4.837447166442871
228,16.143561363220215,1770681735.1435614,breathing_no_rate,,AppState.ESTIMATE_BREATHING_RATE,0.0000;3.0000,True,0.6405821442604057,1.1859657514352997,23.058494385094587,2,4.837447166442871
229,16.198940992355347,1770681735.198941,breathing_no_rate,,AppState.ESTIMATE_BREATHING_RATE,0.0000;3.0000,True,0.6405821442604057,1.1745976491582137,23.05148349448936,2,4.837447166442871
230,16.28177261352539,1770681735.2817726,breathing_no_rate,,AppState.ESTIMATE_BREATHING_RATE,0.0000;3.0000,True,0.6405821442604057,1.1834561510789652,23.049439632715757,2,4.837447166442871
231,16.29721212387085,1770681735.2972121,breathing_no_rate,,AppState.ESTIMATE_BREATHING_RATE,0.0000;3.0000,True,0.6405821442604057,1.193932393765449,23.043441422748078,2,4.837447166442871
232,16.341604709625244,1770681735.3416047,breathing_no_rate,,AppState.ESTIMATE_BREATHING_RATE,0.0000;3.0000,True,0.6405821442604057,1.1916060665796657,23.020290249763026,2,4.837447166442871
233,16.395777225494385,1770681735.3957772,breathing_no_rate,,AppState.ESTIMATE_BREATHING_RATE,0.0000;3.0000,True,0.6405821442604057,1.1940272946818768,23.00209505362372,2,4.837447166442871
234,16.44125747680664,1770681735.4412575,breathing_no_rate,,AppState.ESTIMATE_BREATHING_RATE,0.0000;3.0000,True,0.6405821442604057,1.186665113447525,22.978805139089307,2,4.837447166442871
235,16.496817350387573,1770681735.4968174,breathing_no_rate,,AppState.ESTIMATE_BREATHING_RATE,0.0000;3.0000,True,0.6405821442604057,1.167925284235807,22.949770766229115,2,4.837447166442871
236,16.542190313339233,1770681735.5421903,breathing_no_rate,,AppState.ESTIMATE_BREATHING_RATE,0.0000;3.0000,True,0.6405821442604057,1.1420021815300374,22.92817425377644,2,4.837447166442871
237,16.597564458847046,1770681735.5975645,breathing_no_rate,,AppState.ESTIMATE_BREATHING_RATE,0.0000;3.0000,True,0.6405821442604057,1.1195775431153026,22.900748436342475,2,4.837447166442871
238,16.64278817176819,1770681735.6427882,breathing_no_rate,,AppState.ESTIMATE_BREATHING_RATE,0.0000;3.0000,True,0.6405821442604057,1.0991817360475302,22.862295627203533,2,4.837447166442871
239,16.698843479156494,1770681735.6988435,breathing_no_rate,,AppState.ESTIMATE_BREATHING_RATE,0.0000;3.0000,True,0.6405821442604057,1.0784133547093628,22.81471227657398,2,4.837447166442871
240,16.747793912887573,1770681735.747794,breathing_no_rate,,AppState.ESTIMATE_BREATHING_RATE,0.0000;3.0000,True,0.6405821442604057,1.0571344937185685,22.761436072203715,2,4.837447166442871
241,16.79323935508728,1770681735.7932394,breathing_no_rate,,AppState.ESTIMATE_BREATHING_RATE,0.0000;3.0000,True,0.6405821442604057,1.0388228641394148,22.692555166657563,2,4.837447166442871
242,16.849191188812256,1770681735.8491912,breathing_no_rate,,AppState.ESTIMATE_BREATHING_RATE,0.0000;3.0000,True,0.6405821442604057,1.0378483354634134,22.630047494521627,2,4.837447166442871
243,16.896966218948364,1770681735.8969662,breathing_no_rate,,AppState.ESTIMATE_BREATHING_RATE,0.0000;3.0000,True,0.7606912963092318,1.0522714110907858,22.583130690075606,3,4.837447166442871
244,16.942856788635254,1770681735.9428568,breathing_no_rate,,AppState.ESTIMATE_BREATHING_RATE,0.0000;3.0000,True,0.7606912963092318,1.0797548036375881,22.54894004299609,3,4.837447166442871
245,16.99772834777832,1770681735.9977283,breathing_no_rate,,AppState.ESTIMATE_BREATHING_RATE,0.0000;3.0000,True,0.7606912963092318,1.1145425860712674,22.519987285353434,3,4.837447166442871
246,17.042972087860107,1770681736.042972,breathing_no_rate,,AppState.ESTIMATE_BREATHING_RATE,0.0000;3.0000,True,0.7606912963092318,1.142234611501865,22.48943601811145,3,4.837447166442871
247,17.09850025177002,1770681736.0985003,breathing_no_rate,,AppState.ESTIMATE_BREATHING_RATE,0.0000;3.0000,True,0.7606912963092318,1.171449685674541,22.447160932633864,3,4.837447166442871
248,17.14373278617859,1770681736.1437328,breathing_no_rate,,AppState.ESTIMATE_BREATHING_RATE,0.0000;3.0000,True,0.7606912963092318,1.1882261008249424,22.39064929168031,3,4.837447166442871
249,17.199284315109253,1770681736.1992843,breathing_no_rate,,AppState.ESTIMATE_BREATHING_RATE,0.0000;3.0000,True,0.7606912963092318,1.1946501611064784,22.321192062431535,3,4.837447166442871
250,17.244467973709106,1770681736.244468,breathing_no_rate,,AppState.ESTIMATE_BREATHING_RATE,0.0000;3.0000,True,0.7606912963092318,1.2083703210643535,22.238388888601524,3,4.837447166442871
251,17.327821731567383,1770681736.3278217,breathing_no_rate,,AppState.ESTIMATE_BREATHING_RATE,0.0000;3.0000,True,0.6405821442604057,1.2132801253616956,22.15174230636012,2,4.837447166442871
252,17.341778993606567,1770681736.341779,breathing_no_rate,,AppState.ESTIMATE_BREATHING_RATE,0.0000;3.0000,True,0.6405821442604057,1.2169960939404119,22.070425111344115,2,4.837447166442871
253,17.396164655685425,1770681736.3961647,breathing_no_rate,,AppState.ESTIMATE_BREATHING_RATE,0.0000;3.0000,True,0.6405821442604057,1.215448697833653,21.99438865635563,2,4.837447166442871
254,17.441638946533203,1770681736.441639,breathing_no_rate,,AppState.ESTIMATE_BREATHING_RATE,0.0000;3.0000,True,0.6405821442604057,1.2034009224822888,21.9248936325745,2,4.837447166442871
255,17.497233390808105,1770681736.4972334,breathing_no_rate,,AppState.ESTIMATE_BREATHING_RATE,0.0000;3.0000,True,0.6405821442604057,1.1850389203682563,21.864339261018195,2,4.837447166442871
256,17.54259157180786,1770681736.5425916,breathing_no_rate,,AppState.ESTIMATE_BREATHING_RATE,0.0000;3.0000,True,0.6405821442604057,1.1657130962617233,21.80911050913745,2,4.837447166442871
257,17.597997426986694,1770681736.5979974,breathing_no_rate,,AppState.ESTIMATE_BREATHING_RATE,0.0000;3.0000,True,0.6405821442604057,1.149460296583771,21.758699878680414,2,4.837447166442871
258,17.64310359954834,1770681736.6431036,breathing_no_rate,,AppState.ESTIMATE_BREATHING_RATE,0.0000;3.0000,True,0.6405821442604057,1.12839728461941,21.710641766579666,2,4.837447166442871
259,17.698750257492065,1770681736.6987503,breathing_no_rate,,AppState.ESTIMATE_BREATHING_RATE,0.0000;3.0000,True,0.6405821442604057,1.1012876735072903,21.66118862518724,2,4.837447166442871
260,17.73991370201111,1770681736.7399137,breathing_no_rate,,AppState.ESTIMATE_BREATHING_RATE,0.0000;3.0000,True,0.6405821442604057,1.0733235202763118,21.613539214677665,2,4.837447166442871
261,17.79559087753296,1770681736.7955909,breathing_no_rate,,AppState.ESTIMATE_BREATHING_RATE,0.0000;3.0000,True,0.7606912963092318,1.0487752538778978,21.569053072032467,3,4.837447166442871
262,17.841119050979614,1770681736.841119,breathing_no_rate,,AppState.ESTIMATE_BREATHING_RATE,0.0000;3.0000,True,0.7606912963092318,1.04200354798764,21.515878143422707,3,4.837447166442871
263,17.89660620689392,1770681736.8966062,breathing_no_rate,,AppState.ESTIMATE_BREATHING_RATE,0.0000;3.0000,True,0.7606912963092318,1.0470573023103675,21.45301883844692,3,4.837447166442871
264,17.942108631134033,1770681736.9421086,breathing_no_rate,,AppState.ESTIMATE_BREATHING_RATE,0.0000;3.0000,True,0.6405821442604057,1.0680460700674057,21.39214354399186,2,4.837447166442871
265,17.997483253479004,1770681736.9974833,breathing_no_rate,,AppState.ESTIMATE_BREATHING_RATE,0.0000;3.0000,True,0.6405821442604057,1.0896660879383155,21.332558896147486,2,4.837447166442871
266,18.04279613494873,1770681737.0427961,breathing_no_rate,,AppState.ESTIMATE_BREATHING_RATE,0.0000;3.0000,True,0.6405821442604057,1.1118275771521975,21.262725774698122,2,4.837447166442871
267,18.098212003707886,1770681737.098212,breathing_no_rate,,AppState.ESTIMATE_BREATHING_RATE,0.0000;3.0000,True,0.6405821442604057,1.132465909054086,21.182182941091277,2,4.837447166442871
268,18.14356827735901,1770681737.1435683,breathing_no_rate,,AppState.ESTIMATE_BREATHING_RATE,0.0000;3.0000,True,0.7606912963092318,1.1368756892036298,21.096004297875368,3,4.837447166442871
269,18.19888138771057,1770681737.1988814,breathing_no_rate,,AppState.ESTIMATE_BREATHING_RATE,0.0000;3.0000,True,0.7606912963092318,1.1349781771906822,21.008121977423336,3,4.837447166442871
270,18.244308471679688,1770681737.2443085,breathing_no_rate,,AppState.ESTIMATE_BREATHING_RATE,0.0000;3.0000,True,0.7606912963092318,1.138016139125209,20.90959301596775,3,4.837447166442871
271,18.289587020874023,1770681737.289587,breathing_no_rate,,AppState.ESTIMATE_BREATHING_RATE,0.0000;3.0000,True,0.7606912963092318,1.1407148282251347,20.808055601735905,3,4.837447166442871
272,18.386658906936646,1770681737.386659,breathing_no_rate,,AppState.ESTIMATE_BREATHING_RATE,0.0000;3.0000,True,0.7606912963092318,1.1433167177055565,20.70316182489276,3,4.837447166442871
273,18.40215015411377,1770681737.4021502,breathing_no_rate,,AppState.ESTIMATE_BREATHING_RATE,0.0000;3.0000,True,0.7606912963092318,1.1555432490913027,20.59514904619237,3,4.837447166442871
274,18.446796655654907,1770681737.4467967,breathing_no_rate,,AppState.ESTIMATE_BREATHING_RATE,0.0000;3.0000,True,0.7606912963092318,1.1663161370550474,20.495286586027632,3,4.837447166442871
275,18.489892721176147,1770681737.4898927,breathing_no_rate,,AppState.ESTIMATE_BREATHING_RATE,0.0000;3.0000,True,0.7606912963092318,1.1720073632866752,20.40662313737367,3,4.837447166442871
276,18.543041944503784,1770681737.543042,breathing_no_rate,,AppState.ESTIMATE_BREATHING_RATE,0.0000;3.0000,True,0.7606912963092318,1.1750537644372536,20.32647342447529,3,4.837447166442871
277,18.596099138259888,1770681737.5960991,breathing_no_rate,,AppState.ESTIMATE_BREATHING_RATE,0.0000;3.0000,True,0.7606912963092318,1.178098287030837,20.24994805675701,3,4.837447166442871
278,18.638915538787842,1770681737.6389155,breathing_no_rate,,AppState.ESTIMATE_BREATHING_RATE,0.0000;3.0000,True,0.7606912963092318,1.180914742989302,20.17031086227618,3,4.837447166442871
279,18.692230463027954,1770681737.6922305,breathing_no_rate,,AppState.ESTIMATE_BREATHING_RATE,0.0000;3.0000,True,0.7606912963092318,1.1832006787356415,20.080126780813945,3,4.837447166442871
280,18.745205640792847,1770681737.7452056,breathing_no_rate,,AppState.ESTIMATE_BREATHING_RATE,0.0000;3.0000,True,0.7606912963092318,1.1971076446310573,19.985445110108937,3,4.837447166442871
281,18.788259983062744,1770681737.78826,breathing_no_rate,,AppState.ESTIMATE_BREATHING_RATE,0.0000;3.0000,True,0.7606912963092318,1.2173335252398951,19.888297111026894,3,4.837447166442871
282,18.841384887695312,1770681737.841385,breathing_no_rate,,AppState.ESTIMATE_BREATHING_RATE,0.0000;3.0000,True,0.40036384016275356,1.22368290002889,19.789171520802615,0,4.837447166442871
283,18.894380807876587,1770681737.8943808,breathing_no_rate,,AppState.ESTIMATE_BREATHING_RATE,0.0000;3.0000,True,0.40036384016275356,1.2313092818519262,19.687167922497967,0,4.837447166442871
284,18.937508583068848,1770681737.9375086,breathing_no_rate,,AppState.ESTIMATE_BREATHING_RATE,0.0000;3.0000,True,0.40036384016275356,1.2475647064139852,19.58804346115634,0,4.837447166442871
285,18.99058961868286,1770681737.9905896,breathing_no_rate,,AppState.ESTIMATE_BREATHING_RATE,0.0000;3.0000,True,0.40036384016275356,1.2628087305320417,19.500698941793157,0,4.837447166442871
286,19.043585062026978,1770681738.043585,breathing_no_rate,,AppState.ESTIMATE_BREATHING_RATE,0.0000;3.0000,True,0.5204729922115796,1.2897626894960732,19.430859682014212,1,4.837447166442871
287,19.096561908721924,1770681738.096562,breathing_no_rate,,AppState.ESTIMATE_BREATHING_RATE,0.0000;3.0000,True,0.5204729922115796,1.3305990757394215,19.38124771300371,1,4.837447166442871
288,19.139426708221436,1770681738.1394267,breathing_no_rate,,AppState.ESTIMATE_BREATHING_RATE,0.0000;3.0000,True,0.6405821442604057,1.3731464232189219,19.352936622384373,2,4.837447166442871
289,19.192372798919678,1770681738.1923728,breathing_no_rate,,AppState.ESTIMATE_BREATHING_RATE,0.0000;3.0000,True,0.6405821442604057,1.4077033785549649,19.338154835602296,2,4.837447166442871
290,19.245293617248535,1770681738.2452936,breathing_no_rate,,AppState.ESTIMATE_BREATHING_RATE,0.0000;3.0000,True,0.6405821442604057,1.428196892374731,19.32412085738618,2,4.837447166442871
291,19.288066148757935,1770681738.2880661,breathing_no_rate,,AppState.ESTIMATE_BREATHING_RATE,0.0000;3.0000,True,0.6405821442604057,1.4286097849462571,19.296992359439184,2,4.837447166442871
292,19.34101915359497,1770681738.3410192,breathing_no_rate,,AppState.ESTIMATE_BREATHING_RATE,0.0000;3.0000,True,0.6405821442604057,1.4255856201670691,19.26252469388839,2,4.837447166442871
293,19.410810947418213,1770681738.410811,breathing_no_rate,,AppState.ESTIMATE_BREATHING_RATE,0.0000;3.0000,True,0.6405821442604057,1.4387920010458874,19.231079683611465,2,4.837447166442871
294,19.444002151489258,1770681738.4440022,breathing_no_rate,,AppState.ESTIMATE_BREATHING_RATE,0.0000;3.0000,True,0.6405821442604057,1.4363287837428493,19.205265902287312,2,4.837447166442871
295,19.49709129333496,1770681738.4970913,breathing_no_rate,,AppState.ESTIMATE_BREATHING_RATE,0.0000;3.0000,True,0.6405821442604057,1.4249777842083085,19.18004368433363,2,4.837447166442871
296,19.540013790130615,1770681738.5400138,breathing_no_rate,,AppState.ESTIMATE_BREATHING_RATE,0.0000;3.0000,True,0.6405821442604057,1.3998187657980443,19.151198063579702,2,4.837447166442871
297,19.59318518638611,1770681738.5931852,breathing_no_rate,,AppState.ESTIMATE_BREATHING_RATE,0.0000;3.0000,True,0.5204729922115796,1.3688193823380315,19.123086739546114,1,4.837447166442871
298,19.646220445632935,1770681738.6462204,breathing_no_rate,,AppState.ESTIMATE_BREATHING_RATE,0.0000;3.0000,True,0.5204729922115796,1.3447868410552222,19.102761225796456,1,4.837447166442871
299,19.689274311065674,1770681738.6892743,breathing_no_rate,,AppState.ESTIMATE_BREATHING_RATE,0.0000;3.0000,True,0.5204729922115796,1.3250281350095485,19.08910303097384,1,4.837447166442871
300,19.74640130996704,1770681738.7464013,breathing_no_rate,,AppState.ESTIMATE_BREATHING_RATE,0.0000;3.0000,True,0.6405821442604057,1.298317446379408,19.079860580768585,2,4.837447166442871
301,19.789351224899292,1770681738.7893512,breathing_no_rate,,AppState.ESTIMATE_BREATHING_RATE,0.0000;3.0000,True,0.6405821442604057,1.2699502945078882,19.069407286674128,2,4.837447166442871
302,19.842429399490356,1770681738.8424294,breathing_no_rate,,AppState.ESTIMATE_BREATHING_RATE,0.0000;3.0000,True,0.6405821442604057,1.2501204391291934,19.055799588539564,2,4.837447166442871
303,19.895901918411255,1770681738.895902,breathing_no_rate,,AppState.ESTIMATE_BREATHING_RATE,0.0000;3.0000,True,0.6405821442604057,1.2234287799728236,19.037485793996332,2,4.837447166442871
304,19.93889570236206,1770681738.9388957,breathing_no_rate,,AppState.ESTIMATE_BREATHING_RATE,0.0000;3.0000,True,0.6405821442604057,1.2026187025950374,19.014614021358003,2,4.837447166442871
305,19.99191927909851,1770681738.9919193,breathing_no_rate,,AppState.ESTIMATE_BREATHING_RATE,0.0000;3.0000,True,0.5204729922115796,1.1813308554846818,18.98569430680688,1,4.837447166442871
306,20.044935941696167,1770681739.044936,breathing_no_rate,,AppState.ESTIMATE_BREATHING_RATE,0.0000;3.0000,True,0.5204729922115796,1.1646522532821013,18.950232453143318,1,4.837447166442871
307,20.08777952194214,1770681739.0877795,breathing_no_rate,,AppState.ESTIMATE_BREATHING_RATE,0.0000;3.0000,True,0.5204729922115796,1.1542623460671246,18.909073109835965,1,4.837447166442871
308,20.140774250030518,1770681739.1407743,breathing_no_rate,,AppState.ESTIMATE_BREATHING_RATE,0.0000;3.0000,True,0.5204729922115796,1.1404145477600434,18.868113257612116,1,4.837447166442871
309,20.193630695343018,1770681739.1936307,breathing_no_rate,,AppState.ESTIMATE_BREATHING_RATE,0.0000;3.0000,True,0.5204729922115796,1.1262136777490839,18.83026926545488,1,4.837447166442871
310,20.246501684188843,1770681739.2465017,breathing_no_rate,,AppState.ESTIMATE_BREATHING_RATE,0.0000;3.0000,True,0.40036384016275356,1.12185559942669,18.7981734402305,0,4.837447166442871
311,20.289290189743042,1770681739.2892902,breathing_no_rate,,AppState.ESTIMATE_BREATHING_RATE,0.0000;3.0000,True,0.40036384016275356,1.1157359182418565,18.771377823368994,0,4.837447166442871
312,20.34224009513855,1770681739.34224,breathing_no_rate,,AppState.ESTIMATE_BREATHING_RATE,0.0000;3.0000,True,0.40036384016275356,1.1002651838600142,18.748529450691787,0,4.837447166442871
313,20.395084142684937,1770681739.3950841,breathing_no_rate,,AppState.ESTIMATE_BREATHING_RATE,0.0000;3.0000,True,0.40036384016275356,1.0853585034304398,18.729018421691606,0,4.837447166442871
314,20.45511794090271,1770681739.455118,breathing_no_rate,,AppState.ESTIMATE_BREATHING_RATE,0.0000;3.0000,True,0.40036384016275356,1.080916982582593,18.71468726321284,0,4.837447166442871
315,20.48836898803711,1770681739.488369,breathing_no_rate,,AppState.ESTIMATE_BREATHING_RATE,0.0000;3.0000,True,0.40036384016275356,1.0724646494271721,18.706962827198684,0,4.837447166442871
316,20.541611671447754,1770681739.5416117,breathing_no_rate,,AppState.ESTIMATE_BREATHING_RATE,0.0000;3.0000,True,0.40036384016275356,1.056940663684691,18.70372147864252,0,4.837447166442871
317,20.594661474227905,1770681739.5946615,breathing_no_rate,,AppState.ESTIMATE_BREATHING_RATE,0.0000;3.0000,True,0.40036384016275356,1.0476656988121844,18.706103948910886,0,4.837447166442871
318,20.637507915496826,1770681739.637508,breathing_no_rate,,AppState.ESTIMATE_BREATHING_RATE,0.0000;3.0000,True,0.40036384016275356,1.044020686592927,18.703681559285066,0,4.837447166442871
319,20.690572500228882,1770681739.6905725,breathing_no_rate,,AppState.ESTIMATE_BREATHING_RATE,0.0000;3.0000,True,0.40036384016275356,1.0477507909812727,18.68879629002716,0,4.837447166442871
320,20.742194175720215,1770681739.7421942,breathing_no_rate,,AppState.ESTIMATE_BREATHING_RATE,0.0000;3.0000,True,0.40036384016275356,1.0630110780306832,18.662575508793545,0,4.837447166442871
321,20.795320510864258,1770681739.7953205,breathing_no_rate,,AppState.ESTIMATE_BREATHING_RATE,0.0000;3.0000,True,0.40036384016275356,1.0783123972667161,18.63336204745762,0,4.837447166442871
322,20.839590072631836,1770681739.83959,breathing_no_rate,,AppState.ESTIMATE_BREATHING_RATE,0.0000;3.0000,True,0.40036384016275356,1.0928904190361564,18.603027118113147,0,4.837447166442871
323,20.893415689468384,1770681739.8934157,breathing_no_rate,,AppState.ESTIMATE_BREATHING_RATE,0.0000;3.0000,True,0.40036384016275356,1.104461578352144,18.57077583404879,0,4.837447166442871
324,20.946627378463745,1770681739.9466274,breathing_no_rate,,AppState.ESTIMATE_BREATHING_RATE,0.0000;3.0000,True,0.40036384016275356,1.112483744830675,18.53604264203748,0,4.837447166442871
325,20.98949146270752,1770681739.9894915,breathing_no_rate,,AppState.ESTIMATE_BREATHING_RATE,0.0000;3.0000,True,0.40036384016275356,1.111713484331529,18.49836034869046,0,4.837447166442871
326,21.04241919517517,1770681740.0424192,breathing_no_rate,,AppState.ESTIMATE_BREATHING_RATE,0.0000;3.0000,True,0.40036384016275356,1.0986387780579814,18.454110978396095,0,4.837447166442871
327,21.095433235168457,1770681740.0954332,breathing_no_rate,,AppState.ESTIMATE_BREATHING_RATE,0.0000;3.0000,True,0.40036384016275356,1.085877847270893,18.397994880060512,0,4.837447166442871
328,21.138290405273438,1770681740.1382904,breathing_no_rate,,AppState.ESTIMATE_BREATHING_RATE,0.0000;3.0000,True,0.40036384016275356,1.0707498427254136,18.339043220687056,0,4.837447166442871
329,21.19118571281433,1770681740.1911857,breathing_no_rate,,AppState.ESTIMATE_BREATHING_RATE,0.0000;3.0000,True,0.40036384016275356,1.052778849223434,18.28400397923747,0,4.837447166442871
330,21.244160413742065,1770681740.2441604,breathing_no_rate,,AppState.ESTIMATE_BREATHING_RATE,0.0000;3.0000,True,0.40036384016275356,1.038361421855334,18.233114923829138,0,4.837447166442871
331,21.29709506034851,1770681740.297095,breathing_no_rate,,AppState.ESTIMATE_BREATHING_RATE,0.0000;3.0000,True,0.40036384016275356,1.0272957077298837,18.18303171813656,0,4.837447166442871
332,21.339945077896118,1770681740.339945,breathing_no_rate,,AppState.ESTIMATE_BREATHING_RATE,0.0000;3.0000,True,0.40036384016275356,1.0181498682771377,18.128882748930188,0,4.837447166442871
333,21.39284610748291,1770681740.392846,breathing_no_rate,,AppState.ESTIMATE_BREATHING_RATE,0.0000;3.0000,True,0.40036384016275356,1.0093272766512735,18.068103220685433,0,4.837447166442871
334,21.445696353912354,1770681740.4456964,breathing_no_rate,,AppState.ESTIMATE_BREATHING_RATE,0.0000;3.0000,True,0.40036384016275356,1.002684583513947,18.002438934732808,0,4.837447166442871
335,21.50616955757141,1770681740.5061696,breathing_no_rate,,AppState.ESTIMATE_BREATHING_RATE,0.0000;3.0000,True,0.40036384016275356,0.9956450936937,17.931044612917564,0,4.837447166442871
336,21.539289951324463,1770681740.53929,breathing_no_rate,,AppState.ESTIMATE_BREATHING_RATE,0.0000;3.0000,True,0.40036384016275356,0.9896887201933735,17.85663358969613,0,4.837447166442871
337,21.592450857162476,1770681740.5924509,breathing_no_rate,,AppState.ESTIMATE_BREATHING_RATE,0.0000;3.0000,True,0.40036384016275356,0.983094404242574,17.78146749062402,0,4.837447166442871
338,21.645668268203735,1770681740.6456683,breathing_no_rate,,AppState.ESTIMATE_BREATHING_RATE,0.0000;3.0000,True,0.40036384016275356,0.9823646007609127,17.704788710877278,0,4.837447166442871
339,21.6887686252594,1770681740.6887686,breathing_no_rate,,AppState.ESTIMATE_BREATHING_RATE,0.0000;3.0000,True,0.40036384016275356,0.9815945402420306,17.627805437813482,0,4.837447166442871
340,21.745527982711792,1770681740.745528,breathing_no_rate,,AppState.ESTIMATE_BREATHING_RATE,0.0000;3.0000,True,0.40036384016275356,0.9849555531449128,17.552858806087933,0,4.837447166442871
341,21.788561820983887,1770681740.7885618,breathing_no_rate,,AppState.ESTIMATE_BREATHING_RATE,0.0000;3.0000,True,0.40036384016275356,0.9903386742764559,17.478119137236707,0,4.837447166442871
342,21.841906785964966,1770681740.8419068,breathing_no_rate,,AppState.ESTIMATE_BREATHING_RATE,0.0000;3.0000,True,0.40036384016275356,0.9939787827232089,17.39954681375347,0,4.837447166442871
343,21.897404193878174,1770681740.8974042,breathing_no_rate,,AppState.ESTIMATE_BREATHING_RATE,0.0000;3.0000,True,0.40036384016275356,0.9989357747492802,17.31987855289888,0,4.837447166442871
344,21.940532684326172,1770681740.9405327,breathing_no_rate,,AppState.ESTIMATE_BREATHING_RATE,0.0000;3.0000,True,0.40036384016275356,1.002234811866492,17.236941532986275,0,4.837447166442871
345,21.993470907211304,1770681740.993471,breathing_no_rate,,AppState.ESTIMATE_BREATHING_RATE,0.0000;3.0000,True,0.40036384016275356,1.0133414014239206,17.146541924899733,0,4.837447166442871
346,22.046408653259277,1770681741.0464087,breathing_no_rate,,AppState.ESTIMATE_BREATHING_RATE,0.0000;3.0000,True,0.40036384016275356,1.037250735510428,17.053066194091475,0,4.837447166442871
347,22.08922505378723,1770681741.089225,breathing_no_rate,,AppState.ESTIMATE_BREATHING_RATE,0.0000;3.0000,True,0.40036384016275356,1.0563839176450065,16.9584702395716,0,4.837447166442871
348,22.142152786254883,1770681741.1421528,breathing_no_rate,,AppState.ESTIMATE_BREATHING_RATE,0.0000;3.0000,True,0.5204729922115796,1.0633537484636262,16.867256984315347,1,4.837447166442871
349,22.195127725601196,1770681741.1951277,breathing_no_rate,,AppState.ESTIMATE_BREATHING_RATE,0.0000;3.0000,True,0.5204729922115796,1.0683418704199366,16.779247494056197,1,4.837447166442871
350,22.237985849380493,1770681741.2379858,breathing_no_rate,,AppState.ESTIMATE_BREATHING_RATE,0.0000;3.0000,True,0.5204729922115796,1.0779498556860774,16.693180073092105,1,4.837447166442871
351,22.290843725204468,1770681741.2908437,breathing_no_rate,,AppState.ESTIMATE_BREATHING_RATE,0.0000;3.0000,True,0.5204729922115796,1.0987032200060158,16.609404266868726,1,4.837447166442871
352,22.343831062316895,1770681741.343831,breathing_no_rate,,AppState.ESTIMATE_BREATHING_RATE,0.0000;3.0000,True,0.5204729922115796,1.1241378138380815,16.529326884030645,1,4.837447166442871
353,22.396707773208618,1770681741.3967078,breathing_no_rate,,AppState.ESTIMATE_BREATHING_RATE,0.0000;3.0000,True,0.6405821442604057,1.155156976858572,16.45442352254563,2,4.837447166442871
354,22.43952178955078,1770681741.4395218,breathing_no_rate,,AppState.ESTIMATE_BREATHING_RATE,0.0000;3.0000,True,0.6405821442604057,1.1746338643952787,16.385185380038084,2,4.837447166442871
355,22.492635250091553,1770681741.4926353,breathing_no_rate,,AppState.ESTIMATE_BREATHING_RATE,0.0000;3.0000,True,0.6405821442604057,1.1868442339889236,16.323127792025176,2,4.837447166442871
356,22.564270734786987,1770681741.5642707,breathing_no_rate,,AppState.ESTIMATE_BREATHING_RATE,0.0000;3.0000,True,0.6405821442604057,1.1957550677250501,16.26109657461655,2,4.837447166442871
357,22.597399711608887,1770681741.5973997,breathing_no_rate,,AppState.ESTIMATE_BREATHING_RATE,0.0000;3.0000,True,0.6405821442604057,1.2086511245848506,16.191263915877837,2,4.837447166442871
358,22.640683889389038,1770681741.640684,breathing_no_rate,,AppState.ESTIMATE_BREATHING_RATE,0.0000;3.0000,True,0.6405821442604057,1.206856157757858,16.121480392849342,2,4.837447166442871
359,22.693918466567993,1770681741.6939185,breathing_no_rate,,AppState.ESTIMATE_BREATHING_RATE,0.0000;3.0000,True,0.5204729922115796,1.1963823382821395,16.064870160109983,1,4.837447166442871
360,22.743451356887817,1770681741.7434514,breathing_no_rate,,AppState.ESTIMATE_BREATHING_RATE,0.0000;3.0000,True,0.6405821442604057,1.1744751931229789,16.031569963184047,2,4.837447166442871
361,22.796562910079956,1770681741.796563,breathing_no_rate,,AppState.ESTIMATE_BREATHING_RATE,0.0000;3.0000,True,0.6405821442604057,1.1499255867861564,16.020625820234695,2,4.837447166442871
362,22.83958148956299,1770681741.8395815,breathing_no_rate,,AppState.ESTIMATE_BREATHING_RATE,0.0000;3.0000,True,0.6405821442604057,1.121784978377625,16.01875690648063,2,4.837447166442871
363,22.892723560333252,1770681741.8927236,breathing_no_rate,,AppState.ESTIMATE_BREATHING_RATE,0.0000;3.0000,True,0.6405821442604057,1.0950741726672293,16.015611586312094,2,4.837447166442871
364,22.945725202560425,1770681741.9457252,breathing_no_rate,,AppState.ESTIMATE_BREATHING_RATE,0.0000;3.0000,True,0.6405821442604057,1.0780112849200274,16.005661754984583,2,4.837447166442871
365,22.988532543182373,1770681741.9885325,breathing_no_rate,,AppState.ESTIMATE_BREATHING_RATE,0.0000;3.0000,True,0.6405821442604057,1.0650022586207684,15.983057897288754,2,4.837447166442871
366,23.041489124298096,1770681742.0414891,breathing_no_rate,,AppState.ESTIMATE_BREATHING_RATE,0.0000;3.0000,True,0.6405821442604057,1.0592642538971304,15.957749782807067,2,4.837447166442871
367,23.094339847564697,1770681742.0943398,breathing_no_rate,,AppState.ESTIMATE_BREATHING_RATE,0.0000;3.0000,True,0.6405821442604057,1.0668486665268668,15.945338934143022,2,4.837447166442871
368,23.147290229797363,1770681742.1472902,breathing_no_rate,,AppState.ESTIMATE_BREATHING_RATE,0.0000;3.0000,True,0.6405821442604057,1.0775534282756376,15.955919647338773,2,4.837447166442871
369,23.190036296844482,1770681742.1900363,breathing_no_rate,,AppState.ESTIMATE_BREATHING_RATE,0.0000;3.0000,True,0.6405821442604057,1.1074130307788188,15.986597066714126,2,4.837447166442871
370,23.24283218383789,1770681742.2428322,breathing_no_rate,,AppState.ESTIMATE_BREATHING_RATE,0.0000;3.0000,True,0.6405821442604057,1.1513983106535532,16.025396127878807,2,4.837447166442871
371,23.295767068862915,1770681742.295767,breathing_no_rate,,AppState.ESTIMATE_BREATHING_RATE,0.0000;3.0000,True,0.5204729922115796,1.1834196169920939,16.05413825766059,1,4.837447166442871
372,23.338584423065186,1770681742.3385844,breathing_no_rate,,AppState.ESTIMATE_BREATHING_RATE,0.0000;3.0000,True,0.6405821442604057,1.1982517261239922,16.071176739661567,2,4.837447166442871
373,23.39148783683777,1770681742.3914878,breathing_no_rate,,AppState.ESTIMATE_BREATHING_RATE,0.0000;3.0000,True,0.6405821442604057,1.208619328613422,16.084054402211372,2,4.837447166442871
374,23.444480657577515,1770681742.4444807,breathing_no_rate,,AppState.ESTIMATE_BREATHING_RATE,0.0000;3.0000,True,0.6405821442604057,1.2044076558984178,16.093897278663125,2,4.837447166442871
375,23.489513158798218,1770681742.4895132,breathing_no_rate,,AppState.ESTIMATE_BREATHING_RATE,0.0000;3.0000,True,0.6405821442604057,1.1920072381784435,16.101446032914463,2,4.837447166442871
376,23.544970989227295,1770681742.544971,breathing_no_rate,,AppState.ESTIMATE_BREATHING_RATE,0.0000;3.0000,True,0.6405821442604057,1.1839400753660576,16.10045041636516,2,4.837447166442871
377,23.624074697494507,1770681742.6240747,breathing_no_rate,,AppState.ESTIMATE_BREATHING_RATE,0.0000;3.0000,True,0.6405821442604057,1.176255945304336,16.08745374841264,2,4.837447166442871
378,23.649287939071655,1770681742.649288,breathing_no_rate,,AppState.ESTIMATE_BREATHING_RATE,0.0000;3.0000,True,0.6405821442604057,1.1636874538679094,16.0618007660508,2,4.837447166442871
379,23.693472146987915,1770681742.6934721,breathing_no_rate,,AppState.ESTIMATE_BREATHING_RATE,0.0000;3.0000,True,0.6405821442604057,1.1615215884158712,16.03081735312963,2,4.837447166442871
380,23.74590277671814,1770681742.7459028,breathing_no_rate,,AppState.ESTIMATE_BREATHING_RATE,0.0000;3.0000,True,0.6405821442604057,1.159103148492532,16.006806280929975,2,4.837447166442871
381,23.791430711746216,1770681742.7914307,breathing_no_rate,,AppState.ESTIMATE_BREATHING_RATE,0.0000;3.0000,True,0.6405821442604057,1.152532200928782,16.00283201223142,2,4.837447166442871
382,23.847106456756592,1770681742.8471065,breathing_no_rate,,AppState.ESTIMATE_BREATHING_RATE,0.0000;3.0000,True,0.6405821442604057,1.1363441368957445,16.017859671033946,2,4.837447166442871
383,23.892701387405396,1770681742.8927014,breathing_no_rate,,AppState.ESTIMATE_BREATHING_RATE,0.0000;3.0000,True,0.6405821442604057,1.122125716478449,16.034876373564913,2,4.837447166442871
384,23.948238849639893,1770681742.9482388,breathing_no_rate,,AppState.ESTIMATE_BREATHING_RATE,0.0000;3.0000,True,0.6405821442604057,1.1068432451354222,16.045122530740972,2,4.837447166442871
385,23.993456840515137,1770681742.9934568,breathing_no_rate,,AppState.ESTIMATE_BREATHING_RATE,0.0000;3.0000,True,0.6405821442604057,1.087276088983054,16.044969818496025,2,4.837447166442871
386,24.04891014099121,1770681743.0489101,breathing_no_rate,,AppState.ESTIMATE_BREATHING_RATE,0.0000;3.0000,True,0.5204729922115796,1.06709305265704,16.0335330712805,1,4.837447166442871
387,24.09412431716919,1770681743.0941243,breathing_no_rate,,AppState.ESTIMATE_BREATHING_RATE,0.0000;3.0000,True,0.5204729922115796,1.0659177411665428,16.0181875257194,1,4.837447166442871
388,24.14962124824524,1770681743.1496212,breathing_no_rate,,AppState.ESTIMATE_BREATHING_RATE,0.0000;3.0000,True,0.5204729922115796,1.0680174518649932,15.996439607159001,1,4.837447166442871
389,24.194794178009033,1770681743.1947942,breathing_no_rate,,AppState.ESTIMATE_BREATHING_RATE,0.0000;3.0000,True,0.5204729922115796,1.0798959015090452,15.967550883245925,1,4.837447166442871
390,24.240009546279907,1770681743.2400095,breathing_no_rate,,AppState.ESTIMATE_BREATHING_RATE,0.0000;3.0000,True,0.7606912963092318,1.0954799751672053,15.940340416003972,3,4.837447166442871
391,24.29537272453308,1770681743.2953727,breathing_no_rate,,AppState.ESTIMATE_BREATHING_RATE,0.0000;3.0000,True,0.7606912963092318,1.1063630244586362,15.917101977288857,3,4.837447166442871
392,24.340732097625732,1770681743.340732,breathing_no_rate,,AppState.ESTIMATE_BREATHING_RATE,0.0000;3.0000,True,0.7606912963092318,1.120180302426957,15.896977705570354,3,4.837447166442871
393,24.395943880081177,1770681743.3959439,breathing_no_rate,,AppState.ESTIMATE_BREATHING_RATE,0.0000;3.0000,True,0.5204729922115796,1.140091716655685,15.882760852021352,1,4.837447166442871
394,24.441160678863525,1770681743.4411607,breathing_no_rate,,AppState.ESTIMATE_BREATHING_RATE,0.0000;3.0000,True,0.5204729922115796,1.160178419250986,15.87060967670643,1,4.837447166442871
395,24.49658966064453,1770681743.4965897,breathing_no_rate,,AppState.ESTIMATE_BREATHING_RATE,0.0000;3.0000,True,0.5204729922115796,1.183940071449555,15.848204134994065,1,4.837447166442871
396,24.54196858406067,1770681743.5419686,breathing_no_rate,,AppState.ESTIMATE_BREATHING_RATE,0.0000;3.0000,True,0.6405821442604057,1.1838564068526887,15.828584107358463,2,4.837447166442871
397,24.59726881980896,1770681743.5972688,breathing_no_rate,,AppState.ESTIMATE_BREATHING_RATE,0.0000;3.0000,True,0.5204729922115796,1.1758938478144079,15.815809637216677,1,4.837447166442871
398,24.674681663513184,1770681743.6746817,breathing_no_rate,,AppState.ESTIMATE_BREATHING_RATE,0.0000;3.0000,True,0.6405821442604057,1.171452860757956,15.809404027124234,2,4.837447166442871
399,24.689395427703857,1770681743.6893954,breathing_no_rate,,AppState.ESTIMATE_BREATHING_RATE,0.0000;3.0000,True,0.6405821442604057,1.1806313771481496,15.812281881671558,2,4.837447166442871
400,24.749078512191772,1770681743.7490785,breathing_no_rate,,AppState.ESTIMATE_BREATHING_RATE,0.0000;3.0000,True,0.6405821442604057,1.201227144946207,15.818517211641396,2,4.837447166442871
401,24.793556928634644,1770681743.793557,breathing_no_rate,,AppState.ESTIMATE_BREATHING_RATE,0.0000;3.0000,True,0.6405821442604057,1.2233520902728587,15.832888752506943,2,4.837447166442871
402,24.848183393478394,1770681743.8481834,breathing_no_rate,,AppState.ESTIMATE_BREATHING_RATE,0.0000;3.0000,True,0.6405821442604057,1.245708011446961,15.853863621305445,2,4.837447166442871
403,24.893451690673828,1770681743.8934517,breathing_no_rate,,AppState.ESTIMATE_BREATHING_RATE,0.0000;3.0000,True,0.6405821442604057,1.256471235684057,15.875496093950245,2,4.837447166442871
404,24.94932270050049,1770681743.9493227,breathing,9.541931111972731,AppState.ESTIMATE_BREATHING_RATE,0.0000;3.0000,True,0.6405821442604057,1.2724197505046029,15.888752261034798,2,4.837447166442871
405,24.994670391082764,1770681743.9946704,breathing,9.53873404703813,AppState.ESTIMATE_BREATHING_RATE,0.0000;3.0000,True,0.6405821442604057,1.2795125210789595,15.887402738476114,2,4.837447166442871
406,25.040106296539307,1770681744.0401063,breathing,9.53596714065009,AppState.ESTIMATE_BREATHING_RATE,0.0000;3.0000,True,0.6405821442604057,1.2859194201060593,15.872711043218809,2,4.837447166442871
407,25.095491647720337,1770681744.0954916,breathing,9.533615089069606,AppState.ESTIMATE_BREATHING_RATE,0.0000;3.0000,True,0.6405821442604057,1.2850061898658802,15.848930156604483,2,4.837447166442871
408,25.140859603881836,1770681744.1408596,breathing,9.53164716998118,AppState.ESTIMATE_BREATHING_RATE,0.0000;3.0000,True,0.6405821442604057,1.2815630358230976,15.820810774679185,2,4.837447166442871
409,25.19624900817871,1770681744.196249,breathing,9.530023131919082,AppState.ESTIMATE_BREATHING_RATE,0.0000;3.0000,True,0.40036384016275356,1.2852239891710298,15.797067383058558,0,4.837447166442871
410,25.241472005844116,1770681744.241472,breathing,9.528695721337556,AppState.ESTIMATE_BREATHING_RATE,0.0000;3.0000,True,0.40036384016275356,1.2778746649946382,15.777869535340852,0,4.837447166442871
411,25.29683518409729,1770681744.2968352,breathing,9.527610423932346,AppState.ESTIMATE_BREATHING_RATE,0.0000;3.0000,True,0.40036384016275356,1.272051200711655,15.763211732203303,0,4.837447166442871
412,25.34222960472107,1770681744.3422296,breathing,9.526711005526495,AppState.ESTIMATE_BREATHING_RATE,0.0000;3.0000,True,0.40036384016275356,1.2623455881774166,15.756753020175443,0,4.837447166442871
413,25.39761710166931,1770681744.397617,breathing,9.525942385953137,AppState.ESTIMATE_BREATHING_RATE,0.0000;3.0000,True,0.40036384016275356,1.2613455756321874,15.747377696385294,0,4.837447166442871
414,25.442869424819946,1770681744.4428694,breathing,9.525253206642718,AppState.ESTIMATE_BREATHING_RATE,0.0000;3.0000,True,0.40036384016275356,1.2697494844113026,15.726715125741158,0,4.837447166442871
415,25.49848961830139,1770681744.4984896,breathing,9.524598793683323,AppState.ESTIMATE_BREATHING_RATE,0.0000;3.0000,True,0.40036384016275356,1.271745666829846,15.701306348162333,0,4.837447166442871
416,25.543909311294556,1770681744.5439093,breathing,9.52393996149929,AppState.ESTIMATE_BREATHING_RATE,0.0000;3.0000,True,0.40036384016275356,1.2679819653063786,15.680147726277035,0,4.837447166442871
417,25.59943389892578,1770681744.599434,breathing,9.523245144279178,AppState.ESTIMATE_BREATHING_RATE,0.0000;3.0000,True,0.40036384016275356,1.2692410653333384,15.668161777417698,0,4.837447166442871
418,25.644718170166016,1770681744.6447182,breathing,9.522494790973765,AppState.ESTIMATE_BREATHING_RATE,0.0000;3.0000,True,0.40036384016275356,1.2570168653160059,15.659706088537202,0,4.837447166442871
419,25.725951194763184,1770681744.7259512,breathing,9.521682034160122,AppState.ESTIMATE_BREATHING_RATE,0.0000;3.0000,True,0.40036384016275356,1.2405113391920881,15.650420053438546,0,4.837447166442871
420,25.747420072555542,1770681744.74742,breathing,9.520807362311613,AppState.ESTIMATE_BREATHING_RATE,0.0000;3.0000,True,0.40036384016275356,1.2179449679833205,15.637199215344607,0,4.837447166442871
421,25.791751623153687,1770681744.7917516,breathing,9.519885009302019,AppState.ESTIMATE_BREATHING_RATE,0.0000;3.0000,True,0.40036384016275356,1.1940975011825719,15.618120733454054,0,4.837447166442871
422,25.84645676612854,1770681744.8464568,breathing,9.518942005901703,AppState.ESTIMATE_BREATHING_RATE,0.0000;3.0000,True,0.40036384016275356,1.1731276985919499,15.594260835359377,0,4.837447166442871
423,25.89162039756775,1770681744.8916204,breathing,9.51801701012795,AppState.ESTIMATE_BREATHING_RATE,0.0000;3.0000,True,0.7606912963092318,1.1547882493241846,15.574918484869833,3,4.837447166442871
424,25.946017026901245,1770681744.946017,breathing,9.5171683649289,AppState.ESTIMATE_BREATHING_RATE,0.0000;3.0000,True,0.7606912963092318,1.1337277755376656,15.570706545536629,3,4.837447166442871
425,25.99078917503357,1770681744.9907892,breathing,9.516470901212656,AppState.ESTIMATE_BREATHING_RATE,0.0000;3.0000,True,0.7606912963092318,1.1168666395627862,15.57832191704188,3,4.837447166442871
426,26.04570698738098,1770681745.045707,breathing,9.516010204451376,AppState.ESTIMATE_BREATHING_RATE,0.0000;3.0000,True,0.7606912963092318,1.1141485922047885,15.594527000364154,3,4.837447166442871
427,26.090938806533813,1770681745.0909388,breathing,9.515874425645306,AppState.ESTIMATE_BREATHING_RATE,0.0000;3.0000,True,0.7606912963092318,1.1107273382623428,15.614378795037426,3,4.837447166442871
428,26.146480798721313,1770681745.1464808,breathing,9.516140918926446,AppState.ESTIMATE_BREATHING_RATE,0.0000;3.0000,True,0.7606912963092318,1.1180694427440747,15.634040405585885,3,4.837447166442871
429,26.19175910949707,1770681745.191759,breathing,9.51687404048214,AppState.ESTIMATE_BREATHING_RATE,0.0000;3.0000,True,0.5204729922115796,1.1251020563963476,15.670213485085291,1,4.837447166442871
430,26.247138500213623,1770681745.2471385,breathing,9.518129136543276,AppState.ESTIMATE_BREATHING_RATE,0.0000;3.0000,True,0.5204729922115796,1.1380145395510408,15.727320631416582,1,4.837447166442871
431,26.29240083694458,1770681745.2924008,breathing,9.519951618787344,AppState.ESTIMATE_BREATHING_RATE,0.0000;3.0000,True,0.5204729922115796,1.168653175076234,15.813814573233284,1,4.837447166442871
432,26.347904205322266,1770681745.3479042,breathing,9.522385995134576,AppState.ESTIMATE_BREATHING_RATE,0.0000;3.0000,True,0.5204729922115796,1.2080905506366135,15.93239455742568,1,4.837447166442871
433,26.393150568008423,1770681745.3931506,breathing,9.5254850371847,AppState.ESTIMATE_BREATHING_RATE,0.0000;3.0000,True,0.5204729922115796,1.2660217646671994,16.08343285016761,1,4.837447166442871
434,26.448566198349,1770681745.4485662,breathing,9.529313089395746,AppState.ESTIMATE_BREATHING_RATE,0.0000;3.0000,True,0.5204729922115796,1.32221149453111,16.26728589303547,1,4.837447166442871
435,26.493902444839478,1770681745.4939024,breathing,9.533933647956342,AppState.ESTIMATE_BREATHING_RATE,0.0000;3.0000,True,0.5204729922115796,1.405871121095137,16.48306249997369,1,4.837447166442871
436,26.54943013191223,1770681745.5494301,breathing,9.539396637376964,AppState.ESTIMATE_BREATHING_RATE,0.0000;3.0000,True,0.5204729922115796,1.5042512560802628,16.729539560004387,1,4.837447166442871
437,26.594696283340454,1770681745.5946963,breathing,9.545725203770049,AppState.ESTIMATE_BREATHING_RATE,0.0000;3.0000,True,0.5204729922115796,1.6134310979936448,16.997599387722676,1,4.837447166442871
438,26.640023231506348,1770681745.6400232,breathing,9.552937223760622,AppState.ESTIMATE_BREATHING_RATE,0.0000;3.0000,True,0.5204729922115796,1.7334289998696217,17.279570687835438,1,4.837447166442871
439,26.695709705352783,1770681745.6957097,breathing,9.561046659768609,AppState.ESTIMATE_BREATHING_RATE,0.0000;3.0000,True,0.5204729922115796,1.8499413797718582,17.574496114156897,1,4.837447166442871
440,26.783934831619263,1770681745.7839348,breathing,9.570078085476656,AppState.ESTIMATE_BREATHING_RATE,0.0000;3.0000,True,0.5204729922115796,1.9405460541820916,17.881443066861774,1,4.837447166442871
441,26.79832363128662,1770681745.7983236,breathing,9.580063535319374,AppState.ESTIMATE_BREATHING_RATE,0.0000;3.0000,True,0.5204729922115796,2.033997935381703,18.196746278493947,1,4.837447166442871
442,26.842886924743652,1770681745.842887,breathing,9.591036936158474,AppState.ESTIMATE_BREATHING_RATE,0.0000;3.0000,True,0.5204729922115796,2.1483127840009275,18.51908111392539,1,4.837447166442871
443,26.898842334747314,1770681745.8988423,breathing,9.60302527518339,AppState.ESTIMATE_BREATHING_RATE,0.0000;3.0000,True,0.5204729922115796,2.2562899390568574,18.84649453924369,1,4.837447166442871
444,26.944085836410522,1770681745.9440858,breathing,9.616044771744914,AppState.ESTIMATE_BREATHING_RATE,0.0000;3.0000,True,0.5204729922115796,2.350078255066565,19.172154058000427,1,4.837447166442871
445,26.99919080734253,1770681745.9991908,breathing,9.630107794900722,AppState.ESTIMATE_BREATHING_RATE,0.0000;3.0000,True,0.5204729922115796,2.4219308370627477,19.484636828830986,1,4.837447166442871
446,27.04411268234253,1770681746.0441127,breathing,9.645218411215204,AppState.ESTIMATE_BREATHING_RATE,0.0000;3.0000,True,0.5204729922115796,2.476129073374633,19.7805032159127,1,4.837447166442871
447,27.099475383758545,1770681746.0994754,breathing,9.661375517611743,AppState.ESTIMATE_BREATHING_RATE,0.0000;3.0000,True,0.5204729922115796,2.507170389847644,20.05927921494219,1,4.837447166442871
448,27.144832611083984,1770681746.1448326,breathing,9.678577320164116,AppState.ESTIMATE_BREATHING_RATE,0.0000;3.0000,True,0.5204729922115796,2.521908492982581,20.32753756143007,1,4.837447166442871
449,27.190290927886963,1770681746.190291,breathing,9.696830366193867,AppState.ESTIMATE_BREATHING_RATE,0.0000;3.0000,True,0.5204729922115796,2.547099398092144,20.59049543832564,1,4.837447166442871
450,27.245715856552124,1770681746.2457159,breathing,9.716136324629964,AppState.ESTIMATE_BREATHING_RATE,0.0000;3.0000,True,0.5204729922115796,2.5829860062780754,20.850355533083945,1,4.837447166442871
451,27.29099416732788,1770681746.2909942,breathing,9.736508361987134,AppState.ESTIMATE_BREATHING_RATE,0.0000;3.0000,True,0.5204729922115796,2.632824069937805,21.101481813018818,1,4.837447166442871
452,27.346538543701172,1770681746.3465385,breathing,9.75794737856183,AppState.ESTIMATE_BREATHING_RATE,0.0000;3.0000,True,0.5204729922115796,2.677377378674062,21.342370371028608,1,4.837447166442871
453,27.391815185546875,1770681746.3918152,breathing,9.780457402969288,AppState.ESTIMATE_BREATHING_RATE,0.0000;3.0000,True,0.5204729922115796,2.7194527909711415,21.571040083672774,1,4.837447166442871
454,27.447153091430664,1770681746.447153,breathing,9.804041110213129,AppState.ESTIMATE_BREATHING_RATE,0.0000;3.0000,True,0.5204729922115796,2.759368219080373,21.782995734166953,1,4.837447166442871
455,27.492717027664185,1770681746.492717,breathing,9.82869614266476,AppState.ESTIMATE_BREATHING_RATE,0.0000;3.0000,True,0.5204729922115796,2.778932417932753,21.976878302113484,1,4.837447166442871
456,27.548312664031982,1770681746.5483127,breathing,9.854422345624492,AppState.ESTIMATE_BREATHING_RATE,0.0000;3.0000,True,0.5204729922115796,2.797633133217073,22.149453223805036,1,4.837447166442871
457,27.593597650527954,1770681746.5935977,breathing,9.88121662662172,AppState.ESTIMATE_BREATHING_RATE,0.0000;3.0000,True,0.5204729922115796,2.8088048075760543,22.296461990407387,1,4.837447166442871
458,27.649027109146118,1770681746.649027,breathing,9.909084231462945,AppState.ESTIMATE_BREATHING_RATE,0.0000;3.0000,True,0.6405821442604057,2.820369887396102,22.421095570962244,2,4.837447166442871
459,27.694513082504272,1770681746.694513,breathing,9.938049685755818,AppState.ESTIMATE_BREATHING_RATE,0.0000;3.0000,True,0.6405821442604057,2.816860249210248,22.5243945215961,2,4.837447166442871
460,27.745572328567505,1770681746.7455723,breathing,9.968173870305467,AppState.ESTIMATE_BREATHING_RATE,0.0000;3.0000,True,0.6405821442604057,2.8059533474546963,22.606686143714516,2,4.837447166442871
461,27.829792261123657,1770681746.8297923,breathing,9.999526132192873,AppState.ESTIMATE_BREATHING_RATE,0.0000;3.0000,True,0.6405821442604057,2.7746081744343085,22.666101531157004,2,4.837447166442871
462,27.84572672843933,1770681746.8457267,breathing,10.032189672978815,AppState.ESTIMATE_BREATHING_RATE,0.0000;3.0000,True,0.6405821442604057,2.758591752247024,22.7007379302331,2,4.837447166442871
463,27.8890700340271,1770681746.88907,breathing,10.06626208785853,AppState.ESTIMATE_BREATHING_RATE,0.0000;3.0000,True,0.6405821442604057,2.747336582692157,22.716222878706297,2,4.837447166442871
464,27.94212818145752,1770681746.9421282,breathing,10.1018546385622,AppState.ESTIMATE_BREATHING_RATE,0.0000;3.0000,True,0.6405821442604057,2.731634769351777,22.712017584740163,2,4.837447166442871
465,27.995364665985107,1770681746.9953647,breathing,10.139122149701949,AppState.ESTIMATE_BREATHING_RATE,0.0000;3.0000,True,0.6405821442604057,2.7208134278375455,22.691768474284064,2,4.837447166442871
466,28.038253784179688,1770681747.0382538,breathing,10.178227703444577,AppState.ESTIMATE_BREATHING_RATE,0.0000;3.0000,True,0.6405821442604057,2.7141894417866728,22.656334703626207,2,4.837447166442871
467,28.091174840927124,1770681747.0911748,breathing,10.219361365156159,AppState.ESTIMATE_BREATHING_RATE,0.0000;3.0000,True,0.6405821442604057,2.6976595894248474,22.60527889629536,2,4.837447166442871
468,28.144274473190308,1770681747.1442745,breathing,10.262744257078271,AppState.ESTIMATE_BREATHING_RATE,0.0000;3.0000,True,0.6405821442604057,2.6705165704963005,22.54112952092208,2,4.837447166442871
469,28.19718289375305,1770681747.197183,breathing,10.308598255327492,AppState.ESTIMATE_BREATHING_RATE,0.0000;3.0000,True,0.6405821442604057,2.6347155134728806,22.471274297181846,2,4.837447166442871
470,28.24003291130066,1770681747.240033,breathing,10.357122954314836,AppState.ESTIMATE_BREATHING_RATE,0.0000;3.0000,True,0.7606912963092318,2.5874668372109313,22.396864602377647,3,4.837447166442871
471,28.292969942092896,1770681747.29297,breathing,10.408517952948634,AppState.ESTIMATE_BREATHING_RATE,0.0000;3.0000,True,0.7606912963092318,2.537727464336385,22.317885444698263,3,4.837447166442871
472,28.345964908599854,1770681747.345965,breathing,10.462974489294155,AppState.ESTIMATE_BREATHING_RATE,0.0000;3.0000,True,0.7606912963092318,2.5116209646510343,22.230571438977428,3,4.837447166442871
473,28.388830423355103,1770681747.3888304,breathing,10.52066615731382,AppState.ESTIMATE_BREATHING_RATE,0.0000;3.0000,True,0.7606912963092318,2.510033042401974,22.133396739722862,3,4.837447166442871
474,28.441781044006348,1770681747.441781,breathing,10.577569461229269,AppState.ESTIMATE_BREATHING_RATE,0.0000;3.0000,True,0.7606912963092318,2.480923399106906,22.030102422587323,3,4.837447166442871
475,28.494725227355957,1770681747.4947252,breathing,10.630897845126109,AppState.ESTIMATE_BREATHING_RATE,0.0000;3.0000,True,0.6405821442604057,2.4301392614711608,21.926496777280068,2,4.837447166442871
476,28.537607431411743,1770681747.5376074,breathing,10.682836243485223,AppState.ESTIMATE_BREATHING_RATE,0.0000;3.0000,True,0.6405821442604057,2.3946820452624342,21.83419058243132,2,4.837447166442871
477,28.590531587600708,1770681747.5905316,breathing,10.733218302662749,AppState.ESTIMATE_BREATHING_RATE,0.0000;3.0000,True,0.6405821442604057,2.3517079879851046,21.761853323175302,2,4.837447166442871
478,28.64346933364868,1770681747.6434693,breathing,10.782003164182173,AppState.ESTIMATE_BREATHING_RATE,0.0000;3.0000,True,0.6405821442604057,2.308612112400921,21.715277286430318,2,4.837447166442871
479,28.69681429862976,1770681747.6968143,breathing,10.82916443943431,AppState.ESTIMATE_BREATHING_RATE,0.0000;3.0000,True,0.6405821442604057,2.259368042630083,21.695012465430946,2,4.837447166442871
480,28.738197803497314,1770681747.7381978,breathing,10.874641393049771,AppState.ESTIMATE_BREATHING_RATE,0.0000;3.0000,True,0.6405821442604057,2.194115940048226,21.695615883025322,2,4.837447166442871
481,28.791494369506836,1770681747.7914944,breathing,10.918459069050316,AppState.ESTIMATE_BREATHING_RATE,0.0000;3.0000,True,0.5204729922115796,2.131015753588614,21.714344785651278,1,4.837447166442871
482,28.866157293319702,1770681747.8661573,breathing,10.960674306701776,AppState.ESTIMATE_BREATHING_RATE,0.0000;3.0000,True,0.5204729922115796,2.068693071282113,21.743415202250816,1,4.837447166442871
483,28.88933825492859,1770681747.8893383,breathing,11.001350772315888,AppState.ESTIMATE_BREATHING_RATE,0.0000;3.0000,True,0.5204729922115796,2.0090260360243386,21.772945897507977,1,4.837447166442871
484,28.942625522613525,1770681747.9426255,breathing,11.040637410551412,AppState.ESTIMATE_BREATHING_RATE,0.0000;3.0000,True,0.5204729922115796,1.9591736020320871,21.793721553945087,1,4.837447166442871
485,28.99591875076294,1770681747.9959188,breathing,11.078694280882688,AppState.ESTIMATE_BREATHING_RATE,0.0000;3.0000,True,0.5204729922115796,1.93023854603234,21.80769648616178,1,4.837447166442871
486,29.038968324661255,1770681748.0389683,breathing,11.115675408527167,AppState.ESTIMATE_BREATHING_RATE,0.0000;3.0000,True,0.5204729922115796,1.9037122573513117,21.825299448531645,1,4.837447166442871
487,29.0919828414917,1770681748.0919828,breathing,11.15188454188339,AppState.ESTIMATE_BREATHING_RATE,0.0000;3.0000,True,0.5204729922115796,1.8787876456854873,21.843763629919067,1,4.837447166442871
488,29.145018815994263,1770681748.1450188,breathing,11.18728689821674,AppState.ESTIMATE_BREATHING_RATE,0.0000;3.0000,True,0.5204729922115796,1.8716935917036859,21.846642617455633,1,4.837447166442871
489,29.1880099773407,1770681748.18801,breathing,11.221941247286209,AppState.ESTIMATE_BREATHING_RATE,0.0000;3.0000,True,0.5204729922115796,1.8692527411582165,21.830640718789958,1,4.837447166442871
490,29.240981340408325,1770681748.2409813,breathing,11.255977930923137,AppState.ESTIMATE_BREATHING_RATE,0.0000;3.0000,True,0.5204729922115796,1.8853496132482137,21.801202072887218,1,4.837447166442871
491,29.294039011001587,1770681748.294039,breathing,11.289616105542336,AppState.ESTIMATE_BREATHING_RATE,0.0000;3.0000,True,0.40036384016275356,1.9021777605125991,21.773438573402277,0,4.837447166442871
492,29.347015142440796,1770681748.3470151,breathing,11.322900461930173,AppState.ESTIMATE_BREATHING_RATE,0.0000;3.0000,True,0.40036384016275356,1.9060587125094632,21.741366051092175,0,4.837447166442871
493,29.38986349105835,1770681748.3898635,breathing,11.356036576475523,AppState.ESTIMATE_BREATHING_RATE,0.0000;3.0000,True,0.7606912963092318,1.9111310764632645,21.704752545129203,3,4.837447166442871
494,29.442742586135864,1770681748.4427426,breathing,11.389038839468189,AppState.ESTIMATE_BREATHING_RATE,0.0000;3.0000,True,0.7606912963092318,1.915821707623805,21.67629744988338,3,4.837447166442871
495,29.49566888809204,1770681748.495669,breathing,11.422067805629622,AppState.ESTIMATE_BREATHING_RATE,0.0000;3.0000,True,0.7606912963092318,1.955875896730374,21.656893193323086,3,4.837447166442871
496,29.538538217544556,1770681748.5385382,breathing,11.455272077172685,AppState.ESTIMATE_BREATHING_RATE,0.0000;3.0000,True,0.7606912963092318,1.9953372167035162,21.644145639833695,3,4.837447166442871
497,29.591503381729126,1770681748.5915034,breathing,11.488848726334052,AppState.ESTIMATE_BREATHING_RATE,0.0000;3.0000,True,0.7606912963092318,2.035960925317857,21.632229860329627,3,4.837447166442871
498,29.644501209259033,1770681748.6445012,breathing,11.522930968294578,AppState.ESTIMATE_BREATHING_RATE,0.0000;3.0000,True,0.7606912963092318,2.0700922039827954,21.614516292368716,3,4.837447166442871
499,29.697636365890503,1770681748.6976364,breathing,11.557398660090735,AppState.ESTIMATE_BREATHING_RATE,0.0000;3.0000,True,0.5204729922115796,2.0874902660256054,21.595701044035707,1,4.837447166442871
500,29.74515414237976,1770681748.7451541,breathing,11.591975846533986,AppState.ESTIMATE_BREATHING_RATE,0.0000;3.0000,True,0.7606912963092318,2.0685668835005115,21.60041679806578,3,4.837447166442871
501,29.78822684288025,1770681748.7882268,breathing,11.626709579361249,AppState.ESTIMATE_BREATHING_RATE,0.0000;3.0000,True,0.7606912963092318,2.019154329409294,21.638157576400236,3,4.837447166442871
502,29.841320514678955,1770681748.8413205,breathing,11.661867604309256,AppState.ESTIMATE_BREATHING_RATE,0.0000;3.0000,True,0.7606912963092318,1.9544580489718566,21.688271066691918,3,4.837447166442871
503,29.915432929992676,1770681748.915433,breathing,11.697434718008248,AppState.ESTIMATE_BREATHING_RATE,0.0000;3.0000,True,0.7606912963092318,1.9021408063700533,21.74369449891529,3,4.837447166442871
504,29.938562154769897,1770681748.9385622,breathing,11.733097983756767,AppState.ESTIMATE_BREATHING_RATE,0.0000;3.0000,True,0.7606912963092318,1.8604469067927023,21.813368989792835,3,4.837447166442871
505,29.991947174072266,1770681748.9919472,breathing,11.768994706394649,AppState.ESTIMATE_BREATHING_RATE,0.0000;3.0000,True,0.7606912963092318,1.8215271549587153,21.890434431198937,3,4.837447166442871
506,30.045156002044678,1770681749.045156,breathing,11.80534566227934,AppState.ESTIMATE_BREATHING_RATE,0.0000;3.0000,True,0.6405821442604057,1.7714436951891563,21.958543932437834,2,4.837447166442871
507,30.088247537612915,1770681749.0882475,breathing,11.842049169494112,AppState.ESTIMATE_BREATHING_RATE,0.0000;3.0000,True,0.6405821442604057,1.7237650901524084,22.06176454669364,2,4.837447166442871
508,30.141296863555908,1770681749.1412969,breathing,11.878844248654513,AppState.ESTIMATE_BREATHING_RATE,0.0000;3.0000,True,0.6405821442604057,1.6794783886768256,22.163383802125626,2,4.837447166442871
509,30.194191932678223,1770681749.194192,breathing,11.915935629733076,AppState.ESTIMATE_BREATHING_RATE,0.0000;3.0000,True,0.6405821442604057,1.644188710870905,22.235377477432017,2,4.837447166442871
510,30.24716806411743,1770681749.247168,breathing,11.953718446195134,AppState.ESTIMATE_BREATHING_RATE,0.0000;3.0000,True,0.6405821442604057,1.602352899017781,22.293043032730885,2,4.837447166442871
511,30.290061235427856,1770681749.2900612,breathing,11.991761947789382,AppState.ESTIMATE_BREATHING_RATE,0.0000;3.0000,True,0.6405821442604057,1.5620199306643383,22.331833976754325,2,4.837447166442871
512,30.343015670776367,1770681749.3430157,breathing,12.03028768537608,AppState.ESTIMATE_BREATHING_RATE,0.0000;3.0000,True,0.6405821442604057,1.524354013608387,22.383482243205524,2,4.837447166442871
513,30.395930290222168,1770681749.3959303,breathing,12.06929009382816,AppState.ESTIMATE_BREATHING_RATE,0.0000;3.0000,True,0.6405821442604057,1.4854829859337177,22.43377973527466,2,4.837447166442871
514,30.438732147216797,1770681749.4387321,breathing,12.108379679290689,AppState.ESTIMATE_BREATHING_RATE,0.0000;3.0000,True,0.6405821442604057,1.4543781254541568,22.507696996109768,2,4.837447166442871
515,30.491997480392456,1770681749.4919975,breathing,12.14780737905153,AppState.ESTIMATE_BREATHING_RATE,0.0000;3.0000,True,0.6405821442604057,1.4403614906996,22.567221950637506,2,4.837447166442871
516,30.54505205154419,1770681749.545052,breathing,12.187661396804854,AppState.ESTIMATE_BREATHING_RATE,0.0000;3.0000,True,0.6405821442604057,1.424801297029411,22.60102514891648,2,4.837447166442871
517,30.587886333465576,1770681749.5878863,breathing,12.22796518340346,AppState.ESTIMATE_BREATHING_RATE,0.0000;3.0000,True,0.6405821442604057,1.4201885997296269,22.62089477890259,2,4.837447166442871
518,30.640886306762695,1770681749.6408863,breathing,12.268404250653111,AppState.ESTIMATE_BREATHING_RATE,0.0000;3.0000,True,0.6405821442604057,1.419291986989589,22.646359252860222,2,4.837447166442871
519,30.69391417503357,1770681749.6939142,breathing,12.30903863027879,AppState.ESTIMATE_BREATHING_RATE,0.0000;3.0000,True,0.6405821442604057,1.421020844898846,22.682192135027144,2,4.837447166442871
520,30.742274522781372,1770681749.7422745,breathing,12.350022027879069,AppState.ESTIMATE_BREATHING_RATE,0.0000;3.0000,True,0.6405821442604057,1.42269992978484,22.70824615325921,2,4.837447166442871
521,30.79546880722046,1770681749.7954688,breathing,12.390379048260245,AppState.ESTIMATE_BREATHING_RATE,0.0000;3.0000,True,0.6405821442604057,1.4382059385654393,22.719269064155533,2,4.837447166442871
522,30.839819192886353,1770681749.8398192,breathing,12.430539178418266,AppState.ESTIMATE_BREATHING_RATE,0.0000;3.0000,True,0.6405821442604057,1.4501737544925855,22.737697301772634,2,4.837447166442871
523,30.893808603286743,1770681749.8938086,breathing,12.469709633553844,AppState.ESTIMATE_BREATHING_RATE,0.0000;3.0000,True,0.6405821442604057,1.483749191226238,22.768796479341873,2,4.837447166442871
524,30.969260692596436,1770681749.9692607,breathing,12.508116629342808,AppState.ESTIMATE_BREATHING_RATE,0.0000;3.0000,True,0.6405821442604057,1.487809335758818,22.78179618336412,2,4.837447166442871
525,30.992392539978027,1770681749.9923925,breathing,12.545872291489252,AppState.ESTIMATE_BREATHING_RATE,0.0000;3.0000,True,0.6405821442604057,1.4849187054404778,22.78094023134557,2,4.837447166442871
526,31.04561972618103,1770681750.0456197,breathing,12.582303146777269,AppState.ESTIMATE_BREATHING_RATE,0.0000;3.0000,True,0.5204729922115796,1.4896808469161136,22.779128431131525,1,4.837447166442871
527,31.08868980407715,1770681750.0886898,breathing,12.61782622582755,AppState.ESTIMATE_BREATHING_RATE,0.0000;3.0000,True,0.5204729922115796,1.4910524030427583,22.771994460134827,1,4.837447166442871
528,31.141904592514038,1770681750.1419046,breathing,12.652403433418703,AppState.ESTIMATE_BREATHING_RATE,0.0000;3.0000,True,0.5204729922115796,1.4861059438995496,22.753876572850004,1,4.837447166442871
529,31.194870471954346,1770681750.1948705,breathing,12.685545000428379,AppState.ESTIMATE_BREATHING_RATE,0.0000;3.0000,True,0.5204729922115796,1.4992824714243773,22.732458774218312,1,4.837447166442871
530,31.237760305404663,1770681750.2377603,breathing,12.717792869739101,AppState.ESTIMATE_BREATHING_RATE,0.0000;3.0000,True,0.40036384016275356,1.506470668426361,22.712422289671736,0,4.837447166442871
531,31.29068875312805,1770681750.2906888,breathing,12.749001346147992,AppState.ESTIMATE_BREATHING_RATE,0.0000;3.0000,True,0.5204729922115796,1.4973664841623697,22.688150247852345,1,4.837447166442871
532,31.343746662139893,1770681750.3437467,breathing,12.779256940419733,AppState.ESTIMATE_BREATHING_RATE,0.0000;3.0000,True,0.5204729922115796,1.4754854409716107,22.674003229448804,1,4.837447166442871
533,31.396677017211914,1770681750.396677,breathing,12.808670619279438,AppState.ESTIMATE_BREATHING_RATE,0.0000;3.0000,True,0.5204729922115796,1.4399383612230752,22.656948809016896,1,4.837447166442871
534,31.439552068710327,1770681750.439552,breathing,12.837700991208658,AppState.ESTIMATE_BREATHING_RATE,0.0000;3.0000,True,0.5204729922115796,1.406993157426511,22.651438730634265,1,4.837447166442871
535,31.49254608154297,1770681750.492546,breathing,12.866512804119324,AppState.ESTIMATE_BREATHING_RATE,0.0000;3.0000,True,0.5204729922115796,1.371857290320766,22.640653798438397,1,4.837447166442871
536,31.545592069625854,1770681750.545592,breathing,12.89452473303707,AppState.ESTIMATE_BREATHING_RATE,0.0000;3.0000,True,0.5204729922115796,1.3334011269795898,22.626066750228784,1,4.837447166442871
537,31.588465213775635,1770681750.5884652,breathing,12.91711666024762,AppState.ESTIMATE_BREATHING_RATE,0.0000;3.0000,True,0.5204729922115796,1.3000774538549429,22.613565449793217,1,4.837447166442871
538,31.641470193862915,1770681750.6414702,breathing,12.94039445540855,AppState.ESTIMATE_BREATHING_RATE,0.0000;3.0000,True,0.5204729922115796,1.266486190411202,22.612310905841717,1,4.837447166442871
539,31.694536209106445,1770681750.6945362,breathing,12.964343927957547,AppState.ESTIMATE_BREATHING_RATE,0.0000;3.0000,True,0.5204729922115796,1.2326924564797015,22.61757839815515,1,4.837447166442871
540,31.745450496673584,1770681750.7454505,breathing,12.989077998370616,AppState.ESTIMATE_BREATHING_RATE,0.0000;3.0000,True,0.5204729922115796,1.1912246604183736,22.628166111734622,1,4.837447166442871
541,31.78850269317627,1770681750.7885027,breathing,13.0146938508612,AppState.ESTIMATE_BREATHING_RATE,0.0000;3.0000,True,0.5204729922115796,1.150901830585531,22.652288624329426,1,4.837447166442871
542,31.842021703720093,1770681750.8420217,breathing,13.040965726882835,AppState.ESTIMATE_BREATHING_RATE,0.0000;3.0000,True,0.5204729922115796,1.1107560063976276,22.681442592703608,1,4.837447166442871
543,31.896732568740845,1770681750.8967326,breathing,13.068136284530496,AppState.ESTIMATE_BREATHING_RATE,0.0000;3.0000,True,0.5204729922115796,1.0770396224972025,22.70338229357553,1,4.837447166442871
544,31.939873933792114,1770681750.939874,breathing,13.096017056745627,AppState.ESTIMATE_BREATHING_RATE,0.0000;3.0000,True,0.5204729922115796,1.0421694903813528,22.730733362582132,1,4.837447166442871
545,32.0092658996582,1770681751.009266,breathing,13.12441779612642,AppState.ESTIMATE_BREATHING_RATE,0.0000;3.0000,True,0.5204729922115796,1.0116677314156715,22.744687086064218,1,4.837447166442871
546,32.04240274429321,1770681751.0424027,breathing,13.153480917297063,AppState.ESTIMATE_BREATHING_RATE,0.0000;3.0000,True,0.5204729922115796,0.9878109340533676,22.743032136187836,1,4.837447166442871
547,32.09557223320007,1770681751.0955722,breathing,13.18273299783432,AppState.ESTIMATE_BREATHING_RATE,0.0000;3.0000,True,0.5204729922115796,0.9632466235156728,22.74001770878403,1,4.837447166442871
548,32.13861036300659,1770681751.1386104,breathing,13.21219124899267,AppState.ESTIMATE_BREATHING_RATE,0.0000;3.0000,True,0.5204729922115796,0.9451521693497483,22.720754088605815,1,4.837447166442871
549,32.19181442260742,1770681751.1918144,breathing,13.24175112204365,AppState.ESTIMATE_BREATHING_RATE,0.0000;3.0000,True,0.5204729922115796,0.9352472367573456,22.705579898614097,1,4.837447166442871
550,32.244879722595215,1770681751.2448797,breathing,13.271058103702313,AppState.ESTIMATE_BREATHING_RATE,0.0000;3.0000,True,0.5204729922115796,0.9529202751188194,22.70371205606785,1,4.837447166442871
551,32.287787199020386,1770681751.2877872,breathing,13.299808929456278,AppState.ESTIMATE_BREATHING_RATE,0.0000;3.0000,True,0.5204729922115796,0.9709554769758376,22.69565100727038,1,4.837447166442871
552,32.3408465385437,1770681751.3408465,breathing,13.327863430742324,AppState.ESTIMATE_BREATHING_RATE,0.0000;3.0000,True,0.5204729922115796,1.0001713891816242,22.691051586822308,1,4.837447166442871
553,32.39376783370972,1770681751.3937678,breathing,13.35501228307251,AppState.ESTIMATE_BREATHING_RATE,0.0000;3.0000,True,0.5204729922115796,1.0211332715269,22.67079698282163,1,4.837447166442871
554,32.446653842926025,1770681751.4466538,breathing,13.380871866540536,AppState.ESTIMATE_BREATHING_RATE,0.0000;3.0000,True,0.5204729922115796,1.036340187729693,22.64168131984364,1,4.837447166442871
555,32.48957872390747,1770681751.4895787,breathing,13.405326488887457,AppState.ESTIMATE_BREATHING_RATE,0.0000;3.0000,True,0.5204729922115796,1.0580864711927036,22.60871227064119,1,4.837447166442871
556,32.54262900352478,1770681751.542629,breathing,13.428283623998704,AppState.ESTIMATE_BREATHING_RATE,0.0000;3.0000,True,0.5204729922115796,1.0749688850122476,22.56123449793284,1,4.837447166442871
557,32.59589719772339,1770681751.5958972,breathing,13.449714453709522,AppState.ESTIMATE_BREATHING_RATE,0.0000;3.0000,True,0.5204729922115796,1.0768891712852433,22.505491525519222,1,4.837447166442871
558,32.639240980148315,1770681751.639241,breathing,13.469631307056567,AppState.ESTIMATE_BREATHING_RATE,0.0000;3.0000,True,0.5204729922115796,1.0831040722824068,22.436994686520354,1,4.837447166442871
559,32.69253921508789,1770681751.6925392,breathing,13.48829700536761,AppState.ESTIMATE_BREATHING_RATE,0.0000;3.0000,True,0.5204729922115796,1.090315815572402,22.361368721021606,1,4.837447166442871
560,32.739885091781616,1770681751.739885,breathing,13.505969415359809,AppState.ESTIMATE_BREATHING_RATE,0.0000;3.0000,True,0.5204729922115796,1.1034789867106,22.28265337549783,1,4.837447166442871
561,32.79300880432129,1770681751.7930088,breathing,13.522808376864276,AppState.ESTIMATE_BREATHING_RATE,0.0000;3.0000,True,0.5204729922115796,1.1221473437917306,22.201447409060506,1,4.837447166442871
562,32.84609389305115,1770681751.846094,breathing,13.539065129117212,AppState.ESTIMATE_BREATHING_RATE,0.0000;3.0000,True,0.7606912963092318,1.142661265332991,22.116504128867497,3,4.837447166442871
563,32.8919951915741,1770681751.8919952,breathing,13.555078884363775,AppState.ESTIMATE_BREATHING_RATE,0.0000;3.0000,True,0.5204729922115796,1.1413876156253566,22.029628746278984,1,4.837447166442871
564,32.948609590530396,1770681751.9486096,breathing,13.571083301309134,AppState.ESTIMATE_BREATHING_RATE,0.0000;3.0000,True,0.5204729922115796,1.1277410611180623,21.960188175766465,1,4.837447166442871
565,32.993563413619995,1770681751.9935634,breathing,13.587386781100031,AppState.ESTIMATE_BREATHING_RATE,0.0000;3.0000,True,0.5204729922115796,1.115172307511252,21.902232085173598,1,4.837447166442871
566,33.07765173912048,1770681752.0776517,breathing,13.604237330569157,AppState.ESTIMATE_BREATHING_RATE,0.0000;3.0000,True,0.5204729922115796,1.0945089669181507,21.846781193986665,1,4.837447166442871
567,33.092134952545166,1770681752.092135,breathing,13.621866864710388,AppState.ESTIMATE_BREATHING_RATE,0.0000;3.0000,True,0.6405821442604057,1.0746960655084623,21.79622524507801,2,4.837447166442871
568,33.14680361747742,1770681752.1468036,breathing,13.64052580592443,AppState.ESTIMATE_BREATHING_RATE,0.0000;3.0000,True,0.6405821442604057,1.0613338057643393,21.754477072419295,2,4.837447166442871
569,33.19178509712219,1770681752.191785,breathing,13.660466211995981,AppState.ESTIMATE_BREATHING_RATE,0.0000;3.0000,True,0.6405821442604057,1.0508065862502283,21.716936019870992,2,4.837447166442871
570,33.246978759765625,1770681752.2469788,breathing,13.681838996575053,AppState.ESTIMATE_BREATHING_RATE,0.0000;3.0000,True,0.6405821442604057,1.0462674185634133,21.68460974997677,2,4.837447166442871
571,33.292720794677734,1770681752.2927208,breathing,13.70474834158052,AppState.ESTIMATE_BREATHING_RATE,0.0000;3.0000,True,0.6405821442604057,1.0458875782274732,21.65442691053869,2,4.837447166442871
572,33.34837341308594,1770681752.3483734,breathing,13.729290783831322,AppState.ESTIMATE_BREATHING_RATE,0.0000;3.0000,True,0.5204729922115796,1.0536959214455444,21.62515311230721,1,4.837447166442871
573,33.3936984539032,1770681752.3936985,breathing,13.75555261755753,AppState.ESTIMATE_BREATHING_RATE,0.0000;3.0000,True,0.5204729922115796,1.0584956327731623,21.588225274088657,1,4.837447166442871
574,33.44913077354431,1770681752.4491308,breathing,13.78360626093989,AppState.ESTIMATE_BREATHING_RATE,0.0000;3.0000,True,0.5204729922115796,1.0530762764889874,21.54667319923605,1,4.837447166442871
575,33.494328022003174,1770681752.494328,breathing,13.813407297434718,AppState.ESTIMATE_BREATHING_RATE,0.0000;3.0000,True,0.5204729922115796,1.050512035298874,21.49265794431913,1,4.837447166442871
576,33.54008626937866,1770681752.5400863,breathing,13.844972753627957,AppState.ESTIMATE_BREATHING_RATE,0.0000;3.0000,True,0.5204729922115796,1.035175495581853,21.44983405402292,1,4.837447166442871
577,33.596569776535034,1770681752.5965698,breathing,13.878195164669727,AppState.ESTIMATE_BREATHING_RATE,0.0000;3.0000,True,0.5204729922115796,1.0184080988899111,21.41373041133197,1,4.837447166442871
578,33.64291024208069,1770681752.6429102,breathing,13.913184222642387,AppState.ESTIMATE_BREATHING_RATE,0.0000;3.0000,True,0.5204729922115796,1.0025351205437592,21.36320099364365,1,4.837447166442871
579,33.696863889694214,1770681752.696864,breathing,13.949817972488443,AppState.ESTIMATE_BREATHING_RATE,0.0000;3.0000,True,0.5204729922115796,0.9954142475362662,21.319141212084563,1,4.837447166442871
580,33.73790526390076,1770681752.7379053,breathing,13.987712882823168,AppState.ESTIMATE_BREATHING_RATE,0.0000;3.0000,True,0.5204729922115796,1.0086375801194867,21.292180148676568,1,4.837447166442871
581,33.791032552719116,1770681752.7910326,breathing,14.02666174309158,AppState.ESTIMATE_BREATHING_RATE,0.0000;3.0000,True,0.5204729922115796,1.0225618194135686,21.27875491556137,1,4.837447166442871
582,33.84423780441284,1770681752.8442378,breathing,14.066417433871242,AppState.ESTIMATE_BREATHING_RATE,0.0000;3.0000,True,0.5204729922115796,1.0388674988426758,21.273090422015063,1,4.837447166442871
583,33.89753603935242,1770681752.897536,breathing,14.106735687263903,AppState.ESTIMATE_BREATHING_RATE,0.0000;3.0000,True,0.5204729922115796,1.052517024465182,21.266960889214737,1,4.837447166442871
584,33.940574169158936,1770681752.9405742,breathing,14.14752258863128,AppState.ESTIMATE_BREATHING_RATE,0.0000;3.0000,True,0.5204729922115796,1.0521170611184896,21.248091112839088,1,4.837447166442871
585,33.99352312088013,1770681752.9935231,breathing,14.188764006288654,AppState.ESTIMATE_BREATHING_RATE,0.0000;3.0000,True,0.5204729922115796,1.0439745641594214,21.222590702417268,1,4.837447166442871
586,34.04650163650513,1770681753.0465016,breathing,14.230662741127555,AppState.ESTIMATE_BREATHING_RATE,0.0000;3.0000,True,0.5204729922115796,1.0297990137118278,21.185678626799984,1,4.837447166442871
587,34.1066780090332,1770681753.106678,breathing,14.272901815114587,AppState.ESTIMATE_BREATHING_RATE,0.0000;3.0000,True,0.5204729922115796,1.0289673726471609,21.13818901306121,1,4.837447166442871
588,34.13982892036438,1770681753.139829,breathing,14.315964942263602,AppState.ESTIMATE_BREATHING_RATE,0.0000;3.0000,True,0.5204729922115796,1.0512325501307096,21.1206238721566,1,4.837447166442871
589,34.19301247596741,1770681753.1930125,breathing,14.360361206712245,AppState.ESTIMATE_BREATHING_RATE,0.0000;3.0000,True,0.5204729922115796,1.0727651704797405,21.093536491146203,1,4.837447166442871
590,34.24860167503357,1770681753.2486017,breathing,14.405952530085766,AppState.ESTIMATE_BREATHING_RATE,0.0000;3.0000,True,0.5204729922115796,1.0924259233008273,21.06508138712633,1,4.837447166442871
591,34.291688203811646,1770681753.2916882,breathing,14.453432448773645,AppState.ESTIMATE_BREATHING_RATE,0.0000;3.0000,True,0.5204729922115796,1.10861065185573,21.032329328067995,1,4.837447166442871
592,34.34477949142456,1770681753.3447795,breathing,14.503628431267565,AppState.ESTIMATE_BREATHING_RATE,0.0000;3.0000,True,0.5204729922115796,1.11320511869862,20.986968323846035,1,4.837447166442871
593,34.387680768966675,1770681753.3876808,breathing,14.55668534886307,AppState.ESTIMATE_BREATHING_RATE,0.0000;3.0000,True,0.5204729922115796,1.1199614399421478,20.93820035950227,1,4.837447166442871
594,34.44064712524414,1770681753.4406471,breathing,14.613248712397127,AppState.ESTIMATE_BREATHING_RATE,0.0000;3.0000,True,0.5204729922115796,1.1280355286704113,20.87470378044194,1,4.837447166442871
595,34.493531465530396,1770681753.4935315,breathing,14.674805628555786,AppState.ESTIMATE_BREATHING_RATE,0.0000;3.0000,True,0.6405821442604057,1.1374595718056646,20.804272678453522,2,4.837447166442871
596,34.54656505584717,1770681753.546565,breathing,14.74261608005237,AppState.ESTIMATE_BREATHING_RATE,0.0000;3.0000,True,0.6405821442604057,1.132951120277563,20.74774549591807,2,4.837447166442871
597,34.589473485946655,1770681753.5894735,breathing,14.81827786366398,AppState.ESTIMATE_BREATHING_RATE,0.0000;3.0000,True,0.6405821442604057,1.1331717120047575,20.680693902480662,2,4.837447166442871
598,34.64242386817932,1770681753.6424239,breathing,14.90405023258385,AppState.ESTIMATE_BREATHING_RATE,0.0000;3.0000,True,0.6405821442604057,1.1367169396927985,20.620857050226643,2,4.837447166442871
599,34.69576096534729,1770681753.695761,breathing,15.003519474041369,AppState.ESTIMATE_BREATHING_RATE,0.0000;3.0000,True,0.6405821442604057,1.1508853085317798,20.56725118835294,2,4.837447166442871
600,34.743977308273315,1770681753.7439773,breathing,15.121669418554932,AppState.ESTIMATE_BREATHING_RATE,0.0000;3.0000,True,0.7606912963092318,1.1600407725293393,20.502761154884418,3,4.837447166442871
601,34.79715275764465,1770681753.7971528,breathing,15.25150348768835,AppState.ESTIMATE_BREATHING_RATE,0.0000;3.0000,True,0.6405821442604057,1.1632979546332036,20.447045100101196,2,4.837447166442871
602,34.84023880958557,1770681753.8402388,breathing,15.336618940496328,AppState.ESTIMATE_BREATHING_RATE,0.0000;3.0000,True,0.6405821442604057,1.1540818137670115,20.396277279753235,2,4.837447166442871
603,34.89333152770996,1770681753.8933315,breathing,15.421352274874614,AppState.ESTIMATE_BREATHING_RATE,0.0000;3.0000,True,0.6405821442604057,1.1476583897636465,20.331601784514092,2,4.837447166442871
604,34.94642877578735,1770681753.9464288,breathing,15.505782284717482,AppState.ESTIMATE_BREATHING_RATE,0.0000;3.0000,True,0.6405821442604057,1.1431377429432814,20.257908149267134,2,4.837447166442871
605,34.98936367034912,1770681753.9893637,breathing,15.589745557252597,AppState.ESTIMATE_BREATHING_RATE,0.0000;3.0000,True,0.6405821442604057,1.132897197963534,20.178120826051764,2,4.837447166442871
606,35.0423800945282,1770681754.04238,breathing,15.672822319549839,AppState.ESTIMATE_BREATHING_RATE,0.0000;3.0000,True,0.6405821442604057,1.1181699113204644,20.09747734613433,2,4.837447166442871
607,35.095325231552124,1770681754.0953252,breathing,15.754292381813098,AppState.ESTIMATE_BREATHING_RATE,0.0000;3.0000,True,0.6405821442604057,1.1045449976934107,20.010892189494236,2,4.837447166442871
608,35.15600228309631,1770681754.1560023,breathing,15.833178718786602,AppState.ESTIMATE_BREATHING_RATE,0.0000;3.0000,True,0.7606912963092318,1.0963048228095231,19.92774435138164,3,4.837447166442871
609,35.1890971660614,1770681754.1890972,breathing,15.908639596613533,AppState.ESTIMATE_BREATHING_RATE,0.0000;3.0000,True,0.6405821442604057,1.098377058084224,19.843371982515297,2,4.837447166442871
610,35.24219226837158,1770681754.2421923,breathing,15.979946437382251,AppState.ESTIMATE_BREATHING_RATE,0.0000;3.0000,True,0.6405821442604057,1.1044538791762837,19.771302296063112,2,4.837447166442871
611,35.29558062553406,1770681754.2955806,breathing,16.046438136069472,AppState.ESTIMATE_BREATHING_RATE,0.0000;3.0000,True,0.6405821442604057,1.1231569893253146,19.706855713933884,2,4.837447166442871
612,35.33863401412964,1770681754.338634,breathing,16.107511835216673,AppState.ESTIMATE_BREATHING_RATE,0.0000;3.0000,True,0.5204729922115796,1.1377533914576827,19.636546744760604,1,4.837447166442871
613,35.391804933547974,1770681754.391805,breathing,16.162755139211924,AppState.ESTIMATE_BREATHING_RATE,0.0000;3.0000,True,0.6405821442604057,1.1372373450706303,19.575871695809163,2,4.837447166442871
614,35.44483947753906,1770681754.4448395,breathing,16.211960873269888,AppState.ESTIMATE_BREATHING_RATE,0.0000;3.0000,True,0.6405821442604057,1.1245411952054367,19.525747100141363,2,4.837447166442871
615,35.48789930343628,1770681754.4878993,breathing,16.25527641317075,AppState.ESTIMATE_BREATHING_RATE,0.0000;3.0000,True,0.5204729922115796,1.1022672593015799,19.46935039110799,1,4.837447166442871
616,35.54097843170166,1770681754.5409784,breathing,16.293137195055394,AppState.ESTIMATE_BREATHING_RATE,0.0000;3.0000,True,0.6405821442604057,1.0893023076887252,19.409567850694483,2,4.837447166442871
617,35.59392976760864,1770681754.5939298,breathing,16.325932218781613,AppState.ESTIMATE_BREATHING_RATE,0.0000;3.0000,True,0.6405821442604057,1.0912275070304853,19.357046940750656,2,4.837447166442871
618,35.64686679840088,1770681754.6468668,breathing,16.354194259547437,AppState.ESTIMATE_BREATHING_RATE,0.0000;3.0000,True,0.6405821442604057,1.1063150468568108,19.315194957067153,2,4.837447166442871
619,35.68987488746643,1770681754.689875,breathing,16.378508662138636,AppState.ESTIMATE_BREATHING_RATE,0.0000;3.0000,True,0.6405821442604057,1.1249157365321834,19.286195325890766,2,4.837447166442871
620,35.73888540267944,1770681754.7388854,breathing,16.39957049892166,AppState.ESTIMATE_BREATHING_RATE,0.0000;3.0000,True,0.6405821442604057,1.14536959025216,19.26452602301414,2,4.837447166442871
621,35.792081356048584,1770681754.7920814,breathing,16.418017034794882,AppState.ESTIMATE_BREATHING_RATE,0.0000;3.0000,True,0.6405821442604057,1.1742139786884054,19.244208821353944,2,4.837447166442871
622,35.846375465393066,1770681754.8463755,breathing,16.434457207753947,AppState.ESTIMATE_BREATHING_RATE,0.0000;3.0000,True,0.6405821442604057,1.1937265303032454,19.21794960951968,2,4.837447166442871
623,35.88988518714905,1770681754.8898852,breathing,16.44949290859434,AppState.ESTIMATE_BREATHING_RATE,0.0000;3.0000,True,0.6405821442604057,1.207515113587883,19.18068793331008,2,4.837447166442871
624,35.9429771900177,1770681754.9429772,breathing,16.463618399100547,AppState.ESTIMATE_BREATHING_RATE,0.0000;3.0000,True,0.6405821442604057,1.2119988354544011,19.13070498102623,2,4.837447166442871
625,35.99594259262085,1770681754.9959426,breathing,16.477312050052497,AppState.ESTIMATE_BREATHING_RATE,0.0000;3.0000,True,0.6405821442604057,1.206707062735335,19.07474359227479,2,4.837447166442871
626,36.03878474235535,1770681755.0387847,breathing,16.490950331151232,AppState.ESTIMATE_BREATHING_RATE,0.0000;3.0000,True,0.5204729922115796,1.1900163268235764,19.025054073414776,1,4.837447166442871
627,36.091761350631714,1770681755.0917614,breathing,16.504845736750163,AppState.ESTIMATE_BREATHING_RATE,0.0000;3.0000,True,0.5204729922115796,1.1675631046917267,18.988977746211383,1,4.837447166442871
628,36.14475774765015,1770681755.1447577,breathing,16.519167070725498,AppState.ESTIMATE_BREATHING_RATE,0.0000;3.0000,True,0.5204729922115796,1.1355317398177356,18.97350660965599,1,4.837447166442871
629,36.20547151565552,1770681755.2054715,breathing,16.53418543696936,AppState.ESTIMATE_BREATHING_RATE,0.0000;3.0000,True,0.5204729922115796,1.0997270438254827,18.969335390273695,1,4.837447166442871
630,36.238720655441284,1770681755.2387207,breathing,16.550166080369262,AppState.ESTIMATE_BREATHING_RATE,0.0000;3.0000,True,0.5204729922115796,1.0670007739400462,18.96375088287329,1,4.837447166442871
631,36.29217553138733,1770681755.2921755,breathing,16.56725467769532,AppState.ESTIMATE_BREATHING_RATE,0.0000;3.0000,True,0.5204729922115796,1.0398430174011277,18.947899963722243,1,4.837447166442871
632,36.34533739089966,1770681755.3453374,breathing,16.585518722393633,AppState.ESTIMATE_BREATHING_RATE,0.0000;3.0000,True,0.5204729922115796,1.0279478673055782,18.919457812456116,1,4.837447166442871
633,36.38846445083618,1770681755.3884645,breathing,16.604971040699912,AppState.ESTIMATE_BREATHING_RATE,0.0000;3.0000,True,0.6405821442604057,1.0187974105321682,18.878999005103385,2,4.837447166442871
634,36.44150257110596,1770681755.4415026,breathing,16.62555562689387,AppState.ESTIMATE_BREATHING_RATE,0.0000;3.0000,True,0.6405821442604057,1.0184299997904132,18.83481188368459,2,4.837447166442871
635,36.49438238143921,1770681755.4943824,breathing,16.647144890005563,AppState.ESTIMATE_BREATHING_RATE,0.0000;3.0000,True,0.6405821442604057,1.021566707224637,18.79603762428119,2,4.837447166442871
636,36.54746603965759,1770681755.547466,breathing,16.669548544367252,AppState.ESTIMATE_BREATHING_RATE,0.0000;3.0000,True,0.6405821442604057,1.0292532528269938,18.77139486994788,2,4.837447166442871
637,36.590333700180054,1770681755.5903337,breathing,16.692525400485756,AppState.ESTIMATE_BREATHING_RATE,0.0000;3.0000,True,0.6405821442604057,1.0495228992534715,18.765328627594364,2,4.837447166442871
638,36.64331579208374,1770681755.6433158,breathing,16.71582677458661,AppState.ESTIMATE_BREATHING_RATE,0.0000;3.0000,True,0.6405821442604057,1.0898510944724664,18.776222148607495,2,4.837447166442871
639,36.69645380973816,1770681755.6964538,breathing,16.73917571743616,AppState.ESTIMATE_BREATHING_RATE,0.0000;3.0000,True,0.6405821442604057,1.125882365034103,18.793484620265186,2,4.837447166442871
640,36.743614196777344,1770681755.7436142,breathing,16.762293554837306,AppState.ESTIMATE_BREATHING_RATE,0.0000;3.0000,True,0.5204729922115796,1.1553227508391586,18.804207818080194,1,4.837447166442871
641,36.7967746257782,1770681755.7967746,breathing,16.784847116083387,AppState.ESTIMATE_BREATHING_RATE,0.0000;3.0000,True,0.5204729922115796,1.168248349719568,18.80207428819139,1,4.837447166442871
642,36.839842319488525,1770681755.8398423,breathing,16.806583957495207,AppState.ESTIMATE_BREATHING_RATE,0.0000;3.0000,True,0.6405821442604057,1.169887450398681,18.79168008229067,2,4.837447166442871
643,36.89375948905945,1770681755.8937595,breathing,16.827300592700148,AppState.ESTIMATE_BREATHING_RATE,0.0000;3.0000,True,0.6405821442604057,1.1644297130135313,18.78143149349856,2,4.837447166442871
644,36.94693088531494,1770681755.946931,breathing,16.846730985743783,AppState.ESTIMATE_BREATHING_RATE,0.0000;3.0000,True,0.6405821442604057,1.1580725717507283,18.767763714556967,2,4.837447166442871
645,36.98976278305054,1770681755.9897628,breathing,16.86461159653693,AppState.ESTIMATE_BREATHING_RATE,0.0000;3.0000,True,0.6405821442604057,1.1493115157454743,18.747922332386644,2,4.837447166442871
646,37.042776346206665,1770681756.0427763,breathing,16.88079895683522,AppState.ESTIMATE_BREATHING_RATE,0.0000;3.0000,True,0.6405821442604057,1.1467131870374303,18.723147986833688,2,4.837447166442871
647,37.095733404159546,1770681756.0957334,breathing,16.895105837582523,AppState.ESTIMATE_BREATHING_RATE,0.0000;3.0000,True,0.6405821442604057,1.1499047995344067,18.69722087722972,2,4.837447166442871
648,37.13860583305359,1770681756.1386058,breathing,16.907455053610573,AppState.ESTIMATE_BREATHING_RATE,0.0000;3.0000,True,0.6405821442604057,1.1552493898969016,18.66834996508958,2,4.837447166442871
649,37.19173216819763,1770681756.1917322,breathing,16.917805372946695,AppState.ESTIMATE_BREATHING_RATE,0.0000;3.0000,True,0.6405821442604057,1.1612175250442243,18.634892112327897,2,4.837447166442871
650,37.262961626052856,1770681756.2629616,breathing,16.926136557390052,AppState.ESTIMATE_BREATHING_RATE,0.0000;3.0000,True,0.7606912963092318,1.1601490559043597,18.604250246045236,3,4.837447166442871
651,37.29655122756958,1770681756.2965512,breathing,16.93247682049734,AppState.ESTIMATE_BREATHING_RATE,0.0000;3.0000,True,0.7606912963092318,1.150707394963773,18.584346590431732,3,4.837447166442871
652,37.33959341049194,1770681756.3395934,breathing,16.936874014072504,AppState.ESTIMATE_BREATHING_RATE,0.0000;3.0000,True,0.7606912963092318,1.1391186172945753,18.56248373617491,3,4.837447166442871
653,37.39283514022827,1770681756.3928351,breathing,16.939326254476903,AppState.ESTIMATE_BREATHING_RATE,0.0000;3.0000,True,0.7606912963092318,1.1394934279426423,18.52871092490675,3,4.837447166442871
654,37.44597911834717,1770681756.445979,breathing,16.93986338670212,AppState.ESTIMATE_BREATHING_RATE,0.0000;3.0000,True,0.7606912963092318,1.1519780454738582,18.48489141540602,3,4.837447166442871
655,37.488969564437866,1770681756.4889696,breathing,16.938562992423403,AppState.ESTIMATE_BREATHING_RATE,0.0000;3.0000,True,0.6405821442604057,1.1714959703231052,18.448353839592,2,4.837447166442871
656,37.54199576377869,1770681756.5419958,breathing,16.935510602683806,AppState.ESTIMATE_BREATHING_RATE,0.0000;3.0000,True,0.6405821442604057,1.2036570646643354,18.418948770566132,2,4.837447166442871
657,37.59485054016113,1770681756.5948505,breathing,16.930771891547018,AppState.ESTIMATE_BREATHING_RATE,0.0000;3.0000,True,0.6405821442604057,1.233051440387557,18.38898220495169,2,4.837447166442871
658,37.63775849342346,1770681756.6377585,breathing,16.924473686262907,AppState.ESTIMATE_BREATHING_RATE,0.0000;3.0000,True,0.6405821442604057,1.2567777009082581,18.351824130183388,2,4.837447166442871
659,37.69084644317627,1770681756.6908464,breathing,16.916728580645408,AppState.ESTIMATE_BREATHING_RATE,0.0000;3.0000,True,0.6405821442604057,1.2692378817034382,18.307695208706996,2,4.837447166442871
660,37.73800539970398,1770681756.7380054,breathing,16.9075819954054,AppState.ESTIMATE_BREATHING_RATE,0.0000;3.0000,True,0.6405821442604057,1.2700415697868692,18.258116170126392,2,4.837447166442871
661,37.7910943031311,1770681756.7910943,breathing,16.89718093575896,AppState.ESTIMATE_BREATHING_RATE,0.0000;3.0000,True,0.6405821442604057,1.260125038039167,18.210941090323796,2,4.837447166442871
662,37.84429574012756,1770681756.8442957,breathing,16.885625909469685,AppState.ESTIMATE_BREATHING_RATE,0.0000;3.0000,True,0.6405821442604057,1.2383122586119644,18.169861971701152,2,4.837447166442871
663,37.89747667312622,1770681756.8974767,breathing,16.87311277825471,AppState.ESTIMATE_BREATHING_RATE,0.0000;3.0000,True,0.5204729922115796,1.2245498141631053,18.13926750673478,1,4.837447166442871
664,37.94042634963989,1770681756.9404263,breathing,16.85978577293486,AppState.ESTIMATE_BREATHING_RATE,0.0000;3.0000,True,0.6405821442604057,1.2162119099198787,18.117788562155255,2,4.837447166442871
665,37.99334192276001,1770681756.993342,breathing,16.84584684508941,AppState.ESTIMATE_BREATHING_RATE,0.0000;3.0000,True,0.6405821442604057,1.211721906897832,18.108180231042255,2,4.837447166442871
666,38.04627299308777,1770681757.046273,breathing,16.83150282922967,AppState.ESTIMATE_BREATHING_RATE,0.0000;3.0000,True,0.6405821442604057,1.2095703073800668,18.10902316562943,2,4.837447166442871
667,38.0891478061676,1770681757.0891478,breathing,16.817055928634257,AppState.ESTIMATE_BREATHING_RATE,0.0000;3.0000,True,0.6405821442604057,1.2128487575492568,18.115965975443512,2,4.837447166442871
668,38.142120599746704,1770681757.1421206,breathing,16.80269486439467,AppState.ESTIMATE_BREATHING_RATE,0.0000;3.0000,True,0.6405821442604057,1.2183891645145382,18.123448987782986,2,4.837447166442871
669,38.19495725631714,1770681757.1949573,breathing,16.78860379883745,AppState.ESTIMATE_BREATHING_RATE,0.0000;3.0000,True,0.6405821442604057,1.2159907110273138,18.128176934953316,2,4.837447166442871
670,38.23776316642761,1770681757.2377632,breathing,16.774875920134118,AppState.ESTIMATE_BREATHING_RATE,0.0000;3.0000,True,0.6405821442604057,1.205696800390717,18.125292846228845,2,4.837447166442871
671,38.30922555923462,1770681757.3092256,breathing,16.761625997387927,AppState.ESTIMATE_BREATHING_RATE,0.0000;3.0000,True,0.6405821442604057,1.2141019737069223,18.10826770010555,2,4.837447166442871
672,38.34278917312622,1770681757.3427892,breathing,16.74892457280317,AppState.ESTIMATE_BREATHING_RATE,0.0000;3.0000,True,0.6405821442604057,1.2302184424538538,18.079616181150143,2,4.837447166442871
673,38.39605259895325,1770681757.3960526,breathing,16.736769461322687,AppState.ESTIMATE_BREATHING_RATE,0.0000;3.0000,True,0.6405821442604057,1.24330906345828,18.04701165521169,2,4.837447166442871
674,38.43910312652588,1770681757.4391031,breathing,16.72509978211223,AppState.ESTIMATE_BREATHING_RATE,0.0000;3.0000,True,0.6405821442604057,1.2690067915735173,18.014567756710253,2,4.837447166442871
675,38.49219989776611,1770681757.4922,breathing,16.713861955361203,AppState.ESTIMATE_BREATHING_RATE,0.0000;3.0000,True,0.6405821442604057,1.2931952880360018,17.980976756518267,2,4.837447166442871
676,38.54527997970581,1770681757.54528,breathing,16.702894106236524,AppState.ESTIMATE_BREATHING_RATE,0.0000;3.0000,True,0.6405821442604057,1.2942589257481028,17.93762435898096,2,4.837447166442871
677,38.588146924972534,1770681757.588147,breathing,16.692080222521767,AppState.ESTIMATE_BREATHING_RATE,0.0000;3.0000,True,0.6405821442604057,1.2832052843843773,17.89091102317134,2,4.837447166442871
678,38.641106367111206,1770681757.6411064,breathing,16.681137567750397,AppState.ESTIMATE_BREATHING_RATE,0.0000;3.0000,True,0.40036384016275356,1.2575956272105882,17.867344545591965,0,4.837447166442871
679,38.6964647769928,1770681757.6964648,breathing,16.67010137942949,AppState.ESTIMATE_BREATHING_RATE,0.0000;3.0000,True,0.40036384016275356,1.2325790739443159,17.873008240811142,0,4.837447166442871
680,38.74795722961426,1770681757.7479572,breathing,16.658768589140312,AppState.ESTIMATE_BREATHING_RATE,0.0000;3.0000,True,0.40036384016275356,1.2034520104626716,17.902513495627225,0,4.837447166442871
681,38.79354906082153,1770681757.793549,breathing,16.646959273686267,AppState.ESTIMATE_BREATHING_RATE,0.0000;3.0000,True,0.40036384016275356,1.1757938444111398,17.94672936592705,0,4.837447166442871
682,38.84963655471802,1770681757.8496366,breathing,16.634692546417956,AppState.ESTIMATE_BREATHING_RATE,0.0000;3.0000,True,0.40036384016275356,1.154401819792707,17.98497338201825,0,4.837447166442871
683,38.895116329193115,1770681757.8951163,breathing,16.621620869951386,AppState.ESTIMATE_BREATHING_RATE,0.0000;3.0000,True,0.40036384016275356,1.1429394376854527,18.00661502776624,0,4.837447166442871
684,38.94066119194031,1770681757.9406612,breathing,16.607557961095058,AppState.ESTIMATE_BREATHING_RATE,0.0000;3.0000,True,0.40036384016275356,1.139987321782601,18.025047103535705,0,4.837447166442871
685,38.996094942092896,1770681757.996095,breathing,16.59232227703008,AppState.ESTIMATE_BREATHING_RATE,0.0000;3.0000,True,0.40036384016275356,1.130260257368314,18.04132478213158,0,4.837447166442871
686,39.04139304161072,1770681758.041393,breathing,16.575878465314588,AppState.ESTIMATE_BREATHING_RATE,0.0000;3.0000,True,0.40036384016275356,1.1222523204827386,18.04674560610956,0,4.837447166442871
687,39.09679579734802,1770681758.0967958,breathing,16.558203095426673,AppState.ESTIMATE_BREATHING_RATE,0.0000;3.0000,True,0.40036384016275356,1.1184892416064827,18.039585473410938,0,4.837447166442871
688,39.14224457740784,1770681758.1422446,breathing,16.53935372347662,AppState.ESTIMATE_BREATHING_RATE,0.0000;3.0000,True,0.40036384016275356,1.1061292395100324,18.03087796627105,0,4.837447166442871
689,39.19759249687195,1770681758.1975925,breathing,16.51945246620024,AppState.ESTIMATE_BREATHING_RATE,0.0000;3.0000,True,0.40036384016275356,1.0962104090625098,18.019650112054215,0,4.837447166442871
690,39.242915630340576,1770681758.2429156,breathing,16.498689723010777,AppState.ESTIMATE_BREATHING_RATE,0.0000;3.0000,True,0.40036384016275356,1.0894527475598588,17.994279434040752,0,4.837447166442871
691,39.29832458496094,1770681758.2983246,breathing,16.477229090644688,AppState.ESTIMATE_BREATHING_RATE,0.0000;3.0000,True,0.6405821442604057,1.0943860038942024,17.973720012511265,2,4.837447166442871
692,39.37967658042908,1770681758.3796766,breathing,16.455275032789626,AppState.ESTIMATE_BREATHING_RATE,0.0000;3.0000,True,0.6405821442604057,1.1009282481871776,17.960136715873727,2,4.837447166442871
693,39.39384388923645,1770681758.393844,breathing,16.433015720490868,AppState.ESTIMATE_BREATHING_RATE,0.0000;3.0000,True,0.6405821442604057,1.1067273520445626,17.941090849555888,2,4.837447166442871
694,39.44816565513611,1770681758.4481657,breathing,16.410696097161935,AppState.ESTIMATE_BREATHING_RATE,0.0000;3.0000,True,0.40036384016275356,1.126409263574495,17.91875811414888,0,4.837447166442871
695,39.49364376068115,1770681758.4936438,breathing,16.388564113860667,AppState.ESTIMATE_BREATHING_RATE,0.0000;3.0000,True,0.40036384016275356,1.147671421705625,17.91506364037935,0,4.837447166442871
696,39.5491840839386,1770681758.549184,breathing,16.36675363373699,AppState.ESTIMATE_BREATHING_RATE,0.0000;3.0000,True,0.40036384016275356,1.1746423881888592,17.936109652253705,0,4.837447166442871
697,39.59442138671875,1770681758.5944214,breathing,16.34542533138486,AppState.ESTIMATE_BREATHING_RATE,0.0000;3.0000,True,0.40036384016275356,1.2114501308751369,17.980469503854117,0,4.837447166442871
698,39.63974475860596,1770681758.6397448,breathing,16.324611856738088,AppState.ESTIMATE_BREATHING_RATE,0.0000;3.0000,True,0.40036384016275356,1.256340787134461,18.040223599526676,0,4.837447166442871
699,39.6955087184906,1770681758.6955087,breathing,16.304359078354082,AppState.ESTIMATE_BREATHING_RATE,0.0000;3.0000,True,0.40036384016275356,1.2855770667431905,18.107028314554952,0,4.837447166442871
700,39.748538970947266,1770681758.748539,breathing,16.28466101712018,AppState.ESTIMATE_BREATHING_RATE,0.0000;3.0000,True,0.40036384016275356,1.3149235130674581,18.168088349950242,0,4.837447166442871
701,39.794073820114136,1770681758.7940738,breathing,16.265501945923496,AppState.ESTIMATE_BREATHING_RATE,0.0000;3.0000,True,0.40036384016275356,1.338835761870353,18.21724786218545,0,4.837447166442871
702,39.84998297691345,1770681758.849983,breathing,16.246835288596465,AppState.ESTIMATE_BREATHING_RATE,0.0000;3.0000,True,0.40036384016275356,1.3585786290888802,18.251651320132655,0,4.837447166442871
703,39.895530462265015,1770681758.8955305,breathing,16.228576765013266,AppState.ESTIMATE_BREATHING_RATE,0.0000;3.0000,True,0.40036384016275356,1.379105249850203,18.266693743592263,0,4.837447166442871
704,39.940985679626465,1770681758.9409857,breathing,16.210600981544623,AppState.ESTIMATE_BREATHING_RATE,0.0000;3.0000,True,0.40036384016275356,1.3888473614887755,18.267408400779576,0,4.837447166442871
705,39.996405601501465,1770681758.9964056,breathing,16.192690611413283,AppState.ESTIMATE_BREATHING_RATE,0.0000;3.0000,True,0.40036384016275356,1.3866894289990883,18.270285982205273,0,4.837447166442871
706,40.04173398017883,1770681759.041734,breathing,16.174552059440458,AppState.ESTIMATE_BREATHING_RATE,0.0000;3.0000,True,0.40036384016275356,1.374569855242163,18.28068654382235,0,4.837447166442871
707,40.09712290763855,1770681759.097123,breathing,16.156165010890913,AppState.ESTIMATE_BREATHING_RATE,0.0000;3.0000,True,0.40036384016275356,1.3674762254019774,18.288576536120456,0,4.837447166442871
708,40.14248871803284,1770681759.1424887,breathing,16.13760110803703,AppState.ESTIMATE_BREATHING_RATE,0.0000;3.0000,True,0.40036384016275356,1.3669532681204433,18.283335977502457,0,4.837447166442871
709,40.19792413711548,1770681759.1979241,breathing,16.1188003173637,AppState.ESTIMATE_BREATHING_RATE,0.0000;3.0000,True,0.6405821442604057,1.381952765768177,18.283402360900322,2,4.837447166442871
710,40.243176221847534,1770681759.2431762,breathing,16.099733707212422,AppState.ESTIMATE_BREATHING_RATE,0.0000;3.0000,True,0.6405821442604057,1.382957719004227,18.29614211314271,2,4.837447166442871
711,40.29860782623291,1770681759.2986078,breathing,16.0804500947905,AppState.ESTIMATE_BREATHING_RATE,0.0000;3.0000,True,0.6405821442604057,1.377794931897654,18.316158834337998,2,4.837447166442871
712,40.34404516220093,1770681759.3440452,breathing,16.06095266270696,AppState.ESTIMATE_BREATHING_RATE,0.0000;3.0000,True,0.6405821442604057,1.3752506828221316,18.329764867065474,2,4.837447166442871
713,40.437045097351074,1770681759.437045,breathing,16.04149102594719,AppState.ESTIMATE_BREATHING_RATE,0.0000;3.0000,True,0.6405821442604057,1.3665117193969054,18.332141533254678,2,4.837447166442871
714,40.45256328582764,1770681759.4525633,breathing,16.0219697415116,AppState.ESTIMATE_BREATHING_RATE,0.0000;3.0000,True,0.6405821442604057,1.362556685035381,18.325359107619978,2,4.837447166442871
715,40.49696326255798,1770681759.4969633,breathing,16.00234781001905,AppState.ESTIMATE_BREATHING_RATE,0.0000;3.0000,True,0.6405821442604057,1.3609225815088675,18.30752518915113,2,4.837447166442871
716,40.541274070739746,1770681759.541274,breathing,15.982729220596982,AppState.ESTIMATE_BREATHING_RATE,0.0000;3.0000,True,0.6405821442604057,1.3766957678034935,18.276357259322804,2,4.837447166442871
717,40.59683132171631,1770681759.5968313,breathing,15.963146760562557,AppState.ESTIMATE_BREATHING_RATE,0.0000;3.0000,True,0.40036384016275356,1.4046540471607982,18.256478301818696,0,4.837447166442871
718,40.64223599433899,1770681759.642236,breathing,15.943552563658068,AppState.ESTIMATE_BREATHING_RATE,0.0000;3.0000,True,0.40036384016275356,1.4390148689021478,18.25860118420987,0,4.837447166442871
719,40.69791769981384,1770681759.6979177,breathing,15.92394951941287,AppState.ESTIMATE_BREATHING_RATE,0.0000;3.0000,True,0.40036384016275356,1.4771029288727833,18.26883895018561,0,4.837447166442871
720,40.748499155044556,1770681759.7484992,breathing,15.904310732726413,AppState.ESTIMATE_BREATHING_RATE,0.0000;3.0000,True,0.40036384016275356,1.5144994909559208,18.27335645390423,0,4.837447166442871
721,40.794055461883545,1770681759.7940555,breathing,15.884674471982104,AppState.ESTIMATE_BREATHING_RATE,0.0000;3.0000,True,0.40036384016275356,1.5391178153496743,18.263137167387935,0,4.837447166442871
722,40.84241461753845,1770681759.8424146,breathing,15.864954559436836,AppState.ESTIMATE_BREATHING_RATE,0.0000;3.0000,True,0.40036384016275356,1.5590364147697178,18.236926028985952,0,4.837447166442871
723,40.897273778915405,1770681759.8972738,breathing,15.845065292642856,AppState.ESTIMATE_BREATHING_RATE,0.0000;3.0000,True,0.40036384016275356,1.5776272323048741,18.19628395257084,0,4.837447166442871
724,40.940775871276855,1770681759.9407759,breathing,15.82493379997359,AppState.ESTIMATE_BREATHING_RATE,0.0000;3.0000,True,0.40036384016275356,1.5858249059458436,18.143387532910353,0,4.837447166442871
725,40.993916511535645,1770681759.9939165,breathing,15.804443315628129,AppState.ESTIMATE_BREATHING_RATE,0.0000;3.0000,True,0.7606912963092318,1.5927134664477307,18.089125416717653,3,4.837447166442871
726,41.04691004753113,1770681760.04691,breathing,15.783495246105563,AppState.ESTIMATE_BREATHING_RATE,0.0000;3.0000,True,0.7606912963092318,1.5928908975265943,18.03238857019093,3,4.837447166442871
727,41.08970880508423,1770681760.0897088,breathing,15.76192884794216,AppState.ESTIMATE_BREATHING_RATE,0.0000;3.0000,True,0.5204729922115796,1.572734909802916,17.990253927057022,1,4.837447166442871
728,41.14267563819885,1770681760.1426756,breathing,15.739659488419509,AppState.ESTIMATE_BREATHING_RATE,0.0000;3.0000,True,0.5204729922115796,1.5401913495449608,17.972902531974555,1,4.837447166442871
729,41.19563269615173,1770681760.1956327,breathing,15.71668443704026,AppState.ESTIMATE_BREATHING_RATE,0.0000;3.0000,True,0.40036384016275356,1.500184968753174,17.975443899471042,0,4.837447166442871
730,41.23839521408081,1770681760.2383952,breathing,15.69297421959404,AppState.ESTIMATE_BREATHING_RATE,0.0000;3.0000,True,0.40036384016275356,1.4511293340760345,18.005480904389376,0,4.837447166442871
731,41.29137301445007,1770681760.291373,breathing,15.668961864683006,AppState.ESTIMATE_BREATHING_RATE,0.0000;3.0000,True,0.40036384016275356,1.4041687319718066,18.063566241550355,0,4.837447166442871
732,41.34438943862915,1770681760.3443894,breathing,15.644448521828075,AppState.ESTIMATE_BREATHING_RATE,0.0000;3.0000,True,0.40036384016275356,1.3582836892882728,18.136548975116714,0,4.837447166442871
733,41.397284746170044,1770681760.3972847,breathing,15.619771562934181,AppState.ESTIMATE_BREATHING_RATE,0.0000;3.0000,True,0.40036384016275356,1.3129530009834336,18.214181693048303,0,4.837447166442871
734,41.459726333618164,1770681760.4597263,breathing,15.595150503464515,AppState.ESTIMATE_BREATHING_RATE,0.0000;3.0000,True,0.40036384016275356,1.268566913601511,18.295809436420317,0,4.837447166442871
735,41.49323749542236,1770681760.4932375,breathing,15.570633346182017,AppState.ESTIMATE_BREATHING_RATE,0.0000;3.0000,True,0.40036384016275356,1.2253669194147645,18.390071214687573,0,4.837447166442871
736,41.54667615890503,1770681760.5466762,breathing,15.546622762227752,AppState.ESTIMATE_BREATHING_RATE,0.0000;3.0000,True,0.40036384016275356,1.1894128853155845,18.47364216276258,0,4.837447166442871
737,41.58972477912903,1770681760.5897248,breathing,15.523228755225048,AppState.ESTIMATE_BREATHING_RATE,0.0000;3.0000,True,0.40036384016275356,1.1599538620704561,18.536812484293076,0,4.837447166442871
738,41.64290809631348,1770681760.642908,breathing,15.50059654349817,AppState.ESTIMATE_BREATHING_RATE,0.0000;3.0000,True,0.40036384016275356,1.1292447513491948,18.58284168979922,0,4.837447166442871
739,41.69603943824768,1770681760.6960394,breathing,15.47895930046252,AppState.ESTIMATE_BREATHING_RATE,0.0000;3.0000,True,0.5204729922115796,1.110172224408604,18.612469525230598,1,4.837447166442871
740,41.74678635597229,1770681760.7467864,breathing,15.458251703482237,AppState.ESTIMATE_BREATHING_RATE,0.0000;3.0000,True,0.5204729922115796,1.1001089747145811,18.624088247603844,1,4.837447166442871
741,41.78984022140503,1770681760.7898402,breathing,15.438283816685312,AppState.ESTIMATE_BREATHING_RATE,0.0000;3.0000,True,0.5204729922115796,1.090635634163557,18.617813233429217,1,4.837447166442871
742,41.84298014640808,1770681760.8429801,breathing,15.418909907798408,AppState.ESTIMATE_BREATHING_RATE,0.0000;3.0000,True,0.5204729922115796,1.0745274321876137,18.60665559458209,1,4.837447166442871
743,41.89628982543945,1770681760.8962898,breathing,15.400270954252354,AppState.ESTIMATE_BREATHING_RATE,0.0000;3.0000,True,0.5204729922115796,1.0642266503452196,18.601337888933507,1,4.837447166442871
744,41.940362215042114,1770681760.9403622,breathing,15.38230932250721,AppState.ESTIMATE_BREATHING_RATE,0.0000;3.0000,True,0.5204729922115796,1.0584825879695805,18.59284865048823,1,4.837447166442871
745,41.99354004859924,1770681760.99354,breathing,15.364806352436123,AppState.ESTIMATE_BREATHING_RATE,0.0000;3.0000,True,0.5204729922115796,1.0564701905045923,18.571656863236505,1,4.837447166442871
746,42.046529054641724,1770681761.046529,breathing,15.347639760916131,AppState.ESTIMATE_BREATHING_RATE,0.0000;3.0000,True,0.5204729922115796,1.0556487525604223,18.535634979642357,1,4.837447166442871
747,42.08935856819153,1770681761.0893586,breathing,15.33071696850964,AppState.ESTIMATE_BREATHING_RATE,0.0000;3.0000,True,0.40036384016275356,1.0570675008662118,18.489768089563267,0,4.837447166442871
748,42.1423237323761,1770681761.1423237,breathing,15.314090989782784,AppState.ESTIMATE_BREATHING_RATE,0.0000;3.0000,True,0.40036384016275356,1.0663403335715456,18.446936608594097,0,4.837447166442871
749,42.19542360305786,1770681761.1954236,breathing,15.297751617665377,AppState.ESTIMATE_BREATHING_RATE,0.0000;3.0000,True,0.40036384016275356,1.0919007818245738,18.411432026047873,0,4.837447166442871
750,42.238266706466675,1770681761.2382667,breathing,15.281659483799183,AppState.ESTIMATE_BREATHING_RATE,0.0000;3.0000,True,0.40036384016275356,1.11419302929946,18.382667801887937,0,4.837447166442871
751,42.291187047958374,1770681761.291187,breathing,15.265929804803228,AppState.ESTIMATE_BREATHING_RATE,0.0000;3.0000,True,0.40036384016275356,1.1551699317773316,18.356640119231756,0,4.837447166442871
752,42.344236850738525,1770681761.3442369,breathing,15.25068673299666,AppState.ESTIMATE_BREATHING_RATE,0.0000;3.0000,True,0.5204729922115796,1.1832274745890843,18.327488962911,1,4.837447166442871
753,42.39714503288269,1770681761.397145,breathing,15.236011373544784,AppState.ESTIMATE_BREATHING_RATE,0.0000;3.0000,True,0.40036384016275356,1.1926435514212983,18.291786068096176,0,4.837447166442871
754,42.43998599052429,1770681761.439986,breathing,15.212188203259164,AppState.ESTIMATE_BREATHING_RATE,0.0000;3.0000,True,0.40036384016275356,1.1820028850326332,18.282418255136523,0,4.837447166442871
755,42.51328229904175,1770681761.5132823,breathing,15.189833004470257,AppState.ESTIMATE_BREATHING_RATE,0.0000;3.0000,True,0.40036384016275356,1.1771804126928491,18.26122566232963,0,4.837447166442871
756,42.546494245529175,1770681761.5464942,breathing,15.170385623792694,AppState.ESTIMATE_BREATHING_RATE,0.0000;3.0000,True,0.40036384016275356,1.2131051119617753,18.271749060741094,0,4.837447166442871
757,42.58962678909302,1770681761.5896268,breathing,15.153468699248316,AppState.ESTIMATE_BREATHING_RATE,0.0000;3.0000,True,0.40036384016275356,1.2772751395413915,18.324172210740887,0,4.837447166442871
758,42.64280366897583,1770681761.6428037,breathing,15.13862270951963,AppState.ESTIMATE_BREATHING_RATE,0.0000;3.0000,True,0.40036384016275356,1.3439653381490413,18.40106721641846,0,4.837447166442871
759,42.69605278968811,1770681761.6960528,breathing,15.12553093113269,AppState.ESTIMATE_BREATHING_RATE,0.0000;3.0000,True,0.40036384016275356,1.4114701640956482,18.47943203348532,0,4.837447166442871
760,42.743353843688965,1770681761.7433538,breathing,15.114263829250763,AppState.ESTIMATE_BREATHING_RATE,0.0000;3.0000,True,0.40036384016275356,1.475498798222533,18.551456973874075,0,4.837447166442871
761,42.796518087387085,1770681761.796518,breathing,15.104588001839101,AppState.ESTIMATE_BREATHING_RATE,0.0000;3.0000,True,0.40036384016275356,1.5231118084359687,18.615633929772088,0,4.837447166442871
762,42.839864015579224,1770681761.839864,breathing,15.096317738885428,AppState.ESTIMATE_BREATHING_RATE,0.0000;3.0000,True,0.40036384016275356,1.5624780767500994,18.674569599071745,0,4.837447166442871
763,42.89313101768494,1770681761.893131,breathing,15.08912911813119,AppState.ESTIMATE_BREATHING_RATE,0.0000;3.0000,True,0.40036384016275356,1.5931765653136787,18.73097221184783,0,4.837447166442871
764,42.94616436958313,1770681761.9461644,breathing,15.082758234409207,AppState.ESTIMATE_BREATHING_RATE,0.0000;3.0000,True,0.40036384016275356,1.6269803765882216,18.78863701946664,0,4.837447166442871
765,42.98899817466736,1770681761.9889982,breathing,15.076740810557792,AppState.ESTIMATE_BREATHING_RATE,0.0000;3.0000,True,0.40036384016275356,1.6489317166880169,18.84259562848087,0,4.837447166442871
766,43.04194259643555,1770681762.0419426,breathing,15.070839557461637,AppState.ESTIMATE_BREATHING_RATE,0.0000;3.0000,True,0.40036384016275356,1.6680474972456572,18.892268478524183,0,4.837447166442871
767,43.094897985458374,1770681762.094898,breathing,15.064808880653418,AppState.ESTIMATE_BREATHING_RATE,0.0000;3.0000,True,0.40036384016275356,1.6936828185236736,18.936355295312843,0,4.837447166442871
768,43.137744426727295,1770681762.1377444,breathing,15.058271277397367,AppState.ESTIMATE_BREATHING_RATE,0.0000;3.0000,True,0.40036384016275356,1.7099606767643751,18.965543561413952,0,4.837447166442871
769,43.190664529800415,1770681762.1906645,breathing,15.05152963780766,AppState.ESTIMATE_BREATHING_RATE,0.0000;3.0000,True,0.40036384016275356,1.7179952110193417,18.97928683972703,0,4.837447166442871
770,43.243616819381714,1770681762.2436168,breathing,15.04458980040971,AppState.ESTIMATE_BREATHING_RATE,0.0000;3.0000,True,0.40036384016275356,1.7191406435395074,18.980351991675043,0,4.837447166442871
771,43.296573638916016,1770681762.2965736,breathing,15.03721100525221,AppState.ESTIMATE_BREATHING_RATE,0.0000;3.0000,True,0.40036384016275356,1.719232894454399,18.967402776369937,0,4.837447166442871
772,43.339428663253784,1770681762.3394287,breathing,15.029252343351715,AppState.ESTIMATE_BREATHING_RATE,0.0000;3.0000,True,0.6405821442604057,1.7056151258529257,18.941328993638447,2,4.837447166442871
773,43.39239239692688,1770681762.3923924,breathing,15.020805032691399,AppState.ESTIMATE_BREATHING_RATE,0.0000;3.0000,True,0.6405821442604057,1.6849700275167767,18.9191874690853,2,4.837447166442871
774,43.44526481628418,1770681762.4452648,breathing,15.011917542274308,AppState.ESTIMATE_BREATHING_RATE,0.0000;3.0000,True,0.6405821442604057,1.6597466793184363,18.907750266818887,2,4.837447166442871
775,43.488126277923584,1770681762.4881263,breathing,15.002539243087522,AppState.ESTIMATE_BREATHING_RATE,0.0000;3.0000,True,0.6405821442604057,1.6294055113680133,18.90487169595517,2,4.837447166442871
776,43.56347179412842,1770681762.5634718,breathing,14.992780733871358,AppState.ESTIMATE_BREATHING_RATE,0.0000;3.0000,True,0.6405821442604057,1.5965810293732636,18.906712191023157,2,4.837447166442871
777,43.59678864479065,1770681762.5967886,breathing,14.98259843793199,AppState.ESTIMATE_BREATHING_RATE,0.0000;3.0000,True,0.6405821442604057,1.5580494057937977,18.915065645818146,2,4.837447166442871
778,43.6401469707489,1770681762.640147,breathing,14.971981418590973,AppState.ESTIMATE_BREATHING_RATE,0.0000;3.0000,True,0.6405821442604057,1.5252475617737873,18.933159268306632,2,4.837447166442871
779,43.69329762458801,1770681762.6932976,breathing,14.961014489551445,AppState.ESTIMATE_BREATHING_RATE,0.0000;3.0000,True,0.6405821442604057,1.499780628811841,18.953973561473568,2,4.837447166442871
780,43.7416136264801,1770681762.7416136,breathing,14.949642772201187,AppState.ESTIMATE_BREATHING_RATE,0.0000;3.0000,True,0.6405821442604057,1.483809680199368,18.96887988338673,2,4.837447166442871
781,43.794718503952026,1770681762.7947185,breathing,14.937646971041335,AppState.ESTIMATE_BREATHING_RATE,0.0000;3.0000,True,0.6405821442604057,1.483214353866616,18.974288763022983,2,4.837447166442871
782,43.83770704269409,1770681762.837707,breathing,14.92486936804941,AppState.ESTIMATE_BREATHING_RATE,0.0000;3.0000,True,0.6405821442604057,1.496676807831526,18.97163522523143,2,4.837447166442871
783,43.89084601402283,1770681762.890846,breathing,14.911192995434648,AppState.ESTIMATE_BREATHING_RATE,0.0000;3.0000,True,0.6405821442604057,1.5133717401615892,18.963347661724182,2,4.837447166442871
784,43.94394135475159,1770681762.9439414,breathing,14.896457747508844,AppState.ESTIMATE_BREATHING_RATE,0.0000;3.0000,True,0.6405821442604057,1.526089786368736,18.953738236984393,2,4.837447166442871
785,43.99694061279297,1770681762.9969406,breathing,14.880652558990878,AppState.ESTIMATE_BREATHING_RATE,0.0000;3.0000,True,0.6405821442604057,1.5360580038142726,18.945630655430914,2,4.837447166442871
786,44.039783239364624,1770681763.0397832,breathing,14.863820366222761,AppState.ESTIMATE_BREATHING_RATE,0.0000;3.0000,True,0.6405821442604057,1.5337839171129029,18.944400212792097,2,4.837447166442871
787,44.092820167541504,1770681763.0928202,breathing,14.845972138016817,AppState.ESTIMATE_BREATHING_RATE,0.0000;3.0000,True,0.6405821442604057,1.533019980348246,18.95563990666704,2,4.837447166442871
788,44.14575958251953,1770681763.1457596,breathing,14.827203222343421,AppState.ESTIMATE_BREATHING_RATE,0.0000;3.0000,True,0.6405821442604057,1.5252516155879616,18.978040346825896,2,4.837447166442871
789,44.18863010406494,1770681763.18863,breathing,14.807683139233008,AppState.ESTIMATE_BREATHING_RATE,0.0000;3.0000,True,0.6405821442604057,1.5075269996047505,19.007137637756596,2,4.837447166442871
790,44.24150991439819,1770681763.24151,breathing,14.787637790250994,AppState.ESTIMATE_BREATHING_RATE,0.0000;3.0000,True,0.6405821442604057,1.4864515649623538,19.040183734861312,2,4.837447166442871
791,44.29444360733032,1770681763.2944436,breathing,14.767223539350551,AppState.ESTIMATE_BREATHING_RATE,0.0000;3.0000,True,0.6405821442604057,1.454909329091095,19.075335518278827,2,4.837447166442871
792,44.34744095802307,1770681763.347441,breathing,14.746567943301343,AppState.ESTIMATE_BREATHING_RATE,0.0000;3.0000,True,0.6405821442604057,1.421027791191006,19.111811937575563,2,4.837447166442871
793,44.39026641845703,1770681763.3902664,breathing,14.725741484109061,AppState.ESTIMATE_BREATHING_RATE,0.0000;3.0000,True,0.6405821442604057,1.3973830272133019,19.150662968665547,2,4.837447166442871
794,44.44311857223511,1770681763.4431186,breathing,14.704876054788516,AppState.ESTIMATE_BREATHING_RATE,0.0000;3.0000,True,0.6405821442604057,1.3776201967515922,19.191636903727044,2,4.837447166442871
795,44.496089696884155,1770681763.4960897,breathing,14.68407906280652,AppState.ESTIMATE_BREATHING_RATE,0.0000;3.0000,True,0.6405821442604057,1.3698052790203776,19.232533175445088,2,4.837447166442871
796,44.53903818130493,1770681763.5390382,breathing,14.663483952771236,AppState.ESTIMATE_BREATHING_RATE,0.0000;3.0000,True,0.6405821442604057,1.3650604809910414,19.268131083430298,2,4.837447166442871
797,44.61117672920227,1770681763.6111767,breathing,14.64317027470151,AppState.ESTIMATE_BREATHING_RATE,0.0000;3.0000,True,0.6405821442604057,1.3666482538360718,19.293589184601483,2,4.837447166442871
798,44.644376277923584,1770681763.6443763,breathing,14.623193507786912,AppState.ESTIMATE_BREATHING_RATE,0.0000;3.0000,True,0.6405821442604057,1.3655442048170512,19.299358871591107,2,4.837447166442871
799,44.697561264038086,1770681763.6975613,breathing,14.603637837422578,AppState.ESTIMATE_BREATHING_RATE,0.0000;3.0000,True,0.6405821442604057,1.364109696364681,19.293210642892014,2,4.837447166442871
800,44.73836588859558,1770681763.738366,breathing,14.584536126471207,AppState.ESTIMATE_BREATHING_RATE,0.0000;3.0000,True,0.6405821442604057,1.3767474407781486,19.28274353346958,2,4.837447166442871
801,44.79186391830444,1770681763.791864,breathing,14.565947295141951,AppState.ESTIMATE_BREATHING_RATE,0.0000;3.0000,True,0.6405821442604057,1.3847528321194607,19.27115585519276,2,4.837447166442871
802,44.84504580497742,1770681763.8450458,breathing,14.547829550594932,AppState.ESTIMATE_BREATHING_RATE,0.0000;3.0000,True,0.6405821442604057,1.38770620825534,19.257421261762623,2,4.837447166442871
803,44.88800382614136,1770681763.8880038,breathing,14.530144724772796,AppState.ESTIMATE_BREATHING_RATE,0.0000;3.0000,True,0.6405821442604057,1.3822673873733051,19.234143416361192,2,4.837447166442871
804,44.941025257110596,1770681763.9410253,breathing,14.512975925952668,AppState.ESTIMATE_BREATHING_RATE,0.0000;3.0000,True,0.6405821442604057,1.3655414974009905,19.195267283119378,2,4.837447166442871
805,44.99391531944275,1770681763.9939153,breathing,14.49634627835295,AppState.ESTIMATE_BREATHING_RATE,0.0000;3.0000,True,0.6405821442604057,1.3356887042867847,19.151661593118355,2,4.837447166442871
806,45.0468430519104,1770681764.046843,breathing,14.480199794486536,AppState.ESTIMATE_BREATHING_RATE,0.0000;3.0000,True,0.5204729922115796,1.2946400866338792,19.132018273276277,1,4.837447166442871
807,45.0897262096405,1770681764.0897262,breathing,14.464482959819989,AppState.ESTIMATE_BREATHING_RATE,0.0000;3.0000,True,0.5204729922115796,1.2612545079462634,19.118524194414533,1,4.837447166442871
808,45.142680644989014,1770681764.1426806,breathing,14.449184443291053,AppState.ESTIMATE_BREATHING_RATE,0.0000;3.0000,True,0.5204729922115796,1.2446607367867046,19.091382431237143,1,4.837447166442871
809,45.19581437110901,1770681764.1958144,breathing,14.43415677594691,AppState.ESTIMATE_BREATHING_RATE,0.0000;3.0000,True,0.5204729922115796,1.2421798853425077,19.067266659907354,1,4.837447166442871
810,45.23867177963257,1770681764.2386718,breathing,14.41924539402722,AppState.ESTIMATE_BREATHING_RATE,0.0000;3.0000,True,0.6405821442604057,1.265988622734058,19.057372494091986,2,4.837447166442871
811,45.29167151451111,1770681764.2916715,breathing,14.404299000797774,AppState.ESTIMATE_BREATHING_RATE,0.0000;3.0000,True,0.6405821442604057,1.2914862716738618,19.061784395966807,2,4.837447166442871
812,45.34467148780823,1770681764.3446715,breathing,14.389234590094771,AppState.ESTIMATE_BREATHING_RATE,0.0000;3.0000,True,0.6405821442604057,1.3117721338137873,19.07662060036834,2,4.837447166442871
813,45.38755512237549,1770681764.3875551,breathing,14.37399883031257,AppState.ESTIMATE_BREATHING_RATE,0.0000;3.0000,True,0.6405821442604057,1.3324934083351754,19.100319419086112,2,4.837447166442871
814,45.44046354293823,1770681764.4404635,breathing,14.358567242342183,AppState.ESTIMATE_BREATHING_RATE,0.0000;3.0000,True,0.6405821442604057,1.3461479313848832,19.134645499862263,2,4.837447166442871
815,45.49354529380798,1770681764.4935453,breathing,14.34288471115188,AppState.ESTIMATE_BREATHING_RATE,0.0000;3.0000,True,0.6405821442604057,1.3532845576429637,19.176369126057118,2,4.837447166442871
816,45.5465133190155,1770681764.5465133,breathing,14.326988173909498,AppState.ESTIMATE_BREATHING_RATE,0.0000;3.0000,True,0.6405821442604057,1.36055334362785,19.21910078447693,2,4.837447166442871
817,45.589410066604614,1770681764.58941,breathing,14.310934438172863,AppState.ESTIMATE_BREATHING_RATE,0.0000;3.0000,True,0.6405821442604057,1.3609069023910612,19.263094303663294,2,4.837447166442871
818,45.65957188606262,1770681764.659572,breathing,14.29477956536705,AppState.ESTIMATE_BREATHING_RATE,0.0000;3.0000,True,0.6405821442604057,1.366443716109519,19.313839095477615,2,4.837447166442871
819,45.69271183013916,1770681764.6927118,breathing,14.278556008684008,AppState.ESTIMATE_BREATHING_RATE,0.0000;3.0000,True,0.6405821442604057,1.3828908704362044,19.37376776065271,2,4.837447166442871
820,45.74042820930481,1770681764.7404282,breathing,14.262299046479837,AppState.ESTIMATE_BREATHING_RATE,0.0000;3.0000,True,0.6405821442604057,1.4107051713147387,19.442943277315873,2,4.837447166442871
821,45.793635845184326,1770681764.7936358,breathing,14.246040757942577,AppState.ESTIMATE_BREATHING_RATE,0.0000;3.0000,True,0.6405821442604057,1.4572609164586388,19.518692049900004,2,4.837447166442871
822,45.847148180007935,1770681764.8471482,breathing,14.229776541339225,AppState.ESTIMATE_BREATHING_RATE,0.0000;3.0000,True,0.6405821442604057,1.501456541608985,19.593335981520678,2,4.837447166442871
823,45.893452882766724,1770681764.893453,breathing,14.213532264020166,AppState.ESTIMATE_BREATHING_RATE,0.0000;3.0000,True,0.6405821442604057,1.5326663961585139,19.658042552527096,2,4.837447166442871
824,45.94904661178589,1770681764.9490466,breathing,14.197270763893865,AppState.ESTIMATE_BREATHING_RATE,0.0000;3.0000,True,0.6405821442604057,1.5553034797767598,19.711184529611298,2,4.837447166442871
825,45.994476079940796,1770681764.994476,breathing,14.180961295787839,AppState.ESTIMATE_BREATHING_RATE,0.0000;3.0000,True,0.6405821442604057,1.560063271962431,19.751366230995067,2,4.837447166442871
826,46.03980088233948,1770681765.039801,breathing,14.164570864028555,AppState.ESTIMATE_BREATHING_RATE,0.0000;3.0000,True,0.6405821442604057,1.5515422070448843,19.775807149312374,2,4.837447166442871
827,46.095458984375,1770681765.095459,breathing,14.148035922212468,AppState.ESTIMATE_BREATHING_RATE,0.0000;3.0000,True,0.6405821442604057,1.5315015602777255,19.78198682034134,2,4.837447166442871
828,46.14081335067749,1770681765.1408134,breathing,14.131343587114982,AppState.ESTIMATE_BREATHING_RATE,0.0000;3.0000,True,0.6405821442604057,1.512355944212173,19.770401874094738,2,4.837447166442871
829,46.19637942314148,1770681765.1963794,breathing,14.114452815883219,AppState.ESTIMATE_BREATHING_RATE,0.0000;3.0000,True,0.40036384016275356,1.496795531667165,19.785340636439358,0,4.837447166442871
830,46.241679191589355,1770681765.2416792,breathing,14.09731886550112,AppState.ESTIMATE_BREATHING_RATE,0.0000;3.0000,True,0.40036384016275356,1.4807623933701615,19.837579014793178,0,4.837447166442871
831,46.297194719314575,1770681765.2971947,breathing,14.079902151185768,AppState.ESTIMATE_BREATHING_RATE,0.0000;3.0000,True,0.40036384016275356,1.4610342498534963,19.91260597535748,0,4.837447166442871
832,46.34255290031433,1770681765.342553,breathing,14.06215114323478,AppState.ESTIMATE_BREATHING_RATE,0.0000;3.0000,True,0.40036384016275356,1.4511871688261784,19.994615234607096,0,4.837447166442871
833,46.398009061813354,1770681765.398009,breathing,14.044094006966134,AppState.ESTIMATE_BREATHING_RATE,0.0000;3.0000,True,0.40036384016275356,1.4449370070769645,20.061732539579815,0,4.837447166442871
834,46.4432532787323,1770681765.4432533,breathing,14.02574172288121,AppState.ESTIMATE_BREATHING_RATE,0.0000;3.0000,True,0.40036384016275356,1.4557815909848302,20.13113516192314,0,4.837447166442871
835,46.49871516227722,1770681765.4987152,breathing,14.007004736089081,AppState.ESTIMATE_BREATHING_RATE,0.0000;3.0000,True,0.40036384016275356,1.4798564732198587,20.221434598306736,0,4.837447166442871
836,46.54414224624634,1770681765.5441422,breathing,13.98785676496918,AppState.ESTIMATE_BREATHING_RATE,0.0000;3.0000,True,0.40036384016275356,1.511636232068338,20.333871364738606,0,4.837447166442871
837,46.59972810745239,1770681765.599728,breathing,13.968250726711958,AppState.ESTIMATE_BREATHING_RATE,0.0000;3.0000,True,0.40036384016275356,1.559693472308316,20.45632215729085,0,4.837447166442871
838,46.6449830532074,1770681765.644983,breathing,13.94815537515135,AppState.ESTIMATE_BREATHING_RATE,0.0000;3.0000,True,0.40036384016275356,1.616441211873121,20.575127573959847,0,4.837447166442871
839,46.72079801559448,1770681765.720798,breathing,13.927534281846912,AppState.ESTIMATE_BREATHING_RATE,0.0000;3.0000,True,0.40036384016275356,1.6571021001861426,20.68036439474944,0,4.837447166442871
840,46.74151420593262,1770681765.7415142,breathing,13.906418616271266,AppState.ESTIMATE_BREATHING_RATE,0.0000;3.0000,True,0.40036384016275356,1.6886553192438742,20.767819817246867,0,4.837447166442871
841,46.7968635559082,1770681765.7968636,breathing,13.884799782392971,AppState.ESTIMATE_BREATHING_RATE,0.0000;3.0000,True,0.40036384016275356,1.7049258059607826,20.83931473897517,0,4.837447166442871
842,46.84142851829529,1770681765.8414285,breathing,13.862682395427374,AppState.ESTIMATE_BREATHING_RATE,0.0000;3.0000,True,0.40036384016275356,1.7280568366183038,20.899225753185764,0,4.837447166442871
843,46.89690613746643,1770681765.8969061,breathing,13.840069585700807,AppState.ESTIMATE_BREATHING_RATE,0.0000;3.0000,True,0.40036384016275356,1.7537307361309045,20.95423586436172,0,4.837447166442871
844,46.94206261634827,1770681765.9420626,breathing,13.816991706403309,AppState.ESTIMATE_BREATHING_RATE,0.0000;3.0000,True,0.40036384016275356,1.7780682168654904,21.00518619887945,0,4.837447166442871
845,46.99701118469238,1770681765.9970112,breathing,13.793462875270295,AppState.ESTIMATE_BREATHING_RATE,0.0000;3.0000,True,0.40036384016275356,1.8190034646783118,21.04351708540025,0,4.837447166442871
846,47.042439460754395,1770681766.0424395,breathing,13.769494196691126,AppState.ESTIMATE_BREATHING_RATE,0.0000;3.0000,True,0.40036384016275356,1.8341034482698388,21.06206397176946,0,4.837447166442871
847,47.09795832633972,1770681766.0979583,breathing,13.745114339319265,AppState.ESTIMATE_BREATHING_RATE,0.0000;3.0000,True,0.40036384016275356,1.8310141223288388,21.060904343408467,0,4.837447166442871
848,47.14337491989136,1770681766.143375,breathing,13.720353803886681,AppState.ESTIMATE_BREATHING_RATE,0.0000;3.0000,True,0.40036384016275356,1.8259563740837346,21.042567097885577,0,4.837447166442871
849,47.198976278305054,1770681766.1989763,breathing,13.695232871134214,AppState.ESTIMATE_BREATHING_RATE,0.0000;3.0000,True,0.40036384016275356,1.8149239596935287,21.01047570670277,0,4.837447166442871
850,47.24439215660095,1770681766.2443922,breathing,13.669806200582515,AppState.ESTIMATE_BREATHING_RATE,0.0000;3.0000,True,0.40036384016275356,1.8215673131049102,20.969340085941866,0,4.837447166442871
851,47.299933433532715,1770681766.2999334,breathing,13.64412974097893,AppState.ESTIMATE_BREATHING_RATE,0.0000;3.0000,True,0.7606912963092318,1.8204740213846953,20.925273056622192,3,4.837447166442871
852,47.345423460006714,1770681766.3454235,breathing,13.618271583965694,AppState.ESTIMATE_BREATHING_RATE,0.0000;3.0000,True,0.7606912963092318,1.8098824061982692,20.88334456526687,3,4.837447166442871
853,47.390695571899414,1770681766.3906956,breathing,13.592271389906067,AppState.ESTIMATE_BREATHING_RATE,0.0000;3.0000,True,0.7606912963092318,1.7930445192401512,20.842112615699172,3,4.837447166442871
854,47.446221113204956,1770681766.446221,breathing,13.566151812579317,AppState.ESTIMATE_BREATHING_RATE,0.0000;3.0000,True,0.7606912963092318,1.764801337823594,20.799018282314503,3,4.837447166442871
855,47.49175238609314,1770681766.4917524,breathing,13.539930650766003,AppState.ESTIMATE_BREATHING_RATE,0.0000;3.0000,True,0.40036384016275356,1.7252454220168882,20.76456066747445,0,4.837447166442871
856,47.54737401008606,1770681766.547374,breathing,13.513607107021803,AppState.ESTIMATE_BREATHING_RATE,0.0000;3.0000,True,0.40036384016275356,1.6838881702631787,20.73184012403154,0,4.837447166442871
857,47.59268617630005,1770681766.5926862,breathing,13.487131270823536,AppState.ESTIMATE_BREATHING_RATE,0.0000;3.0000,True,0.6405821442604057,1.6665342387060709,20.68873110225941,2,4.837447166442871
858,47.64805459976196,1770681766.6480546,breathing,13.460405959834267,AppState.ESTIMATE_BREATHING_RATE,0.0000;3.0000,True,0.40036384016275356,1.659678210452548,20.653354175867932,0,4.837447166442871
859,47.69355654716492,1770681766.6935565,breathing,13.433304601871422,AppState.ESTIMATE_BREATHING_RATE,0.0000;3.0000,True,0.40036384016275356,1.659506056880367,20.635180516686344,0,4.837447166442871
860,47.78766679763794,1770681766.7876668,breathing,13.405653954717762,AppState.ESTIMATE_BREATHING_RATE,0.0000;3.0000,True,0.40036384016275356,1.6722293165821123,20.613260805058722,0,4.837447166442871
861,47.80357575416565,1770681766.8035758,breathing,13.377295016034994,AppState.ESTIMATE_BREATHING_RATE,0.0000;3.0000,True,0.40036384016275356,1.6760901962547488,20.595555546226475,0,4.837447166442871
862,47.846954345703125,1770681766.8469543,breathing,13.348264053153914,AppState.ESTIMATE_BREATHING_RATE,0.0000;3.0000,True,0.40036384016275356,1.6553644916220247,20.604576115598313,0,4.837447166442871
863,47.889981746673584,1770681766.8899817,breathing,13.318676993353412,AppState.ESTIMATE_BREATHING_RATE,0.0000;3.0000,True,0.40036384016275356,1.6416287630240598,20.615582318269077,0,4.837447166442871
864,47.94345664978027,1770681766.9434566,breathing,13.288508348190852,AppState.ESTIMATE_BREATHING_RATE,0.0000;3.0000,True,0.40036384016275356,1.6433776915051288,20.619905835889128,0,4.837447166442871
865,47.996666431427,1770681766.9966664,breathing,13.257786255215931,AppState.ESTIMATE_BREATHING_RATE,0.0000;3.0000,True,0.40036384016275356,1.6679561617374912,20.643793561370682,0,4.837447166442871
866,48.03956437110901,1770681767.0395644,breathing,13.22657293512435,AppState.ESTIMATE_BREATHING_RATE,0.0000;3.0000,True,0.40036384016275356,1.713006312950181,20.701789958857084,0,4.837447166442871
867,48.09262204170227,1770681767.092622,breathing,13.194888139078108,AppState.ESTIMATE_BREATHING_RATE,0.0000;3.0000,True,0.6405821442604057,1.7770484187010707,20.799581026101496,2,4.837447166442871
868,48.14556407928467,1770681767.145564,breathing,4.877183765462009,AppState.ESTIMATE_BREATHING_RATE,0.0000;3.0000,True,0.6405821442604057,1.8504438568652315,20.93283588246794,2,4.837447166442871
869,48.18841052055359,1770681767.1884105,breathing,4.869850736299202,AppState.ESTIMATE_BREATHING_RATE,0.0000;3.0000,True,0.6405821442604057,1.9242265886630845,21.08823855192536,2,4.837447166442871
870,48.24133586883545,1770681767.2413359,breathing,4.863086698383754,AppState.ESTIMATE_BREATHING_RATE,0.0000;3.0000,True,0.6405821442604057,1.9860199240733567,21.255919086791927,2,4.837447166442871
871,48.2942430973053,1770681767.294243,breathing,4.856892821520389,AppState.ESTIMATE_BREATHING_RATE,0.0000;3.0000,True,0.6405821442604057,2.058137698039961,21.4328896812458,2,4.837447166442871
872,48.347172260284424,1770681767.3471723,breathing,4.851245125178584,AppState.ESTIMATE_BREATHING_RATE,0.0000;3.0000,True,0.6405821442604057,2.1041243152937676,21.611946148928105,2,4.837447166442871
873,48.39002776145935,1770681767.3900278,breathing,4.84614725298741,AppState.ESTIMATE_BREATHING_RATE,0.0000;3.0000,True,0.6405821442604057,2.1480969644081256,21.787379402894963,2,4.837447166442871
874,48.442878007888794,1770681767.442878,breathing,4.841620766211325,AppState.ESTIMATE_BREATHING_RATE,0.0000;3.0000,True,0.6405821442604057,2.2007902314182766,21.95855241067025,2,4.837447166442871
875,48.495872259140015,1770681767.4958723,breathing,4.837661130586805,AppState.ESTIMATE_BREATHING_RATE,0.0000;3.0000,True,0.6405821442604057,2.2403610617918814,22.121107292533665,2,4.837447166442871
876,48.53877782821655,1770681767.5387778,breathing,4.834293166790246,AppState.ESTIMATE_BREATHING_RATE,0.0000;3.0000,True,0.6405821442604057,2.295664213131837,22.281234147640266,2,4.837447166442871
877,48.59179878234863,1770681767.5917988,breathing,4.831499935482661,AppState.ESTIMATE_BREATHING_RATE,0.0000;3.0000,True,0.6405821442604057,2.3543592903000907,22.438633726535933,2,4.837447166442871
878,48.64476156234741,1770681767.6447616,breathing,4.829296457423243,AppState.ESTIMATE_BREATHING_RATE,0.0000;3.0000,True,0.6405821442604057,2.4010208211204613,22.59158878539845,2,4.837447166442871
879,48.6878228187561,1770681767.6878228,breathing,4.827665999320652,AppState.ESTIMATE_BREATHING_RATE,0.0000;3.0000,True,0.6405821442604057,2.4380577452477445,22.73203061449329,2,4.837447166442871
880,48.738774061203,1770681767.738774,breathing,4.826586047889972,AppState.ESTIMATE_BREATHING_RATE,0.0000;3.0000,True,0.6405821442604057,2.4744804261542166,22.84950578706638,2,4.837447166442871
881,48.80995559692383,1770681767.8099556,breathing,4.826041254777107,AppState.ESTIMATE_BREATHING_RATE,0.0000;3.0000,True,0.6405821442604057,2.4873964258382406,22.938745492136455,2,4.837447166442871
882,48.843013048172,1770681767.843013,breathing,4.826019438990356,AppState.ESTIMATE_BREATHING_RATE,0.0000;3.0000,True,0.6405821442604057,2.482712481955198,23.000959997321484,2,4.837447166442871
883,48.896135091781616,1770681767.896135,breathing,4.826490727716507,AppState.ESTIMATE_BREATHING_RATE,0.0000;3.0000,True,0.40036384016275356,2.451084269199587,23.0577893188422,0,4.837447166442871
884,48.93928909301758,1770681767.939289,breathing,4.827426284059434,AppState.ESTIMATE_BREATHING_RATE,0.0000;3.0000,True,0.40036384016275356,2.421848117876295,23.10787879036887,0,4.837447166442871
885,48.99253249168396,1770681767.9925325,breathing,4.8288172370104885,AppState.ESTIMATE_BREATHING_RATE,0.0000;3.0000,True,0.40036384016275356,2.3935884050657834,23.158030673973492,0,4.837447166442871
886,49.04550790786743,1770681768.045508,breathing,4.83065450905639,AppState.ESTIMATE_BREATHING_RATE,0.0000;3.0000,True,0.40036384016275356,2.3740149713520724,23.22111283267754,0,4.837447166442871
887,49.088475465774536,1770681768.0884755,breathing,4.8329215088712685,AppState.ESTIMATE_BREATHING_RATE,0.0000;3.0000,True,0.40036384016275356,2.350054981450549,23.290653674764048,0,4.837447166442871
888,49.1415114402771,1770681768.1415114,breathing,4.835616279282919,AppState.ESTIMATE_BREATHING_RATE,0.0000;3.0000,True,0.40036384016275356,2.363698604691085,23.35195416922211,0,4.837447166442871
889,49.19442129135132,1770681768.1944213,breathing,4.838734462885229,AppState.ESTIMATE_BREATHING_RATE,0.0000;3.0000,True,0.7606912963092318,2.387729348783514,23.394686544715622,3,4.837447166442871
890,49.247350454330444,1770681768.2473505,breathing,4.842285388442265,AppState.ESTIMATE_BREATHING_RATE,0.0000;3.0000,True,0.7606912963092318,2.4293020666353122,23.4385739966861,3,4.837447166442871
891,49.290162086486816,1770681768.290162,breathing,4.846299250186348,AppState.ESTIMATE_BREATHING_RATE,0.0000;3.0000,True,0.6405821442604057,2.468002169440768,23.485077256807468,2,4.837447166442871
892,49.3431031703949,1770681768.3431032,breathing,4.85079801320274,AppState.ESTIMATE_BREATHING_RATE,0.0000;3.0000,True,0.6405821442604057,2.5198031047755576,23.54114750120395,2,4.837447166442871
893,49.39613056182861,1770681768.3961306,breathing,4.855796200858508,AppState.ESTIMATE_BREATHING_RATE,0.0000;3.0000,True,0.6405821442604057,2.560408046794337,23.600101440308972,2,4.837447166442871
894,49.438918590545654,1770681768.4389186,breathing,4.861301313119092,AppState.ESTIMATE_BREATHING_RATE,0.0000;3.0000,True,0.6405821442604057,2.571842733949597,23.65519771120675,2,4.837447166442871
895,49.491899490356445,1770681768.4918995,breathing,4.867299981917073,AppState.ESTIMATE_BREATHING_RATE,0.0000;3.0000,True,0.6405821442604057,2.6009076855137083,23.706064597420195,2,4.837447166442871
896,49.544883012771606,1770681768.544883,breathing,4.873754985670765,AppState.ESTIMATE_BREATHING_RATE,0.0000;3.0000,True,0.6405821442604057,2.6116394919394987,23.75232390578878,2,4.837447166442871
897,49.58779501914978,1770681768.587795,breathing,4.880608806694875,AppState.ESTIMATE_BREATHING_RATE,0.0000;3.0000,True,0.6405821442604057,2.642265853962417,23.797419354841455,2,4.837447166442871
898,49.64075326919556,1770681768.6407533,breathing,4.887800466153375,AppState.ESTIMATE_BREATHING_RATE,0.0000;3.0000,True,0.6405821442604057,2.666682918306737,23.842036932742136,2,4.837447166442871
899,49.69382572174072,1770681768.6938257,breathing,4.895259552618798,AppState.ESTIMATE_BREATHING_RATE,0.0000;3.0000,True,0.6405821442604057,2.6917212033587283,23.881591567932556,2,4.837447166442871
900,49.7412314414978,1770681768.7412314,breathing,4.902907701230674,AppState.ESTIMATE_BREATHING_RATE,0.0000;3.0000,True,0.6405821442604057,2.7170251011230127,23.912174753237167,2,4.837447166442871
901,49.794386863708496,1770681768.7943869,breathing,4.910659305747438,AppState.ESTIMATE_BREATHING_RATE,0.0000;3.0000,True,0.6405821442604057,2.731753367580787,23.92916544971907,2,4.837447166442871
902,49.86717462539673,1770681768.8671746,breathing,4.918413108974023,AppState.ESTIMATE_BREATHING_RATE,0.0000;3.0000,True,0.6405821442604057,2.7516922861341007,23.923895953123324,2,4.837447166442871
903,49.89018106460571,1770681768.890181,breathing,4.926072798710964,AppState.ESTIMATE_BREATHING_RATE,0.0000;3.0000,True,0.6405821442604057,2.7523048408935553,23.89903436878716,2,4.837447166442871
904,49.94338607788086,1770681768.943386,breathing,4.933535018688281,AppState.ESTIMATE_BREATHING_RATE,0.0000;3.0000,True,0.6405821442604057,2.7376362012164783,23.854613468515687,2,4.837447166442871
905,49.99669098854065,1770681768.996691,breathing,4.940757241855979,AppState.ESTIMATE_BREATHING_RATE,0.0000;3.0000,True,0.40036384016275356,2.73576497495779,23.794014441783823,0,4.837447166442871
906,50.03984761238098,1770681769.0398476,breathing,4.947632520093794,AppState.ESTIMATE_BREATHING_RATE,0.0000;3.0000,True,0.6405821442604057,2.7474529099621536,23.72095779782994,2,4.837447166442871
907,50.09292817115784,1770681769.0929282,breathing,4.954102973757947,AppState.ESTIMATE_BREATHING_RATE,0.0000;3.0000,True,0.6405821442604057,2.757725176205935,23.63923966977495,2,4.837447166442871
908,50.145886182785034,1770681769.1458862,breathing,4.960098408734811,AppState.ESTIMATE_BREATHING_RATE,0.0000;3.0000,True,0.40036384016275356,2.7552215841195267,23.555938586632557,0,4.837447166442871
909,50.18878507614136,1770681769.188785,breathing,4.965552607221352,AppState.ESTIMATE_BREATHING_RATE,0.0000;3.0000,True,0.40036384016275356,2.7312009557138035,23.49403134486389,0,4.837447166442871
910,50.241719007492065,1770681769.241719,breathing,4.9703288672100125,AppState.ESTIMATE_BREATHING_RATE,0.0000;3.0000,True,0.40036384016275356,2.695479828747292,23.47381895976011,0,4.837447166442871
911,50.29462766647339,1770681769.2946277,breathing,4.974261430537632,AppState.ESTIMATE_BREATHING_RATE,0.0000;3.0000,True,0.40036384016275356,2.64192729905235,23.46881143248735,0,4.837447166442871
912,50.34762191772461,1770681769.347622,breathing,4.9774170541016,AppState.ESTIMATE_BREATHING_RATE,0.0000;3.0000,True,0.40036384016275356,2.5755906085293305,23.44563940408535,0,4.837447166442871
913,50.3904070854187,1770681769.390407,breathing,4.979841038253953,AppState.ESTIMATE_BREATHING_RATE,0.0000;3.0000,True,0.6405821442604057,2.5297615496217265,23.436131535088855,2,4.837447166442871
914,50.44332242012024,1770681769.4433224,breathing,4.981585451793757,AppState.ESTIMATE_BREATHING_RATE,0.0000;3.0000,True,0.6405821442604057,2.49226447171363,23.440857001733566,2,4.837447166442871
915,50.49642992019653,1770681769.49643,breathing,4.982742643710375,AppState.ESTIMATE_BREATHING_RATE,0.0000;3.0000,True,0.7606912963092318,2.442671483082184,23.48080793656772,3,4.837447166442871
916,50.5394287109375,1770681769.5394287,breathing,4.983436173915739,AppState.ESTIMATE_BREATHING_RATE,0.0000;3.0000,True,0.7606912963092318,2.379548873789739,23.545830491797556,3,4.837447166442871
917,50.59249782562256,1770681769.5924978,breathing,4.983829498639694,AppState.ESTIMATE_BREATHING_RATE,0.0000;3.0000,True,0.6405821442604057,2.3006136890710893,23.64608272832373,2,4.837447166442871
918,50.645426511764526,1770681769.6454265,breathing,4.984122055380925,AppState.ESTIMATE_BREATHING_RATE,0.0000;3.0000,True,0.6405821442604057,2.203365120395638,23.768270230088543,2,4.837447166442871
919,50.68850302696228,1770681769.688503,breathing,4.984542648702713,AppState.ESTIMATE_BREATHING_RATE,0.0000;3.0000,True,0.6405821442604057,2.1078148893328588,23.883380225000092,2,4.837447166442871
920,50.746989011764526,1770681769.746989,breathing,4.9851905541166,AppState.ESTIMATE_BREATHING_RATE,0.0000;3.0000,True,0.6405821442604057,2.0343259551574406,23.970398030779844,2,4.837447166442871
921,50.79002809524536,1770681769.790028,breathing,4.98622787087378,AppState.ESTIMATE_BREATHING_RATE,0.0000;3.0000,True,0.6405821442604057,1.9784536606221592,24.028621326472557,2,4.837447166442871
922,50.84408211708069,1770681769.844082,breathing,4.987813556989067,AppState.ESTIMATE_BREATHING_RATE,0.0000;3.0000,True,0.40036384016275356,1.9360016496779426,24.06518380162547,0,4.837447166442871
923,50.91668105125427,1770681769.916681,breathing,4.990055948768986,AppState.ESTIMATE_BREATHING_RATE,0.0000;3.0000,True,0.40036384016275356,1.9219390398540952,24.093131260818932,0,4.837447166442871
924,50.94005250930786,1770681769.9400525,breathing,4.993071093092395,AppState.ESTIMATE_BREATHING_RATE,0.0000;3.0000,True,0.40036384016275356,1.9151585667275046,24.11245224796144,0,4.837447166442871
925,50.9931538105011,1770681769.9931538,breathing,4.99696022929436,AppState.ESTIMATE_BREATHING_RATE,0.0000;3.0000,True,0.40036384016275356,1.9022135504772733,24.126005350492374,0,4.837447166442871
926,51.04635047912598,1770681770.0463505,breathing,5.0017814317515565,AppState.ESTIMATE_BREATHING_RATE,0.0000;3.0000,True,0.40036384016275356,1.8924459031162573,24.134368001884102,0,4.837447166442871
927,51.089492321014404,1770681770.0894923,breathing,5.007567475068545,AppState.ESTIMATE_BREATHING_RATE,0.0000;3.0000,True,0.40036384016275356,1.8896093018085347,24.133024721031536,0,4.837447166442871
928,51.14251756668091,1770681770.1425176,breathing,5.014342401247782,AppState.ESTIMATE_BREATHING_RATE,0.0000;3.0000,True,0.40036384016275356,1.8835027907133166,24.110365157157386,0,4.837447166442871
929,51.195542097091675,1770681770.195542,breathing,5.0222110292417375,AppState.ESTIMATE_BREATHING_RATE,0.0000;3.0000,True,0.40036384016275356,1.8708919739923306,24.071334694686882,0,4.837447166442871
930,51.23837161064148,1770681770.2383716,breathing,5.031303441877791,AppState.ESTIMATE_BREATHING_RATE,0.0000;3.0000,True,0.40036384016275356,1.8693150068196325,24.015555612543174,0,4.837447166442871
931,51.291369676589966,1770681770.2913697,breathing,5.041846600128974,AppState.ESTIMATE_BREATHING_RATE,0.0000;3.0000,True,0.40036384016275356,1.878247612439879,23.95111806335324,0,4.837447166442871
932,51.344362020492554,1770681770.344362,breathing,5.053774934714694,AppState.ESTIMATE_BREATHING_RATE,0.0000;3.0000,True,0.40036384016275356,1.8719702142089558,23.89490317237825,0,4.837447166442871
933,51.397286891937256,1770681770.397287,breathing,5.067007254530861,AppState.ESTIMATE_BREATHING_RATE,0.0000;3.0000,True,0.40036384016275356,1.8642593691289606,23.83583285751741,0,4.837447166442871
934,51.44012784957886,1770681770.4401278,breathing,5.081609639514806,AppState.ESTIMATE_BREATHING_RATE,0.0000;3.0000,True,0.40036384016275356,1.8550010552686653,23.77430788396205,0,4.837447166442871
935,51.49304699897766,1770681770.493047,breathing,5.097574513157619,AppState.ESTIMATE_BREATHING_RATE,0.0000;3.0000,True,0.40036384016275356,1.8581653939992169,23.72585486958692,0,4.837447166442871
936,51.54594421386719,1770681770.5459442,breathing,5.114972220958282,AppState.ESTIMATE_BREATHING_RATE,0.0000;3.0000,True,0.40036384016275356,1.8711966291220488,23.695252921127654,0,4.837447166442871
937,51.588887453079224,1770681770.5888875,breathing,5.133836805598236,AppState.ESTIMATE_BREATHING_RATE,0.0000;3.0000,True,0.40036384016275356,1.8931404867648174,23.67443457274779,0,4.837447166442871
938,51.64181566238403,1770681770.6418157,breathing,5.154142870710271,AppState.ESTIMATE_BREATHING_RATE,0.0000;3.0000,True,0.40036384016275356,1.9229760562953968,23.65744514666006,0,4.837447166442871
939,51.69490194320679,1770681770.694902,breathing,5.1759401940151335,AppState.ESTIMATE_BREATHING_RATE,0.0000;3.0000,True,0.40036384016275356,1.9356925302395944,23.634647389504025,0,4.837447166442871
940,51.74573469161987,1770681770.7457347,breathing,5.19922499227068,AppState.ESTIMATE_BREATHING_RATE,0.0000;3.0000,True,0.7606912963092318,1.9295066621798058,23.62332645251644,3,4.837447166442871
941,51.78888964653015,1770681770.7888896,breathing,5.2240372901717915,AppState.ESTIMATE_BREATHING_RATE,0.0000;3.0000,True,0.7606912963092318,1.8929632680451787,23.613252083008344,3,4.837447166442871
942,51.84211254119873,1770681770.8421125,breathing,5.250317577053032,AppState.ESTIMATE_BREATHING_RATE,0.0000;3.0000,True,0.40036384016275356,1.8462156453449203,23.60602471098576,0,4.837447166442871
943,51.896605491638184,1770681770.8966055,breathing,5.2776376671859655,AppState.ESTIMATE_BREATHING_RATE,0.0000;3.0000,True,0.40036384016275356,1.7980148060477705,23.59475678182017,0,4.837447166442871
944,51.95952391624451,1770681770.959524,breathing,5.305578792507298,AppState.ESTIMATE_BREATHING_RATE,0.0000;3.0000,True,0.40036384016275356,1.7539961417263765,23.565379212579465,0,4.837447166442871
945,51.992613554000854,1770681770.9926136,breathing,5.334187127132484,AppState.ESTIMATE_BREATHING_RATE,0.0000;3.0000,True,0.40036384016275356,1.7325820866105088,23.52134862746189,0,4.837447166442871
946,52.04576325416565,1770681771.0457633,breathing,5.363202347739258,AppState.ESTIMATE_BREATHING_RATE,0.0000;3.0000,True,0.40036384016275356,1.730580959963291,23.46824424377989,0,4.837447166442871
947,52.08883857727051,1770681771.0888386,breathing,5.392505324988996,AppState.ESTIMATE_BREATHING_RATE,0.0000;3.0000,True,0.40036384016275356,1.7458491468692812,23.401412703276424,0,4.837447166442871
948,52.14198565483093,1770681771.1419857,breathing,5.421953605126057,AppState.ESTIMATE_BREATHING_RATE,0.0000;3.0000,True,0.40036384016275356,1.7595584447193644,23.327592182777458,0,4.837447166442871
949,52.19505834579468,1770681771.1950583,breathing,5.45115892426046,AppState.ESTIMATE_BREATHING_RATE,0.0000;3.0000,True,0.40036384016275356,1.7703113718653036,23.252530228995386,0,4.837447166442871
950,52.23793029785156,1770681771.2379303,breathing,5.479909234537762,AppState.ESTIMATE_BREATHING_RATE,0.0000;3.0000,True,0.40036384016275356,1.7636104159640944,23.177487036061358,0,4.837447166442871
951,52.29087567329407,1770681771.2908757,breathing,5.507764205361084,AppState.ESTIMATE_BREATHING_RATE,0.0000;3.0000,True,0.40036384016275356,1.746647676879999,23.099831965136957,0,4.837447166442871
952,52.34393000602722,1770681771.34393,breathing,5.534577165228914,AppState.ESTIMATE_BREATHING_RATE,0.0000;3.0000,True,0.40036384016275356,1.7257316649417045,23.027264911819326,0,4.837447166442871
953,52.3968768119812,1770681771.3968768,breathing,5.560284776729639,AppState.ESTIMATE_BREATHING_RATE,0.0000;3.0000,True,0.7606912963092318,1.691053682771937,22.97069255155779,3,4.837447166442871
954,52.43971848487854,1770681771.4397185,breathing,5.584682592063884,AppState.ESTIMATE_BREATHING_RATE,0.0000;3.0000,True,0.7606912963092318,1.642267874826319,22.936159893693645,3,4.837447166442871
955,52.49288296699524,1770681771.492883,breathing,5.607744897762587,AppState.ESTIMATE_BREATHING_RATE,0.0000;3.0000,True,0.6405821442604057,1.5879765437337636,22.91593139057602,2,4.837447166442871
956,52.545896768569946,1770681771.5458968,breathing,5.629574678856617,AppState.ESTIMATE_BREATHING_RATE,0.0000;3.0000,True,0.6405821442604057,1.529862597203173,22.923944142735067,2,4.837447166442871
957,52.58883309364319,1770681771.588833,breathing,5.650054806509127,AppState.ESTIMATE_BREATHING_RATE,0.0000;3.0000,True,0.6405821442604057,1.4691227927597905,22.94960060578036,2,4.837447166442871
958,52.64173698425293,1770681771.641737,breathing,5.669078312745916,AppState.ESTIMATE_BREATHING_RATE,0.0000;3.0000,True,0.6405821442604057,1.4188945003672297,22.986060910292426,2,4.837447166442871
959,52.694828748703,1770681771.6948287,breathing,5.686606417664584,AppState.ESTIMATE_BREATHING_RATE,0.0000;3.0000,True,0.6405821442604057,1.3774530148505422,23.02646026041826,2,4.837447166442871
960,52.74220585823059,1770681771.7422059,breathing,5.702595822928645,AppState.ESTIMATE_BREATHING_RATE,0.0000;3.0000,True,0.6405821442604057,1.3494427278089196,23.068522150265355,2,4.837447166442871
961,52.795405626297,1770681771.7954056,breathing,5.716974717321956,AppState.ESTIMATE_BREATHING_RATE,0.0000;3.0000,True,0.6405821442604057,1.3293537382689218,23.108086900389424,2,4.837447166442871
962,52.841575622558594,1770681771.8415756,breathing,5.729892778153903,AppState.ESTIMATE_BREATHING_RATE,0.0000;3.0000,True,0.40036384016275356,1.3036490818803301,23.13952824387794,0,4.837447166442871
963,52.89825415611267,1770681771.8982542,breathing,5.741418162586308,AppState.ESTIMATE_BREATHING_RATE,0.0000;3.0000,True,0.40036384016275356,1.285210746237739,23.17240566187535,0,4.837447166442871
964,52.943344593048096,1770681771.9433446,breathing,5.751497394400362,AppState.ESTIMATE_BREATHING_RATE,0.0000;3.0000,True,0.40036384016275356,1.2701724635123741,23.1836367967182,0,4.837447166442871
965,53.032098054885864,1770681772.032098,breathing,5.759326585860055,AppState.ESTIMATE_BREATHING_RATE,0.0000;3.0000,True,0.40036384016275356,1.2758268973844604,23.209871606974428,0,4.837447166442871
966,53.04702639579773,1770681772.0470264,breathing,5.764699985747498,AppState.ESTIMATE_BREATHING_RATE,0.0000;3.0000,True,0.40036384016275356,1.3191043212976574,23.27350664544944,0,4.837447166442871
967,53.092116594314575,1770681772.0921166,breathing,5.76780756323897,AppState.ESTIMATE_BREATHING_RATE,0.0000;3.0000,True,0.40036384016275356,1.3961366919370028,23.382417627839633,0,4.837447166442871
968,53.146464586257935,1770681772.1464646,breathing,5.768826591453904,AppState.ESTIMATE_BREATHING_RATE,0.0000;3.0000,True,0.40036384016275356,1.5017365451457465,23.52120073978481,0,4.837447166442871
969,53.190661668777466,1770681772.1906617,breathing,5.768051201267972,AppState.ESTIMATE_BREATHING_RATE,0.0000;3.0000,True,0.40036384016275356,1.5911496930683322,23.666209146782613,0,4.837447166442871
970,53.246121406555176,1770681772.2461214,breathing,5.765560734873906,AppState.ESTIMATE_BREATHING_RATE,0.0000;3.0000,True,0.40036384016275356,1.6510124673436177,23.791312253797283,0,4.837447166442871
971,53.291526794433594,1770681772.2915268,breathing,5.761735929675282,AppState.ESTIMATE_BREATHING_RATE,0.0000;3.0000,True,0.40036384016275356,1.6810895990469874,23.895265915029334,0,4.837447166442871
972,53.346999645233154,1770681772.3469996,breathing,5.754652940744524,AppState.ESTIMATE_BREATHING_RATE,0.0000;3.0000,True,0.40036384016275356,1.6922544387913794,23.991408733378883,0,4.837447166442871
973,53.3924126625061,1770681772.3924127,breathing,5.743043171634461,AppState.ESTIMATE_BREATHING_RATE,0.0000;3.0000,True,0.40036384016275356,1.7021471132398183,24.06547043885073,0,4.837447166442871
974,53.447816610336304,1770681772.4478166,breathing,5.7275556887145544,AppState.ESTIMATE_BREATHING_RATE,0.0000;3.0000,True,0.40036384016275356,1.7485082389866562,24.149307726576822,0,4.837447166442871
975,53.49312090873718,1770681772.493121,breathing,5.708795798408964,AppState.ESTIMATE_BREATHING_RATE,0.0000;3.0000,True,0.40036384016275356,1.8023515321834689,24.25045100757651,0,4.837447166442871
976,53.54862070083618,1770681772.5486207,breathing,5.687258089905202,AppState.ESTIMATE_BREATHING_RATE,0.0000;3.0000,True,0.40036384016275356,1.847444536498241,24.356099176701484,0,4.837447166442871
977,53.59401488304138,1770681772.594015,breathing,5.662943749815697,AppState.ESTIMATE_BREATHING_RATE,0.0000;3.0000,True,0.40036384016275356,1.8743725603518904,24.451902797631544,0,4.837447166442871
978,53.649418354034424,1770681772.6494184,breathing,5.63618334126408,AppState.ESTIMATE_BREATHING_RATE,0.0000;3.0000,True,0.40036384016275356,1.887084596108932,24.53044320300397,0,4.837447166442871
979,53.69491004943848,1770681772.69491,breathing,5.607188847979132,AppState.ESTIMATE_BREATHING_RATE,0.0000;3.0000,True,0.40036384016275356,1.8929918317043826,24.59190906386275,0,4.837447166442871
980,53.74960923194885,1770681772.7496092,breathing,5.575747837342688,AppState.ESTIMATE_BREATHING_RATE,0.0000;3.0000,True,0.40036384016275356,1.9078998635325317,24.63348298284266,0,4.837447166442871
981,53.795166969299316,1770681772.795167,breathing,5.5424509931228245,AppState.ESTIMATE_BREATHING_RATE,0.0000;3.0000,True,0.40036384016275356,1.8986822504188865,24.649674128862134,0,4.837447166442871
982,53.84076523780823,1770681772.8407652,breathing,5.507772306346101,AppState.ESTIMATE_BREATHING_RATE,0.0000;3.0000,True,0.40036384016275356,1.8689743156758172,24.65217749315895,0,4.837447166442871
983,53.89677429199219,1770681772.8967743,breathing,5.472935833516145,AppState.ESTIMATE_BREATHING_RATE,0.0000;3.0000,True,0.40036384016275356,1.8231799138039546,24.661281012867615,0,4.837447166442871
984,53.9418888092041,1770681772.9418888,breathing,5.440138757788613,AppState.ESTIMATE_BREATHING_RATE,0.0000;3.0000,True,0.40036384016275356,1.7579488000918362,24.697739814337865,0,4.837447166442871
985,53.996809005737305,1770681772.996809,breathing,5.407827092664106,AppState.ESTIMATE_BREATHING_RATE,0.0000;3.0000,True,0.40036384016275356,1.6806894687396292,24.766313476449433,0,4.837447166442871
986,54.080501079559326,1770681773.080501,breathing,5.375701264928477,AppState.ESTIMATE_BREATHING_RATE,0.0000;3.0000,True,0.40036384016275356,1.608922576380623,24.84002071088203,0,4.837447166442871
987,54.0962119102478,1770681773.096212,breathing,5.3441835725806355,AppState.ESTIMATE_BREATHING_RATE,0.0000;3.0000,True,0.40036384016275356,1.5482812083511994,24.905570992342867,0,4.837447166442871
988,54.13955783843994,1770681773.1395578,breathing,5.31376880696248,AppState.ESTIMATE_BREATHING_RATE,0.0000;3.0000,True,0.40036384016275356,1.505705271950463,24.95937135804442,0,4.837447166442871
989,54.19274163246155,1770681773.1927416,breathing,5.284496501586043,AppState.ESTIMATE_BREATHING_RATE,0.0000;3.0000,True,0.40036384016275356,1.4585335643508226,25.00282911849462,0,4.837447166442871
990,54.24601221084595,1770681773.2460122,breathing,5.256366552543394,AppState.ESTIMATE_BREATHING_RATE,0.0000;3.0000,True,0.40036384016275356,1.4229092504893028,25.03311647540744,0,4.837447166442871
991,54.28898596763611,1770681773.288986,breathing,5.229200390994269,AppState.ESTIMATE_BREATHING_RATE,0.0000;3.0000,True,0.40036384016275356,1.4082457645740496,25.048578425352325,0,4.837447166442871
992,54.34201145172119,1770681773.3420115,breathing,5.203097499928997,AppState.ESTIMATE_BREATHING_RATE,0.0000;3.0000,True,0.40036384016275356,1.3893545826706868,25.06148016930409,0,4.837447166442871
993,54.394957304000854,1770681773.3949573,breathing,5.178105142296933,AppState.ESTIMATE_BREATHING_RATE,0.0000;3.0000,True,0.40036384016275356,1.355311088480799,25.092302075042202,0,4.837447166442871
994,54.437769174575806,1770681773.4377692,breathing,5.152483817417907,AppState.ESTIMATE_BREATHING_RATE,0.0000;3.0000,True,0.40036384016275356,1.317284302858091,25.118680874933087,0,4.837447166442871
995,54.49071645736694,1770681773.4907165,breathing,5.127167096585453,AppState.ESTIMATE_BREATHING_RATE,0.0000;3.0000,True,0.40036384016275356,1.3074909782815058,25.121815418886367,0,4.837447166442871
996,54.543763875961304,1770681773.5437639,breathing,5.1016517295911745,AppState.ESTIMATE_BREATHING_RATE,0.0000;3.0000,True,0.40036384016275356,1.321234539474088,25.119643080012366,0,4.837447166442871
997,54.596787452697754,1770681773.5967875,breathing,5.076031788976083,AppState.ESTIMATE_BREATHING_RATE,0.0000;3.0000,True,0.40036384016275356,1.3500313023495576,25.13159818093599,0,4.837447166442871
998,54.63967490196228,1770681773.639675,breathing,5.050465452448272,AppState.ESTIMATE_BREATHING_RATE,0.0000;3.0000,True,0.40036384016275356,1.3747685525765039,25.1677862817602,0,4.837447166442871
999,54.692819356918335,1770681773.6928194,breathing,5.025033549690363,AppState.ESTIMATE_BREATHING_RATE,0.0000;3.0000,True,0.40036384016275356,1.4067881898908168,25.225317875524485,0,4.837447166442871
1000,54.739593267440796,1770681773.7395933,breathing,4.999524390645474,AppState.ESTIMATE_BREATHING_RATE,0.0000;3.0000,True,0.40036384016275356,1.4425201111734116,25.30122797937178,0,4.837447166442871
1001,54.79280495643616,1770681773.792805,breathing,4.973717537680244,AppState.ESTIMATE_BREATHING_RATE,0.0000;3.0000,True,0.40036384016275356,1.4809341995835115,25.391361881477227,0,4.837447166442871
1002,54.845853328704834,1770681773.8458533,breathing,4.947729565454936,AppState.ESTIMATE_BREATHING_RATE,0.0000;3.0000,True,0.40036384016275356,1.5440933416893543,25.48916191449035,0,4.837447166442871
1003,54.888995885849,1770681773.888996,breathing,4.921487135016915,AppState.ESTIMATE_BREATHING_RATE,0.0000;3.0000,True,0.40036384016275356,1.6029058620781451,25.58615550218833,0,4.837447166442871
1004,54.94212341308594,1770681773.9421234,breathing,4.895052615981584,AppState.ESTIMATE_BREATHING_RATE,0.0000;3.0000,True,0.40036384016275356,1.6631728253340803,25.667155894205113,0,4.837447166442871
1005,54.99502730369568,1770681773.9950273,breathing,4.868399596660349,AppState.ESTIMATE_BREATHING_RATE,0.0000;3.0000,True,0.40036384016275356,1.7123550094476796,25.716710325139967,0,4.837447166442871
1006,55.03789210319519,1770681774.037892,breathing,4.841632179362723,AppState.ESTIMATE_BREATHING_RATE,0.0000;3.0000,True,0.6405821442604057,1.7422206995238678,25.745566361306444,2,4.837447166442871
1007,55.111053705215454,1770681774.1110537,breathing,4.814665970061652,AppState.ESTIMATE_BREATHING_RATE,0.0000;3.0000,True,0.40036384016275356,1.7818782139002436,25.760362379038334,0,4.837447166442871
1008,55.14428734779358,1770681774.1442873,breathing,4.787707877846811,AppState.ESTIMATE_BREATHING_RATE,0.0000;3.0000,True,0.40036384016275356,1.81357459253314,25.759607056638913,0,4.837447166442871
1009,55.197550773620605,1770681774.1975508,breathing,4.76094343685874,AppState.ESTIMATE_BREATHING_RATE,0.0000;3.0000,True,0.40036384016275356,1.8256452994795613,25.741001608842375,0,4.837447166442871
1010,55.240662813186646,1770681774.2406628,breathing,4.735074601717049,AppState.ESTIMATE_BREATHING_RATE,0.0000;3.0000,True,0.40036384016275356,1.8173660572611865,25.72206760552547,0,4.837447166442871
1011,55.29382300376892,1770681774.293823,breathing,4.7103147545037,AppState.ESTIMATE_BREATHING_RATE,0.0000;3.0000,True,0.40036384016275356,1.8079746606901748,25.71752706581227,0,4.837447166442871
1012,55.3468177318573,1770681774.3468177,breathing,4.687733184508933,AppState.ESTIMATE_BREATHING_RATE,0.0000;3.0000,True,0.40036384016275356,1.7918191766953362,25.729947010722626,0,4.837447166442871
1013,55.38970184326172,1770681774.3897018,breathing,4.667957915062982,AppState.ESTIMATE_BREATHING_RATE,0.0000;3.0000,True,0.40036384016275356,1.787870816561575,25.738343045399183,0,4.837447166442871
1014,55.44258403778076,1770681774.442584,breathing,4.649348794964895,AppState.ESTIMATE_BREATHING_RATE,0.0000;3.0000,True,0.40036384016275356,1.7849176697540494,25.723730396989705,0,4.837447166442871
1015,55.49570274353027,1770681774.4957027,breathing,4.632425602053823,AppState.ESTIMATE_BREATHING_RATE,0.0000;3.0000,True,0.40036384016275356,1.7949610743700721,25.703839982459733,0,4.837447166442871
1016,55.53860950469971,1770681774.5386095,breathing,4.617825617991563,AppState.ESTIMATE_BREATHING_RATE,0.0000;3.0000,True,0.40036384016275356,1.8022531646709732,25.679290559805192,0,4.837447166442871
1017,55.59168839454651,1770681774.5916884,breathing,4.605631879997859,AppState.ESTIMATE_BREATHING_RATE,0.0000;3.0000,True,0.40036384016275356,1.8089114971297031,25.640475507622156,0,4.837447166442871
1018,55.644641637802124,1770681774.6446416,breathing,4.5960117154152655,AppState.ESTIMATE_BREATHING_RATE,0.0000;3.0000,True,0.40036384016275356,1.812377639462257,25.585510672113614,0,4.837447166442871
1019,55.6878445148468,1770681774.6878445,breathing,4.589195409963456,AppState.ESTIMATE_BREATHING_RATE,0.0000;3.0000,True,0.40036384016275356,1.8013892225509904,25.524271300054444,0,4.837447166442871
1020,55.74618077278137,1770681774.7461808,breathing,4.585177066454632,AppState.ESTIMATE_BREATHING_RATE,0.0000;3.0000,True,0.40036384016275356,1.7845338954535368,25.4663834427059,0,4.837447166442871
1021,55.78927159309387,1770681774.7892716,breathing,4.584230949296143,AppState.ESTIMATE_BREATHING_RATE,0.0000;3.0000,True,0.6405821442604057,1.7595792741258556,25.43097097004922,2,4.837447166442871
1022,55.84308099746704,1770681774.843081,breathing,4.58633781037296,AppState.ESTIMATE_BREATHING_RATE,0.0000;3.0000,True,0.6405821442604057,1.7211721894693355,25.419215997700913,2,4.837447166442871
1023,55.896565437316895,1770681774.8965654,breathing,4.591594553374932,AppState.ESTIMATE_BREATHING_RATE,0.0000;3.0000,True,0.6405821442604057,1.6691739408621915,25.425438188235727,2,4.837447166442871
1024,55.93966102600098,1770681774.939661,breathing,4.599821973793391,AppState.ESTIMATE_BREATHING_RATE,0.0000;3.0000,True,0.6405821442604057,1.6166480265066172,25.448031198963786,2,4.837447166442871
1025,55.99272036552429,1770681774.9927204,breathing,4.611106079877027,AppState.ESTIMATE_BREATHING_RATE,0.0000;3.0000,True,0.6405821442604057,1.5648284370733516,25.485057337275858,2,4.837447166442871
1026,56.045621156692505,1770681775.0456212,breathing,4.62495473897678,AppState.ESTIMATE_BREATHING_RATE,0.0000;3.0000,True,0.6405821442604057,1.5046233863653644,25.537846362186414,2,4.837447166442871
1027,56.08853101730347,1770681775.088531,breathing,4.641670656825935,AppState.ESTIMATE_BREATHING_RATE,0.0000;3.0000,True,0.6405821442604057,1.4513490282728092,25.60696204147746,2,4.837447166442871
1028,56.163803577423096,1770681775.1638036,breathing,4.660847546292283,AppState.ESTIMATE_BREATHING_RATE,0.0000;3.0000,True,0.6405821442604057,1.4063177324591822,25.672928542518534,2,4.837447166442871
1029,56.196945667266846,1770681775.1969457,breathing,4.68255464128875,AppState.ESTIMATE_BREATHING_RATE,0.0000;3.0000,True,0.6405821442604057,1.3623398066793448,25.73373987492894,2,4.837447166442871
1030,56.240020513534546,1770681775.2400205,breathing,4.707717378899821,AppState.ESTIMATE_BREATHING_RATE,0.0000;3.0000,True,0.6405821442604057,1.33361765726693,25.764243729768356,2,4.837447166442871
1031,56.293357610702515,1770681775.2933576,breathing,4.73473877208376,AppState.ESTIMATE_BREATHING_RATE,0.0000;3.0000,True,0.6405821442604057,1.30943297332243,25.806210571061605,2,4.837447166442871
1032,56.346473693847656,1770681775.3464737,breathing,4.763323801808805,AppState.ESTIMATE_BREATHING_RATE,0.0000;3.0000,True,0.6405821442604057,1.2834786421832718,25.841273880859703,2,4.837447166442871
1033,56.38938927650452,1770681775.3893893,breathing,4.795248049621686,AppState.ESTIMATE_BREATHING_RATE,0.0000;3.0000,True,0.6405821442604057,1.2716003161052531,25.86421583344589,2,4.837447166442871
1034,56.44225788116455,1770681775.442258,breathing,24.897215131608114,AppState.ESTIMATE_BREATHING_RATE,0.0000;3.0000,True,0.6405821442604057,1.279711235472668,25.888289934243037,2,4.837447166442871
1035,56.49516677856445,1770681775.4951668,breathing,24.903369064009638,AppState.ESTIMATE_BREATHING_RATE,0.0000;3.0000,True,0.6405821442604057,1.2721112316902825,25.896945848617843,2,4.837447166442871
1036,56.53816080093384,1770681775.5381608,breathing,24.90789124859728,AppState.ESTIMATE_BREATHING_RATE,0.0000;3.0000,True,0.6405821442604057,1.2672276300444274,25.886720035350447,2,4.837447166442871
1037,56.59116220474243,1770681775.5911622,breathing,24.910097009792107,AppState.ESTIMATE_BREATHING_RATE,0.0000;3.0000,True,0.6405821442604057,1.2651238233795117,25.85811468175346,2,4.837447166442871
1038,56.6441490650177,1770681775.644149,breathing,24.910063679789193,AppState.ESTIMATE_BREATHING_RATE,0.0000;3.0000,True,0.6405821442604057,1.2539392157131966,25.81725140246164,2,4.837447166442871
1039,56.69726610183716,1770681775.697266,breathing,24.90767463516467,AppState.ESTIMATE_BREATHING_RATE,0.0000;3.0000,True,0.6405821442604057,1.237911435724899,25.781098521251135,2,4.837447166442871
1040,56.73816680908203,1770681775.7381668,breathing,24.903013425606943,AppState.ESTIMATE_BREATHING_RATE,0.0000;3.0000,True,0.6405821442604057,1.215095467300584,25.76601569943038,2,4.837447166442871
1041,56.79135012626648,1770681775.7913501,breathing,24.896300039086096,AppState.ESTIMATE_BREATHING_RATE,0.0000;3.0000,True,0.6405821442604057,1.1816255315016981,25.747315588286565,2,4.837447166442871
1042,56.84450173377991,1770681775.8445017,breathing,24.887915874516708,AppState.ESTIMATE_BREATHING_RATE,0.0000;3.0000,True,0.5204729922115796,1.1490031832202148,25.72150180392599,1,4.837447166442871
1043,56.88865542411804,1770681775.8886554,breathing,24.87895344217244,AppState.ESTIMATE_BREATHING_RATE,0.0000;3.0000,True,0.5204729922115796,1.1258079217680157,25.695484082941906,1,4.837447166442871
1044,56.941964626312256,1770681775.9419646,breathing,24.87031481718248,AppState.ESTIMATE_BREATHING_RATE,0.0000;3.0000,True,0.5204729922115796,1.0986573403956947,25.675594223830153,1,4.837447166442871
1045,56.99496030807495,1770681775.9949603,breathing,24.86296620636321,AppState.ESTIMATE_BREATHING_RATE,0.0000;3.0000,True,0.5204729922115796,1.0764031583737528,25.65895919875104,1,4.837447166442871
1046,57.037774324417114,1770681776.0377743,breathing,24.85752792950032,AppState.ESTIMATE_BREATHING_RATE,0.0000;3.0000,True,0.5204729922115796,1.061613381556441,25.637190750179762,1,4.837447166442871
1047,57.09079122543335,1770681776.0907912,breathing,24.8539489210834,AppState.ESTIMATE_BREATHING_RATE,0.0000;3.0000,True,0.5204729922115796,1.070362842040519,25.595630690453888,1,4.837447166442871
1048,57.14382266998291,1770681776.1438227,breathing,24.852234570000995,AppState.ESTIMATE_BREATHING_RATE,0.0000;3.0000,True,0.5204729922115796,1.085271762087916,25.536418855516423,1,4.837447166442871
1049,57.2133994102478,1770681776.2133994,breathing,24.85273892209377,AppState.ESTIMATE_BREATHING_RATE,0.0000;3.0000,True,0.5204729922115796,1.0962250501311028,25.46242429256309,1,4.837447166442871
1050,57.24647521972656,1770681776.2464752,breathing,24.855314447987748,AppState.ESTIMATE_BREATHING_RATE,0.0000;3.0000,True,0.5204729922115796,1.1049779739639813,25.374085664544225,1,4.837447166442871
1051,57.28947043418884,1770681776.2894704,breathing,24.859775873868745,AppState.ESTIMATE_BREATHING_RATE,0.0000;3.0000,True,0.6405821442604057,1.1045787356946941,25.302428096341988,2,4.837447166442871
1052,57.342647552490234,1770681776.3426476,breathing,24.865693613182763,AppState.ESTIMATE_BREATHING_RATE,0.0000;3.0000,True,0.6405821442604057,1.097676046011525,25.240686940350948,2,4.837447166442871
1053,57.39597749710083,1770681776.3959775,breathing,24.872220075431855,AppState.ESTIMATE_BREATHING_RATE,0.0000;3.0000,True,0.6405821442604057,1.0920454823148293,25.180235718998404,2,4.837447166442871
1054,57.43885660171509,1770681776.4388566,breathing,24.878913892000337,AppState.ESTIMATE_BREATHING_RATE,0.0000;3.0000,True,0.6405821442604057,1.1012354302370146,25.106918060991013,2,4.837447166442871
1055,57.492013931274414,1770681776.492014,breathing,24.885069242931607,AppState.ESTIMATE_BREATHING_RATE,0.0000;3.0000,True,0.6405821442604057,1.1180949625903183,25.020256454429123,2,4.837447166442871
1056,57.545042753219604,1770681776.5450428,breathing,24.89020286149275,AppState.ESTIMATE_BREATHING_RATE,0.0000;3.0000,True,0.5204729922115796,1.1526492556331218,24.923472221359287,1,4.837447166442871
1057,57.58794331550598,1770681776.5879433,breathing,24.893651558010745,AppState.ESTIMATE_BREATHING_RATE,0.0000;3.0000,True,0.5204729922115796,1.1922141074357102,24.834836530758274,1,4.837447166442871
1058,57.640889406204224,1770681776.6408894,breathing,24.89508089182206,AppState.ESTIMATE_BREATHING_RATE,0.0000;3.0000,True,0.40036384016275356,1.2286047035063743,24.742190039495142,0,4.837447166442871
1059,57.69396209716797,1770681776.693962,breathing,24.894042947000987,AppState.ESTIMATE_BREATHING_RATE,0.0000;3.0000,True,0.5204729922115796,1.2573060832612653,24.644929635226788,1,4.837447166442871
1060,57.74131774902344,1770681776.7413177,breathing,24.89013330541626,AppState.ESTIMATE_BREATHING_RATE,0.0000;3.0000,True,0.5204729922115796,1.2836065246285522,24.543247001381676,1,4.837447166442871
1061,57.7944016456604,1770681776.7944016,breathing,24.883473586319045,AppState.ESTIMATE_BREATHING_RATE,0.0000;3.0000,True,0.40036384016275356,1.3213023157247172,24.471899821419747,0,4.837447166442871
1062,57.84800958633423,1770681776.8480096,breathing,24.873709702011457,AppState.ESTIMATE_BREATHING_RATE,0.0000;3.0000,True,0.40036384016275356,1.389579610132839,24.439222761160977,0,4.837447166442871
1063,57.8910346031189,1770681776.8910346,breathing,24.859996756048705,AppState.ESTIMATE_BREATHING_RATE,0.0000;3.0000,True,0.6405821442604057,1.4496680752856697,24.413195857288315,2,4.837447166442871
1064,57.94418168067932,1770681776.9441817,breathing,24.84594087761978,AppState.ESTIMATE_BREATHING_RATE,0.0000;3.0000,True,0.5204729922115796,1.4806997676738287,24.37776410494541,1,4.837447166442871
1065,57.99715781211853,1770681776.9971578,breathing,24.83060333482459,AppState.ESTIMATE_BREATHING_RATE,0.0000;3.0000,True,0.5204729922115796,1.4903900771211545,24.339909525961033,1,4.837447166442871
1066,58.03998517990112,1770681777.0399852,breathing,24.81451094801074,AppState.ESTIMATE_BREATHING_RATE,0.0000;3.0000,True,0.5204729922115796,1.5081538771617056,24.313965095224063,1,4.837447166442871
1067,58.09301257133484,1770681777.0930126,breathing,24.798360432157843,AppState.ESTIMATE_BREATHING_RATE,0.0000;3.0000,True,0.5204729922115796,1.5220823997582276,24.293613618083537,1,4.837447166442871
1068,58.14596676826477,1770681777.1459668,breathing,24.782769532176346,AppState.ESTIMATE_BREATHING_RATE,0.0000;3.0000,True,0.5204729922115796,1.5526433140843192,24.28835321264877,1,4.837447166442871
1069,58.18884062767029,1770681777.1888406,breathing,24.768746177016396,AppState.ESTIMATE_BREATHING_RATE,0.0000;3.0000,True,0.6405821442604057,1.5905968779384878,24.296848169527294,2,4.837447166442871
1070,58.26046299934387,1770681777.260463,breathing,24.75706225052934,AppState.ESTIMATE_BREATHING_RATE,0.0000;3.0000,True,0.6405821442604057,1.6069949382073567,24.289969590537563,2,4.837447166442871
1071,58.29343938827515,1770681777.2934394,breathing,24.74803158517719,AppState.ESTIMATE_BREATHING_RATE,0.0000;3.0000,True,0.6405821442604057,1.6256794226661808,24.27700860500872,2,4.837447166442871
1072,58.346508264541626,1770681777.3465083,breathing,24.74187405906982,AppState.ESTIMATE_BREATHING_RATE,0.0000;3.0000,True,0.5204729922115796,1.6499845589179978,24.28956294272779,1,4.837447166442871
1073,58.38953375816345,1770681777.3895338,breathing,24.738614127990452,AppState.ESTIMATE_BREATHING_RATE,0.0000;3.0000,True,0.5204729922115796,1.7008636688779126,24.344113505735734,1,4.837447166442871
1074,58.4425094127655,1770681777.4425094,breathing,24.737976435594184,AppState.ESTIMATE_BREATHING_RATE,0.0000;3.0000,True,0.5204729922115796,1.7524109169972222,24.421552862913767,1,4.837447166442871
1075,58.495522022247314,1770681777.495522,breathing,24.739634843262888,AppState.ESTIMATE_BREATHING_RATE,0.0000;3.0000,True,0.5204729922115796,1.789184079423693,24.507490416342648,1,4.837447166442871
1076,58.5385799407959,1770681777.53858,breathing,24.74329474356619,AppState.ESTIMATE_BREATHING_RATE,0.0000;3.0000,True,0.5204729922115796,1.829568102847715,24.597903421390267,1,4.837447166442871
1077,58.59168982505798,1770681777.5916898,breathing,24.748179484626064,AppState.ESTIMATE_BREATHING_RATE,0.0000;3.0000,True,0.5204729922115796,1.8916905814031617,24.692714352371453,1,4.837447166442871
1078,58.644612312316895,1770681777.6446123,breathing,24.753582650540555,AppState.ESTIMATE_BREATHING_RATE,0.0000;3.0000,True,0.5204729922115796,1.9466895870538634,24.787396172426124,1,4.837447166442871
1079,58.69769811630249,1770681777.697698,breathing,24.75870249223692,AppState.ESTIMATE_BREATHING_RATE,0.0000;3.0000,True,0.5204729922115796,1.986134516017848,24.871690196269295,1,4.837447166442871
1080,58.746320724487305,1770681777.7463207,breathing,24.762862379635333,AppState.ESTIMATE_BREATHING_RATE,0.0000;3.0000,True,0.5204729922115796,2.004679199491117,24.931333725422235,1,4.837447166442871
1081,58.78936266899109,1770681777.7893627,breathing,24.765352396835212,AppState.ESTIMATE_BREATHING_RATE,0.0000;3.0000,True,0.5204729922115796,1.9979862213469484,24.97236928413691,1,4.837447166442871
1082,58.842456579208374,1770681777.8424566,breathing,24.765521920825087,AppState.ESTIMATE_BREATHING_RATE,0.0000;3.0000,True,0.5204729922115796,1.9652714076098214,25.007254914237503,1,4.837447166442871
1083,58.89564371109009,1770681777.8956437,breathing,24.762668834726263,AppState.ESTIMATE_BREATHING_RATE,0.0000;3.0000,True,0.5204729922115796,1.9288961060086887,25.039214301912956,1,4.837447166442871
1084,58.93849468231201,1770681777.9384947,breathing,24.756117122789295,AppState.ESTIMATE_BREATHING_RATE,0.0000;3.0000,True,0.5204729922115796,1.8875262164909217,25.06880045985156,1,4.837447166442871
1085,58.991564989089966,1770681777.991565,breathing,24.74518354348868,AppState.ESTIMATE_BREATHING_RATE,0.0000;3.0000,True,0.5204729922115796,1.8390563979198413,25.096266651362086,1,4.837447166442871
1086,59.04448938369751,1770681778.0444894,breathing,24.729409393019726,AppState.ESTIMATE_BREATHING_RATE,0.0000;3.0000,True,0.6405821442604057,1.7870328501354131,25.131104922774963,2,4.837447166442871
1087,59.09740924835205,1770681778.0974092,breathing,24.70822285950859,AppState.ESTIMATE_BREATHING_RATE,0.0000;3.0000,True,0.6405821442604057,1.7469887191249638,25.17386633730044,2,4.837447166442871
1088,59.1437554359436,1770681778.1437554,breathing,24.68107906483507,AppState.ESTIMATE_BREATHING_RATE,0.0000;3.0000,True,0.6405821442604057,1.712379091350279,25.22004767608365,2,4.837447166442871
1089,59.200066566467285,1770681778.2000666,breathing,24.647404842192756,AppState.ESTIMATE_BREATHING_RATE,0.0000;3.0000,True,0.6405821442604057,1.6707952600043374,25.27345370718526,2,4.837447166442871
1090,59.245392084121704,1770681778.245392,breathing,24.606335740015858,AppState.ESTIMATE_BREATHING_RATE,0.0000;3.0000,True,0.6405821442604057,1.6206407905055173,25.344836658226445,2,4.837447166442871
1091,59.32378888130188,1770681778.323789,breathing,24.5537430559891,AppState.ESTIMATE_BREATHING_RATE,0.0000;3.0000,True,0.6405821442604057,1.567385612479511,25.419265056252105,2,4.837447166442871
1092,59.34926700592041,1770681778.349267,breathing,24.49841575369673,AppState.ESTIMATE_BREATHING_RATE,0.0000;3.0000,True,0.6405821442604057,1.524285719575877,25.488290067397926,2,4.837447166442871
1093,59.39411735534668,1770681778.3941174,breathing,24.44187941730051,AppState.ESTIMATE_BREATHING_RATE,0.0000;3.0000,True,0.6405821442604057,1.4844410156251846,25.55504532092691,2,4.837447166442871
1094,59.448827505111694,1770681778.4488275,breathing,24.385357524682366,AppState.ESTIMATE_BREATHING_RATE,0.0000;3.0000,True,0.6405821442604057,1.4441798235473167,25.621993364065254,2,4.837447166442871
1095,59.4931902885437,1770681778.4931903,breathing,24.33017936550438,AppState.ESTIMATE_BREATHING_RATE,0.0000;3.0000,True,0.6405821442604057,1.4140395470184617,25.69034575347662,2,4.837447166442871
1096,59.548956871032715,1770681778.5489569,breathing,24.277542437398992,AppState.ESTIMATE_BREATHING_RATE,0.0000;3.0000,True,0.6405821442604057,1.3790657817140504,25.76067181489618,2,4.837447166442871
1097,59.59433722496033,1770681778.5943372,breathing,24.228491739882063,AppState.ESTIMATE_BREATHING_RATE,0.0000;3.0000,True,0.6405821442604057,1.3362880404801085,25.83061387667216,2,4.837447166442871
1098,59.649778842926025,1770681778.6497788,breathing,24.183680846840367,AppState.ESTIMATE_BREATHING_RATE,0.0000;3.0000,True,0.6405821442604057,1.2884088447528266,25.89442189319884,2,4.837447166442871
1099,59.69532370567322,1770681778.6953237,breathing,24.143278386808355,AppState.ESTIMATE_BREATHING_RATE,0.0000;3.0000,True,0.5204729922115796,1.2472865399935373,25.962547528536373,1,4.837447166442871
1100,59.749189138412476,1770681778.7491891,breathing,24.107703591346123,AppState.ESTIMATE_BREATHING_RATE,0.0000;3.0000,True,0.5204729922115796,1.2171491562825054,26.03189613300544,1,4.837447166442871
1101,59.7947633266449,1770681778.7947633,breathing,24.07687761673098,AppState.ESTIMATE_BREATHING_RATE,0.0000;3.0000,True,0.5204729922115796,1.19128776317793,26.095326939413905,1,4.837447166442871
1102,59.84037232398987,1770681778.8403723,breathing,24.05052096848656,AppState.ESTIMATE_BREATHING_RATE,0.0000;3.0000,True,0.5204729922115796,1.1648022751020548,26.142927592177223,1,4.837447166442871
1103,59.89654874801636,1770681778.8965487,breathing,24.02827017081997,AppState.ESTIMATE_BREATHING_RATE,0.0000;3.0000,True,0.5204729922115796,1.1381492208677606,26.168817954671063,1,4.837447166442871
1104,59.942028760910034,1770681778.9420288,breathing,24.00962850826638,AppState.ESTIMATE_BREATHING_RATE,0.0000;3.0000,True,0.5204729922115796,1.1174478940054717,26.171896423705316,1,4.837447166442871
1105,59.99754786491394,1770681778.9975479,breathing,23.993933187267523,AppState.ESTIMATE_BREATHING_RATE,0.0000;3.0000,True,0.5204729922115796,1.1029038665863367,26.150161280433643,1,4.837447166442871
1106,60.04279112815857,1770681779.0427911,breathing,23.980480222274412,AppState.ESTIMATE_BREATHING_RATE,0.0000;3.0000,True,0.5204729922115796,1.0919561808353173,26.110584970396093,1,4.837447166442871
1107,60.09820079803467,1770681779.0982008,breathing,23.96856717649711,AppState.ESTIMATE_BREATHING_RATE,0.0000;3.0000,True,0.5204729922115796,1.1004345465938805,26.063617501581273,1,4.837447166442871
1108,60.14347767829895,1770681779.1434777,breathing,23.95750662404174,AppState.ESTIMATE_BREATHING_RATE,0.0000;3.0000,True,0.5204729922115796,1.1157771787607371,26.017024332305652,1,4.837447166442871
1109,60.19894504547119,1770681779.198945,breathing,23.946693558324025,AppState.ESTIMATE_BREATHING_RATE,0.0000;3.0000,True,0.6405821442604057,1.1350236612532727,25.975494361489396,2,4.837447166442871
1110,60.24427247047424,1770681779.2442725,breathing,23.935691816420405,AppState.ESTIMATE_BREATHING_RATE,0.0000;3.0000,True,0.6405821442604057,1.1502911369299802,25.93612444916283,2,4.837447166442871
1111,60.29971790313721,1770681779.299718,breathing,23.924229603020787,AppState.ESTIMATE_BREATHING_RATE,0.0000;3.0000,True,0.6405821442604057,1.1559665033977091,25.877864395323115,2,4.837447166442871
1112,60.378623723983765,1770681779.3786237,breathing,23.912126348939086,AppState.ESTIMATE_BREATHING_RATE,0.0000;3.0000,True,0.5204729922115796,1.1516292769185805,25.83492663348416,1,4.837447166442871
1113,60.395033836364746,1770681779.3950338,breathing,23.89910459900795,AppState.ESTIMATE_BREATHING_RATE,0.0000;3.0000,True,0.5204729922115796,1.1342274397114738,25.807462922523893,1,4.837447166442871
1114,60.43935704231262,1770681779.439357,breathing,23.885010739171925,AppState.ESTIMATE_BREATHING_RATE,0.0000;3.0000,True,0.5204729922115796,1.125296156660648,25.781745432438466,1,4.837447166442871
1115,60.49363923072815,1770681779.4936392,breathing,23.87013963026282,AppState.ESTIMATE_BREATHING_RATE,0.0000;3.0000,True,0.40036384016275356,1.121975933028635,25.75877077427901,0,4.837447166442871
1116,60.54933047294617,1770681779.5493305,breathing,23.854911860965316,AppState.ESTIMATE_BREATHING_RATE,0.0000;3.0000,True,0.40036384016275356,1.1343212591996623,25.73671694893501,0,4.837447166442871
1117,60.59480571746826,1770681779.5948057,breathing,23.839239414499488,AppState.ESTIMATE_BREATHING_RATE,0.0000;3.0000,True,0.5204729922115796,1.1356106316634773,25.703698778096804,1,4.837447166442871
1118,60.64013600349426,1770681779.640136,breathing,23.823188777130778,AppState.ESTIMATE_BREATHING_RATE,0.0000;3.0000,True,0.5204729922115796,1.126998061751345,25.662885402844623,1,4.837447166442871
1119,60.69577646255493,1770681779.6957765,breathing,23.806918389751637,AppState.ESTIMATE_BREATHING_RATE,0.0000;3.0000,True,0.5204729922115796,1.1277715509396278,25.619879457041407,1,4.837447166442871
1120,60.74567627906799,1770681779.7456763,breathing,23.790565265985936,AppState.ESTIMATE_BREATHING_RATE,0.0000;3.0000,True,0.5204729922115796,1.1420851498998756,25.573167832303245,1,4.837447166442871
1121,60.79129481315613,1770681779.7912948,breathing,23.774212032097346,AppState.ESTIMATE_BREATHING_RATE,0.0000;3.0000,True,0.5204729922115796,1.1550652681792852,25.518774372749625,1,4.837447166442871
1122,60.8469340801239,1770681779.846934,breathing,23.75792636356986,AppState.ESTIMATE_BREATHING_RATE,0.0000;3.0000,True,0.5204729922115796,1.1656334155608712,25.45519419711923,1,4.837447166442871
1123,60.89247465133667,1770681779.8924747,breathing,23.7417834157909,AppState.ESTIMATE_BREATHING_RATE,0.0000;3.0000,True,0.5204729922115796,1.172562241082391,25.38341466066484,1,4.837447166442871
1124,60.94750666618347,1770681779.9475067,breathing,23.725853191968337,AppState.ESTIMATE_BREATHING_RATE,0.0000;3.0000,True,0.5204729922115796,1.173342722572345,25.309021296017498,1,4.837447166442871
1125,60.991628646850586,1770681779.9916286,breathing,23.710124408810152,AppState.ESTIMATE_BREATHING_RATE,0.0000;3.0000,True,0.5204729922115796,1.1766555395687321,25.22795790999359,1,4.837447166442871
1126,61.04693245887756,1770681780.0469325,breathing,23.694555781947386,AppState.ESTIMATE_BREATHING_RATE,0.0000;3.0000,True,0.5204729922115796,1.1824480615189754,25.135637715735538,1,4.837447166442871
1127,61.09237813949585,1770681780.0923781,breathing,23.67907648780295,AppState.ESTIMATE_BREATHING_RATE,0.0000;3.0000,True,0.5204729922115796,1.1743911366351294,25.03156763921732,1,4.837447166442871
1128,61.147770166397095,1770681780.1477702,breathing,23.663581360696632,AppState.ESTIMATE_BREATHING_RATE,0.0000;3.0000,True,0.5204729922115796,1.1592221495713837,24.92380213419071,1,4.837447166442871
1129,61.193172216415405,1770681780.1931722,breathing,23.647941351371202,AppState.ESTIMATE_BREATHING_RATE,0.0000;3.0000,True,0.5204729922115796,1.1421236531597718,24.812812129862177,1,4.837447166442871
1130,61.24856901168823,1770681780.248569,breathing,23.632040038192027,AppState.ESTIMATE_BREATHING_RATE,0.0000;3.0000,True,0.5204729922115796,1.1318301039455956,24.69539317672254,1,4.837447166442871
1131,61.293899059295654,1770681780.293899,breathing,23.615761712433955,AppState.ESTIMATE_BREATHING_RATE,0.0000;3.0000,True,0.5204729922115796,1.1250802302640464,24.572434038840715,1,4.837447166442871
1132,61.34926676750183,1770681780.3492668,breathing,23.599005588981143,AppState.ESTIMATE_BREATHING_RATE,0.0000;3.0000,True,0.5204729922115796,1.1099619211095804,24.44412455040305,1,4.837447166442871
1133,61.42895269393921,1770681780.4289527,breathing,23.581670363640853,AppState.ESTIMATE_BREATHING_RATE,0.0000;3.0000,True,0.5204729922115796,1.1011093852824303,24.30700694401889,1,4.837447166442871
1134,61.44349694252014,1770681780.443497,breathing,23.563683227946623,AppState.ESTIMATE_BREATHING_RATE,0.0000;3.0000,True,0.5204729922115796,1.091503826443866,24.1698141930193,1,4.837447166442871
1135,61.4982054233551,1770681780.4982054,breathing,23.545050064184373,AppState.ESTIMATE_BREATHING_RATE,0.0000;3.0000,True,0.5204729922115796,1.0884344611884291,24.03350968110204,1,4.837447166442871
1136,61.54360508918762,1770681780.543605,breathing,23.525783705228726,AppState.ESTIMATE_BREATHING_RATE,0.0000;3.0000,True,0.5204729922115796,1.0909712005697754,23.89330881807156,1,4.837447166442871
1137,61.59883666038513,1770681780.5988367,breathing,23.505995175383973,AppState.ESTIMATE_BREATHING_RATE,0.0000;3.0000,True,0.5204729922115796,1.090958131761862,23.748759093016456,1,4.837447166442871
1138,61.643643617630005,1770681780.6436436,breathing,23.485865569778714,AppState.ESTIMATE_BREATHING_RATE,0.0000;3.0000,True,0.6405821442604057,1.102758378442535,23.614129909661646,2,4.837447166442871
1139,61.69871807098389,1770681780.698718,breathing,23.46563221697126,AppState.ESTIMATE_BREATHING_RATE,0.0000;3.0000,True,0.6405821442604057,1.1238011487973278,23.50636344433993,2,4.837447166442871
1140,61.74291181564331,1770681780.7429118,breathing,23.445524459460696,AppState.ESTIMATE_BREATHING_RATE,0.0000;3.0000,True,0.6405821442604057,1.1510490647703193,23.431926180252354,2,4.837447166442871
1141,61.79864692687988,1770681780.798647,breathing,23.425830446535386,AppState.ESTIMATE_BREATHING_RATE,0.0000;3.0000,True,0.6405821442604057,1.1947404760867104,23.38335177655609,2,4.837447166442871
1142,61.84424877166748,1770681780.8442488,breathing,23.406814051118804,AppState.ESTIMATE_BREATHING_RATE,0.0000;3.0000,True,0.6405821442604057,1.2410919329537098,23.35071873170555,2,4.837447166442871
1143,61.89986443519592,1770681780.8998644,breathing,23.388724049163397,AppState.ESTIMATE_BREATHING_RATE,0.0000;3.0000,True,0.6405821442604057,1.280239850756775,23.321651329991727,2,4.837447166442871
1144,61.94781827926636,1770681780.9478183,breathing,23.37175208551334,AppState.ESTIMATE_BREATHING_RATE,0.0000;3.0000,True,0.6405821442604057,1.3066938926877718,23.28701977757775,2,4.837447166442871
1145,61.99374794960022,1770681780.993748,breathing,23.356068497555388,AppState.ESTIMATE_BREATHING_RATE,0.0000;3.0000,True,0.6405821442604057,1.3213341306588031,23.24167560673943,2,4.837447166442871
1146,62.04882192611694,1770681781.048822,breathing,23.341783184409948,AppState.ESTIMATE_BREATHING_RATE,0.0000;3.0000,True,0.6405821442604057,1.3541005058855078,23.180978401291647,2,4.837447166442871
1147,62.0936758518219,1770681781.0936759,breathing,23.328937989683816,AppState.ESTIMATE_BREATHING_RATE,0.0000;3.0000,True,0.6405821442604057,1.3735056120908429,23.108214312407593,2,4.837447166442871
1148,62.149128675460815,1770681781.1491287,breathing,23.317514621476214,AppState.ESTIMATE_BREATHING_RATE,0.0000;3.0000,True,0.6405821442604057,1.392015572330595,23.02961119738944,2,4.837447166442871
1149,62.19463014602661,1770681781.1946301,breathing,23.30742178823729,AppState.ESTIMATE_BREATHING_RATE,0.0000;3.0000,True,0.6405821442604057,1.393858717780775,22.95448030271573,2,4.837447166442871
1150,62.24006223678589,1770681781.2400622,breathing,23.298503743058856,AppState.ESTIMATE_BREATHING_RATE,0.0000;3.0000,True,0.6405821442604057,1.3935333348560313,22.88856226124157,2,4.837447166442871
1151,62.295615673065186,1770681781.2956157,breathing,23.290546755808883,AppState.ESTIMATE_BREATHING_RATE,0.0000;3.0000,True,0.6405821442604057,1.3795618076388412,22.837293834782507,2,4.837447166442871
1152,62.34090280532837,1770681781.3409028,breathing,23.28327367818044,AppState.ESTIMATE_BREATHING_RATE,0.0000;3.0000,True,0.6405821442604057,1.3586900604929908,22.798890712417304,2,4.837447166442871
1153,62.396411180496216,1770681781.3964112,breathing,23.276373779997428,AppState.ESTIMATE_BREATHING_RATE,0.0000;3.0000,True,0.5204729922115796,1.3387469194170658,22.77754118437599,1,4.837447166442871
1154,62.47942805290222,1770681781.479428,breathing,23.269487571881996,AppState.ESTIMATE_BREATHING_RATE,0.0000;3.0000,True,0.5204729922115796,1.3131317060239411,22.75924121632368,1,4.837447166442871
1155,62.4955313205719,1770681781.4955313,breathing,23.26225434775998,AppState.ESTIMATE_BREATHING_RATE,0.0000;3.0000,True,0.5204729922115796,1.2823088406237242,22.72809924375518,1,4.837447166442871
1156,62.53941631317139,1770681781.5394163,breathing,23.254331108899812,AppState.ESTIMATE_BREATHING_RATE,0.0000;3.0000,True,0.5204729922115796,1.246727222480277,22.684336603275614,1,4.837447166442871
1157,62.59253978729248,1770681781.5925398,breathing,23.245417324405285,AppState.ESTIMATE_BREATHING_RATE,0.0000;3.0000,True,0.6405821442604057,1.2150000959519163,22.648847193509724,2,4.837447166442871
1158,62.64587950706482,1770681781.6458795,breathing,23.235256789301236,AppState.ESTIMATE_BREATHING_RATE,0.0000;3.0000,True,0.6405821442604057,1.186161278853814,22.617582515873092,2,4.837447166442871
1159,62.689077615737915,1770681781.6890776,breathing,23.223657067917227,AppState.ESTIMATE_BREATHING_RATE,0.0000;3.0000,True,0.5204729922115796,1.159783297127141,22.587728614119374,1,4.837447166442871
1160,62.74584770202637,1770681781.7458477,breathing,23.210525162878994,AppState.ESTIMATE_BREATHING_RATE,0.0000;3.0000,True,0.5204729922115796,1.1380515507720357,22.556264960362597,1,4.837447166442871
1161,62.788910150527954,1770681781.7889102,breathing,23.19589877603187,AppState.ESTIMATE_BREATHING_RATE,0.0000;3.0000,True,0.5204729922115796,1.124757097243746,22.512236417691536,1,4.837447166442871
1162,62.84225082397461,1770681781.8422508,breathing,23.179947362858442,AppState.ESTIMATE_BREATHING_RATE,0.0000;3.0000,True,0.5204729922115796,1.1113373739497674,22.454160674688104,1,4.837447166442871
1163,62.895315170288086,1770681781.8953152,breathing,23.162968337832112,AppState.ESTIMATE_BREATHING_RATE,0.0000;3.0000,True,0.5204729922115796,1.1007249959863827,22.38282283269606,1,4.837447166442871
1164,62.938154220581055,1770681781.9381542,breathing,23.145375377060248,AppState.ESTIMATE_BREATHING_RATE,0.0000;3.0000,True,0.5204729922115796,1.0950770717574347,22.304508273775394,1,4.837447166442871
1165,62.99114942550659,1770681781.9911494,breathing,23.127659801302972,AppState.ESTIMATE_BREATHING_RATE,0.0000;3.0000,True,0.5204729922115796,1.1066010156515478,22.23801264271073,1,4.837447166442871
1166,63.04410123825073,1770681782.0441012,breathing,23.11031643550998,AppState.ESTIMATE_BREATHING_RATE,0.0000;3.0000,True,0.5204729922115796,1.1208275921873823,22.178700018152302,1,4.837447166442871
1167,63.09709048271179,1770681782.0970905,breathing,23.093809971100356,AppState.ESTIMATE_BREATHING_RATE,0.0000;3.0000,True,0.5204729922115796,1.1353985342998698,22.120197517087636,1,4.837447166442871
1168,63.13992714881897,1770681782.1399271,breathing,23.078565454422126,AppState.ESTIMATE_BREATHING_RATE,0.0000;3.0000,True,0.5204729922115796,1.1460902572552931,22.07104600576298,1,4.837447166442871
1169,63.19296193122864,1770681782.192962,breathing,23.064951808392674,AppState.ESTIMATE_BREATHING_RATE,0.0000;3.0000,True,0.5204729922115796,1.1809225065659759,22.036861559229386,1,4.837447166442871
1170,63.245795011520386,1770681782.245795,breathing,23.05325504189741,AppState.ESTIMATE_BREATHING_RATE,0.0000;3.0000,True,0.5204729922115796,1.23967784561685,22.019643365413526,1,4.837447166442871
1171,63.288663387298584,1770681782.2886634,breathing,23.043673661215525,AppState.ESTIMATE_BREATHING_RATE,0.0000;3.0000,True,0.5204729922115796,1.2963655878253038,22.007915636988667,1,4.837447166442871
1172,63.34153723716736,1770681782.3415372,breathing,23.036324410677807,AppState.ESTIMATE_BREATHING_RATE,0.0000;3.0000,True,0.5204729922115796,1.3386593962007147,21.98609664281227,1,4.837447166442871
1173,63.394471883773804,1770681782.394472,breathing,23.031258567172202,AppState.ESTIMATE_BREATHING_RATE,0.0000;3.0000,True,0.5204729922115796,1.3645558062303373,21.9485181598424,1,4.837447166442871
1174,63.4473819732666,1770681782.447382,breathing,23.028435090205864,AppState.ESTIMATE_BREATHING_RATE,0.0000;3.0000,True,0.5204729922115796,1.375650552079116,21.894936778514985,1,4.837447166442871
1175,63.50879240036011,1770681782.5087924,breathing,23.02775943297859,AppState.ESTIMATE_BREATHING_RATE,0.0000;3.0000,True,0.5204729922115796,1.3786711157566585,21.829861260059193,1,4.837447166442871
1176,63.54222917556763,1770681782.5422292,breathing,23.02907231994674,AppState.ESTIMATE_BREATHING_RATE,0.0000;3.0000,True,0.6405821442604057,1.3813641864873238,21.762912075039495,2,4.837447166442871
1177,63.59544372558594,1770681782.5954437,breathing,23.03215682554943,AppState.ESTIMATE_BREATHING_RATE,0.0000;3.0000,True,0.6405821442604057,1.3794248030699985,21.69777678592958,2,4.837447166442871
1178,63.638537883758545,1770681782.638538,breathing,23.03678447813909,AppState.ESTIMATE_BREATHING_RATE,0.0000;3.0000,True,0.6405821442604057,1.3776924634022008,21.633553871225224,2,4.837447166442871
1179,63.69171476364136,1770681782.6917148,breathing,23.042697722971408,AppState.ESTIMATE_BREATHING_RATE,0.0000;3.0000,True,0.6405821442604057,1.3750436478003576,21.568065279907717,2,4.837447166442871
1180,63.740198373794556,1770681782.7401984,breathing,23.049605263904404,AppState.ESTIMATE_BREATHING_RATE,0.0000;3.0000,True,0.6405821442604057,1.3743946824811644,21.4941998668225,2,4.837447166442871
1181,63.79335355758667,1770681782.7933536,breathing,23.05721969485933,AppState.ESTIMATE_BREATHING_RATE,0.0000;3.0000,True,0.6405821442604057,1.3782688904913813,21.408374878147594,2,4.837447166442871
1182,63.84644603729248,1770681782.846446,breathing,23.06524060345785,AppState.ESTIMATE_BREATHING_RATE,0.0000;3.0000,True,0.40036384016275356,1.3895041246484512,21.326099612935614,0,4.837447166442871
1183,63.889509201049805,1770681782.8895092,breathing,23.073357371102336,AppState.ESTIMATE_BREATHING_RATE,0.0000;3.0000,True,0.40036384016275356,1.3991146177825278,21.24517579951401,0,4.837447166442871
1184,63.94248342514038,1770681782.9424834,breathing,23.081364918865084,AppState.ESTIMATE_BREATHING_RATE,0.0000;3.0000,True,0.40036384016275356,1.4039923932849399,21.164901696095054,0,4.837447166442871
1185,63.995532751083374,1770681782.9955328,breathing,23.089044575027266,AppState.ESTIMATE_BREATHING_RATE,0.0000;3.0000,True,0.40036384016275356,1.4098737911023935,21.083123429108387,0,4.837447166442871
1186,64.03832769393921,1770681783.0383277,breathing,23.0962973375238,AppState.ESTIMATE_BREATHING_RATE,0.0000;3.0000,True,0.40036384016275356,1.406214417308882,20.994534021314053,0,4.837447166442871
1187,64.09134459495544,1770681783.0913446,breathing,23.10311244976087,AppState.ESTIMATE_BREATHING_RATE,0.0000;3.0000,True,0.40036384016275356,1.3937688543713054,20.913346942680693,0,4.837447166442871
1188,64.14427256584167,1770681783.1442726,breathing,23.109359329082793,AppState.ESTIMATE_BREATHING_RATE,0.0000;3.0000,True,0.7606912963092318,1.3810988719102955,20.845442608820964,3,4.837447166442871
1189,64.19725918769836,1770681783.1972592,breathing,23.11503457241415,AppState.ESTIMATE_BREATHING_RATE,0.0000;3.0000,True,0.7606912963092318,1.3663640562598243,20.79133908818359,3,4.837447166442871
1190,64.24009943008423,1770681783.2400994,breathing,23.12016332197431,AppState.ESTIMATE_BREATHING_RATE,0.0000;3.0000,True,0.7606912963092318,1.3533939346647836,20.74323720785606,3,4.837447166442871
1191,64.29315829277039,1770681783.2931583,breathing,23.124756073691444,AppState.ESTIMATE_BREATHING_RATE,0.0000;3.0000,True,0.7606912963092318,1.3472125700866893,20.694043916153216,3,4.837447166442871
1192,64.34604239463806,1770681783.3460424,breathing,23.128849046168135,AppState.ESTIMATE_BREATHING_RATE,0.0000;3.0000,True,0.40036384016275356,1.3488619760557115,20.672681761550606,0,4.837447166442871
1193,64.38897681236267,1770681783.3889768,breathing,23.132426632506327,AppState.ESTIMATE_BREATHING_RATE,0.0000;3.0000,True,0.40036384016275356,1.3429480108169758,20.676805794661224,0,4.837447166442871
1194,64.44192218780518,1770681783.4419222,breathing,23.135635697119433,AppState.ESTIMATE_BREATHING_RATE,0.0000;3.0000,True,0.40036384016275356,1.3485182663213273,20.66727120032292,0,4.837447166442871
1195,64.49501705169678,1770681783.495017,breathing,7.956128900488386,AppState.ESTIMATE_BREATHING_RATE,0.0000;3.0000,True,0.40036384016275356,1.3551533467035932,20.659456563961758,0,4.837447166442871
1196,64.55690956115723,1770681783.5569096,breathing,7.959054211532416,AppState.ESTIMATE_BREATHING_RATE,0.0000;3.0000,True,0.40036384016275356,1.3656069191204139,20.66046566254878,0,4.837447166442871
1197,64.59011745452881,1770681783.5901175,breathing,7.96103010230437,AppState.ESTIMATE_BREATHING_RATE,0.0000;3.0000,True,0.40036384016275356,1.3741633669061548,20.665022917623073,0,4.837447166442871
1198,64.6436333656311,1770681783.6436334,breathing,7.962164616074199,AppState.ESTIMATE_BREATHING_RATE,0.0000;3.0000,True,0.40036384016275356,1.3960041666156573,20.664525781441665,0,4.837447166442871
1199,64.69684290885925,1770681783.696843,breathing,7.962650874040202,AppState.ESTIMATE_BREATHING_RATE,0.0000;3.0000,True,0.40036384016275356,1.4054975950018065,20.65445408611002,0,4.837447166442871
1200,64.74658131599426,1770681783.7465813,breathing,7.962619927644624,AppState.ESTIMATE_BREATHING_RATE,0.0000;3.0000,True,0.40036384016275356,1.40917795123017,20.63341948032259,0,4.837447166442871
1201,64.78960514068604,1770681783.7896051,breathing,7.962210623412361,AppState.ESTIMATE_BREATHING_RATE,0.0000;3.0000,True,0.40036384016275356,1.4091617658643878,20.60005063334487,0,4.837447166442871
1202,64.84272050857544,1770681783.8427205,breathing,7.961629465911647,AppState.ESTIMATE_BREATHING_RATE,0.0000;3.0000,True,0.6405821442604057,1.4094589040192482,20.563543178988635,2,4.837447166442871
1203,64.8957679271698,1770681783.895768,breathing,7.960970644834479,AppState.ESTIMATE_BREATHING_RATE,0.0000;3.0000,True,0.6405821442604057,1.4248663445369787,20.534481144259296,2,4.837447166442871
1204,64.93853950500488,1770681783.9385395,breathing,7.960406327268741,AppState.ESTIMATE_BREATHING_RATE,0.0000;3.0000,True,0.6405821442604057,1.4541305313193877,20.51995299084257,2,4.837447166442871
1205,64.99173092842102,1770681783.991731,breathing,7.960090640383974,AppState.ESTIMATE_BREATHING_RATE,0.0000;3.0000,True,0.6405821442604057,1.4995981160201903,20.524301037100525,2,4.837447166442871
1206,65.04477381706238,1770681784.0447738,breathing,7.960062996550602,AppState.ESTIMATE_BREATHING_RATE,0.0000;3.0000,True,0.6405821442604057,1.5424921512769354,20.528304417134187,2,4.837447166442871
1207,65.09773325920105,1770681784.0977333,breathing,7.960546203290991,AppState.ESTIMATE_BREATHING_RATE,0.0000;3.0000,True,0.6405821442604057,1.573456416130786,20.52365791533517,2,4.837447166442871
1208,65.14058756828308,1770681784.1405876,breathing,7.962297450712165,AppState.ESTIMATE_BREATHING_RATE,0.0000;3.0000,True,0.40036384016275356,1.5779779421730642,20.523837376669853,0,4.837447166442871
1209,65.19353914260864,1770681784.1935391,breathing,7.964655091792399,AppState.ESTIMATE_BREATHING_RATE,0.0000;3.0000,True,0.6405821442604057,1.578610104690347,20.511201995278608,2,4.837447166442871
1210,65.24640154838562,1770681784.2464015,breathing,7.967403728254425,AppState.ESTIMATE_BREATHING_RATE,0.0000;3.0000,True,0.6405821442604057,1.5622442985488683,20.503302356513686,2,4.837447166442871
1211,65.2892861366272,1770681784.2892861,breathing,7.970992181022899,AppState.ESTIMATE_BREATHING_RATE,0.0000;3.0000,True,0.6405821442604057,1.5405799802054037,20.496144631917407,2,4.837447166442871
1212,65.34217953681946,1770681784.3421795,breathing,7.975680427203119,AppState.ESTIMATE_BREATHING_RATE,0.0000;3.0000,True,0.6405821442604057,1.5292276856239966,20.490842413809393,2,4.837447166442871
1213,65.39510202407837,1770681784.395102,breathing,7.981582711433947,AppState.ESTIMATE_BREATHING_RATE,0.0000;3.0000,True,0.6405821442604057,1.5466487327068699,20.477720667168033,2,4.837447166442871
1214,65.43795537948608,1770681784.4379554,breathing,7.988758379728353,AppState.ESTIMATE_BREATHING_RATE,0.0000;3.0000,True,0.40036384016275356,1.578819165613843,20.45475642582916,0,4.837447166442871
1215,65.49107599258423,1770681784.491076,breathing,7.997329337265239,AppState.ESTIMATE_BREATHING_RATE,0.0000;3.0000,True,0.40036384016275356,1.616557492923647,20.44007673729157,0,4.837447166442871
1216,65.54412937164307,1770681784.5441294,breathing,8.007260539906692,AppState.ESTIMATE_BREATHING_RATE,0.0000;3.0000,True,0.7606912963092318,1.6347268428023742,20.435102092639585,3,4.837447166442871
1217,65.61662793159485,1770681784.616628,breathing,8.018566963920321,AppState.ESTIMATE_BREATHING_RATE,0.0000;3.0000,True,0.7606912963092318,1.665312328815581,20.437874132751073,3,4.837447166442871
1218,65.63967275619507,1770681784.6396728,breathing,8.031303438943944,AppState.ESTIMATE_BREATHING_RATE,0.0000;3.0000,True,0.7606912963092318,1.6983665249624869,20.445560045442804,3,4.837447166442871
1219,65.69298124313354,1770681784.6929812,breathing,8.045425638567275,AppState.ESTIMATE_BREATHING_RATE,0.0000;3.0000,True,0.7606912963092318,1.7318358000612932,20.451071529491436,3,4.837447166442871
1220,65.74072933197021,1770681784.7407293,breathing,8.06086415772743,AppState.ESTIMATE_BREATHING_RATE,0.0000;3.0000,True,0.40036384016275356,1.7744553670309717,20.46021897093717,0,4.837447166442871
1221,65.79387497901917,1770681784.793875,breathing,8.077570051593563,AppState.ESTIMATE_BREATHING_RATE,0.0000;3.0000,True,0.40036384016275356,1.8208910822336872,20.473639319710756,0,4.837447166442871
1222,65.84951376914978,1770681784.8495138,breathing,8.095401977519614,AppState.ESTIMATE_BREATHING_RATE,0.0000;3.0000,True,0.40036384016275356,1.8588721277573061,20.490964556309084,0,4.837447166442871
1223,65.89285802841187,1770681784.892858,breathing,8.114113898117685,AppState.ESTIMATE_BREATHING_RATE,0.0000;3.0000,True,0.40036384016275356,1.8934144786151506,20.510423057227612,0,4.837447166442871
1224,65.94583225250244,1770681784.9458323,breathing,8.133604974378375,AppState.ESTIMATE_BREATHING_RATE,0.0000;3.0000,True,0.40036384016275356,1.9234590702658247,20.532220434317814,0,4.837447166442871
1225,65.98878240585327,1770681784.9887824,breathing,8.153665441664188,AppState.ESTIMATE_BREATHING_RATE,0.0000;3.0000,True,0.40036384016275356,1.9480764335047174,20.55581380874487,0,4.837447166442871
1226,66.04170179367065,1770681785.0417018,breathing,8.174140499298506,AppState.ESTIMATE_BREATHING_RATE,0.0000;3.0000,True,0.40036384016275356,1.9878546016700447,20.580053694291536,0,4.837447166442871
1227,66.09465956687927,1770681785.0946596,breathing,8.194869182527173,AppState.ESTIMATE_BREATHING_RATE,0.0000;3.0000,True,0.40036384016275356,2.041483891231386,20.60273314405973,0,4.837447166442871
1228,66.14762210845947,1770681785.147622,breathing,8.213743345113885,AppState.ESTIMATE_BREATHING_RATE,0.0000;3.0000,True,0.40036384016275356,2.09525587384171,20.62275080133007,0,4.837447166442871
1229,66.19050359725952,1770681785.1905036,breathing,8.230922725495976,AppState.ESTIMATE_BREATHING_RATE,0.0000;3.0000,True,0.40036384016275356,2.140883816725056,20.636107969490116,0,4.837447166442871
1230,66.24336457252502,1770681785.2433646,breathing,8.247512124585928,AppState.ESTIMATE_BREATHING_RATE,0.0000;3.0000,True,0.6405821442604057,2.155135348159383,20.653140731727923,2,4.837447166442871
1231,66.29634976387024,1770681785.2963498,breathing,8.26342089312168,AppState.ESTIMATE_BREATHING_RATE,0.0000;3.0000,True,0.6405821442604057,2.15259397037283,20.66462702791005,2,4.837447166442871
1232,66.33918333053589,1770681785.3391833,breathing,8.278797053779202,AppState.ESTIMATE_BREATHING_RATE,0.0000;3.0000,True,0.6405821442604057,2.1413157115655417,20.665471567063566,2,4.837447166442871
1233,66.39228010177612,1770681785.39228,breathing,8.29368922092375,AppState.ESTIMATE_BREATHING_RATE,0.0000;3.0000,True,0.6405821442604057,2.139438409010996,20.659987702532803,2,4.837447166442871
1234,66.44517374038696,1770681785.4451737,breathing,8.308266388200737,AppState.ESTIMATE_BREATHING_RATE,0.0000;3.0000,True,0.6405821442604057,2.1272054672990164,20.637892009412916,2,4.837447166442871
1235,66.4880747795105,1770681785.4880748,breathing,8.32284618088703,AppState.ESTIMATE_BREATHING_RATE,0.0000;3.0000,True,0.7606912963092318,2.0990746300800085,20.61513084349089,3,4.837447166442871
1236,66.54122233390808,1770681785.5412223,breathing,8.337827462973987,AppState.ESTIMATE_BREATHING_RATE,0.0000;3.0000,True,0.7606912963092318,2.0595126065537577,20.6042917674244,3,4.837447166442871
1237,66.59420371055603,1770681785.5942037,breathing,8.353485955236202,AppState.ESTIMATE_BREATHING_RATE,0.0000;3.0000,True,0.7606912963092318,2.037221562327381,20.603047380420435,3,4.837447166442871
1238,66.66686010360718,1770681785.66686,breathing,8.369525241690246,AppState.ESTIMATE_BREATHING_RATE,0.0000;3.0000,True,0.40036384016275356,2.001712585313521,20.62978398049442,0,4.837447166442871
1239,66.68991780281067,1770681785.6899178,breathing,8.385779468676608,AppState.ESTIMATE_BREATHING_RATE,0.0000;3.0000,True,0.40036384016275356,1.9654364338767158,20.675412184508982,0,4.837447166442871
1240,66.74058318138123,1770681785.7405832,breathing,8.402394362867183,AppState.ESTIMATE_BREATHING_RATE,0.0000;3.0000,True,0.40036384016275356,1.9228860364630551,20.719559623485736,0,4.837447166442871
1241,66.79399490356445,1770681785.793995,breathing,8.419904878401175,AppState.ESTIMATE_BREATHING_RATE,0.0000;3.0000,True,0.40036384016275356,1.879225595063938,20.756263298574865,0,4.837447166442871
1242,66.8471200466156,1770681785.84712,breathing,8.438511144113669,AppState.ESTIMATE_BREATHING_RATE,0.0000;3.0000,True,0.40036384016275356,1.8247402628115565,20.79773432032763,0,4.837447166442871
1243,66.89111089706421,1770681785.891111,breathing,8.45855674618045,AppState.ESTIMATE_BREATHING_RATE,0.0000;3.0000,True,0.40036384016275356,1.7617019818626922,20.841860431675265,0,4.837447166442871
1244,66.94448208808899,1770681785.944482,breathing,8.480395481892904,AppState.ESTIMATE_BREATHING_RATE,0.0000;3.0000,True,0.40036384016275356,1.6961376613472217,20.887130864582158,0,4.837447166442871
1245,66.99750852584839,1770681785.9975085,breathing,8.50422681526915,AppState.ESTIMATE_BREATHING_RATE,0.0000;3.0000,True,0.5204729922115796,1.630448010349298,20.938021752570293,1,4.837447166442871
1246,67.04037570953369,1770681786.0403757,breathing,8.529965921058857,AppState.ESTIMATE_BREATHING_RATE,0.0000;3.0000,True,0.5204729922115796,1.5656898480832564,20.9963455697998,1,4.837447166442871
1247,67.09339761734009,1770681786.0933976,breathing,8.557544091960972,AppState.ESTIMATE_BREATHING_RATE,0.0000;3.0000,True,0.6405821442604057,1.5059576001992845,21.0527080467079,2,4.837447166442871
1248,67.14628028869629,1770681786.1462803,breathing,8.586731018330667,AppState.ESTIMATE_BREATHING_RATE,0.0000;3.0000,True,0.6405821442604057,1.4657985359908265,21.10473752773584,2,4.837447166442871
1249,67.18931150436401,1770681786.1893115,breathing,8.617468827185174,AppState.ESTIMATE_BREATHING_RATE,0.0000;3.0000,True,0.7606912963092318,1.4504577159342094,21.15207602337529,3,4.837447166442871
1250,67.24222803115845,1770681786.242228,breathing,8.649448263054007,AppState.ESTIMATE_BREATHING_RATE,0.0000;3.0000,True,0.7606912963092318,1.4384425945965889,21.19651229660962,3,4.837447166442871
1251,67.29510045051575,1770681786.2951005,breathing,8.682399204739244,AppState.ESTIMATE_BREATHING_RATE,0.0000;3.0000,True,0.7606912963092318,1.4306047150426588,21.22075758219934,3,4.837447166442871
1252,67.33795595169067,1770681786.337956,breathing,8.716235557702952,AppState.ESTIMATE_BREATHING_RATE,0.0000;3.0000,True,0.7606912963092318,1.4184375803181908,21.229428918647557,3,4.837447166442871
1253,67.39094829559326,1770681786.3909483,breathing,8.75064551866946,AppState.ESTIMATE_BREATHING_RATE,0.0000;3.0000,True,0.7606912963092318,1.4314165488555428,21.231998743898284,3,4.837447166442871
1254,67.44393110275269,1770681786.443931,breathing,8.785300823605626,AppState.ESTIMATE_BREATHING_RATE,0.0000;3.0000,True,0.6405821442604057,1.4380631054601796,21.23813740146881,2,4.837447166442871
1255,67.496999502182,1770681786.4969995,breathing,8.819951043076681,AppState.ESTIMATE_BREATHING_RATE,0.0000;3.0000,True,0.6405821442604057,1.4494736719507446,21.25302662271777,2,4.837447166442871
1256,67.54207134246826,1770681786.5420713,breathing,8.854265151797621,AppState.ESTIMATE_BREATHING_RATE,0.0000;3.0000,True,0.6405821442604057,1.4629290518905935,21.27610530597712,2,4.837447166442871
1257,67.59758472442627,1770681786.5975847,breathing,8.888167036506774,AppState.ESTIMATE_BREATHING_RATE,0.0000;3.0000,True,0.6405821442604057,1.4785846900857715,21.30614271296596,2,4.837447166442871
1258,67.64282131195068,1770681786.6428213,breathing,8.921447753439876,AppState.ESTIMATE_BREATHING_RATE,0.0000;3.0000,True,0.6405821442604057,1.5026114419071044,21.33170310430162,2,4.837447166442871
1259,67.73409175872803,1770681786.7340918,breathing,8.953854670423821,AppState.ESTIMATE_BREATHING_RATE,0.0000;3.0000,True,0.6405821442604057,1.534230688767189,21.340050268546822,2,4.837447166442871
1260,67.75267004966736,1770681786.75267,breathing,8.985514874892713,AppState.ESTIMATE_BREATHING_RATE,0.0000;3.0000,True,0.6405821442604057,1.548724728528866,21.33182130942292,2,4.837447166442871
1261,67.79690194129944,1770681786.796902,breathing,9.01635001096528,AppState.ESTIMATE_BREATHING_RATE,0.0000;3.0000,True,0.6405821442604057,1.5427211596223358,21.3197201540238,2,4.837447166442871
1262,67.84193110466003,1770681786.841931,breathing,9.046512040870713,AppState.ESTIMATE_BREATHING_RATE,0.0000;3.0000,True,0.6405821442604057,1.5230869074848528,21.314597128472055,2,4.837447166442871
1263,67.89730381965637,1770681786.8973038,breathing,9.076760777921654,AppState.ESTIMATE_BREATHING_RATE,0.0000;3.0000,True,0.6405821442604057,1.494006169909114,21.316445641142778,2,4.837447166442871
1264,67.9429383277893,1770681786.9429383,breathing,9.106600753588165,AppState.ESTIMATE_BREATHING_RATE,0.0000;3.0000,True,0.6405821442604057,1.4619618882029863,21.321691711057827,2,4.837447166442871
1265,67.99857473373413,1770681786.9985747,breathing,9.135919088574488,AppState.ESTIMATE_BREATHING_RATE,0.0000;3.0000,True,0.6405821442604057,1.4260808061330128,21.335387911741556,2,4.837447166442871
1266,68.04394936561584,1770681787.0439494,breathing,9.164937987162208,AppState.ESTIMATE_BREATHING_RATE,0.0000;3.0000,True,0.6405821442604057,1.3984969147845618,21.345085864935648,2,4.837447166442871
1267,68.09943699836731,1770681787.099437,breathing,9.193848375983006,AppState.ESTIMATE_BREATHING_RATE,0.0000;3.0000,True,0.6405821442604057,1.3893983066222786,21.33527295657251,2,4.837447166442871
1268,68.1447262763977,1770681787.1447263,breathing,9.222790701139036,AppState.ESTIMATE_BREATHING_RATE,0.0000;3.0000,True,0.40036384016275356,1.4111994062316966,21.326088072748693,0,4.837447166442871
1269,68.19009613990784,1770681787.1900961,breathing,9.251777549365679,AppState.ESTIMATE_BREATHING_RATE,0.0000;3.0000,True,0.40036384016275356,1.4530203077142247,21.318479166594205,0,4.837447166442871
1270,68.24561142921448,1770681787.2456114,breathing,9.280889272952361,AppState.ESTIMATE_BREATHING_RATE,0.0000;3.0000,True,0.5204729922115796,1.4782994669430094,21.30852447227805,1,4.837447166442871
1271,68.29095602035522,1770681787.290956,breathing,9.309978414395513,AppState.ESTIMATE_BREATHING_RATE,0.0000;3.0000,True,0.5204729922115796,1.5061210485608518,21.28943275631617,1,4.837447166442871
1272,68.34639835357666,1770681787.3463984,breathing,9.339036603268552,AppState.ESTIMATE_BREATHING_RATE,0.0000;3.0000,True,0.5204729922115796,1.5337887977273226,21.25873790439922,1,4.837447166442871
1273,68.39179158210754,1770681787.3917916,breathing,9.367913450323032,AppState.ESTIMATE_BREATHING_RATE,0.0000;3.0000,True,0.5204729922115796,1.5634386856639255,21.223188618147127,1,4.837447166442871
1274,68.44714879989624,1770681787.4471488,breathing,9.396549313961332,AppState.ESTIMATE_BREATHING_RATE,0.0000;3.0000,True,0.5204729922115796,1.588356887055371,21.18909861153851,1,4.837447166442871
1275,68.49249148368835,1770681787.4924915,breathing,9.424908716974656,AppState.ESTIMATE_BREATHING_RATE,0.0000;3.0000,True,0.5204729922115796,1.6151857466928128,21.16440301525204,1,4.837447166442871
1276,68.54812574386597,1770681787.5481257,breathing,9.4528843503868,AppState.ESTIMATE_BREATHING_RATE,0.0000;3.0000,True,0.5204729922115796,1.656781269523731,21.154324033702196,1,4.837447166442871
1277,68.59359002113342,1770681787.59359,breathing,9.480471938761395,AppState.ESTIMATE_BREATHING_RATE,0.0000;3.0000,True,0.5204729922115796,1.6940002293092258,21.148993978661593,1,4.837447166442871
1278,68.64900255203247,1770681787.6490026,breathing,9.50767255752339,AppState.ESTIMATE_BREATHING_RATE,0.0000;3.0000,True,0.5204729922115796,1.720757537997577,21.134898860202018,1,4.837447166442871
1279,68.69453620910645,1770681787.6945362,breathing,9.534589223606224,AppState.ESTIMATE_BREATHING_RATE,0.0000;3.0000,True,0.5204729922115796,1.7290415187789692,21.10512897808371,1,4.837447166442871
1280,68.78944873809814,1770681787.7894487,breathing,9.561239466466212,AppState.ESTIMATE_BREATHING_RATE,0.0000;3.0000,True,0.5204729922115796,1.7243634571652955,21.070580665902217,1,4.837447166442871
1281,68.80507612228394,1770681787.8050761,breathing,9.587683512939527,AppState.ESTIMATE_BREATHING_RATE,0.0000;3.0000,True,0.40036384016275356,1.7117586171723076,21.04592762237535,0,4.837447166442871
1282,68.83831191062927,1770681787.838312,breathing,9.613802233047734,AppState.ESTIMATE_BREATHING_RATE,0.0000;3.0000,True,0.40036384016275356,1.6851921659557574,21.042824102301477,0,4.837447166442871
1283,68.89153504371643,1770681787.891535,breathing,9.639523096289828,AppState.ESTIMATE_BREATHING_RATE,0.0000;3.0000,True,0.40036384016275356,1.6460070429943148,21.05954947693467,0,4.837447166442871
1284,68.94469714164734,1770681787.9446971,breathing,9.664792385234248,AppState.ESTIMATE_BREATHING_RATE,0.0000;3.0000,True,0.40036384016275356,1.6028060037868217,21.080314298954782,0,4.837447166442871
1285,68.99781608581543,1770681787.997816,breathing,9.68969284176787,AppState.ESTIMATE_BREATHING_RATE,0.0000;3.0000,True,0.40036384016275356,1.5769606311212276,21.088482369516274,0,4.837447166442871
1286,69.04068231582642,1770681788.0406823,breathing,9.714290095843463,AppState.ESTIMATE_BREATHING_RATE,0.0000;3.0000,True,0.40036384016275356,1.5549308409157234,21.081670080001835,0,4.837447166442871
1287,69.09363532066345,1770681788.0936353,breathing,9.738543665776989,AppState.ESTIMATE_BREATHING_RATE,0.0000;3.0000,True,0.40036384016275356,1.5511829622778033,21.07147951062276,0,4.837447166442871
1288,69.14653253555298,1770681788.1465325,breathing,9.762564796764359,AppState.ESTIMATE_BREATHING_RATE,0.0000;3.0000,True,0.40036384016275356,1.5481225839501478,21.059444841918868,0,4.837447166442871
1289,69.18943285942078,1770681788.1894329,breathing,9.78640472830367,AppState.ESTIMATE_BREATHING_RATE,0.0000;3.0000,True,0.40036384016275356,1.5417322600458752,21.04520907385646,0,4.837447166442871
1290,69.24235963821411,1770681788.2423596,breathing,9.810050136112693,AppState.ESTIMATE_BREATHING_RATE,0.0000;3.0000,True,0.40036384016275356,1.5520583951173603,21.029066212386667,0,4.837447166442871
1291,69.29531574249268,1770681788.2953157,breathing,9.833514767383585,AppState.ESTIMATE_BREATHING_RATE,0.0000;3.0000,True,0.40036384016275356,1.5573762014478967,21.011375147139535,0,4.837447166442871
1292,69.33808922767639,1770681788.3380892,breathing,9.85687323968447,AppState.ESTIMATE_BREATHING_RATE,0.0000;3.0000,True,0.40036384016275356,1.5540414429780385,20.987996271456844,0,4.837447166442871
1293,69.39106059074402,1770681788.3910606,breathing,9.880139569992355,AppState.ESTIMATE_BREATHING_RATE,0.0000;3.0000,True,0.40036384016275356,1.553811914619003,20.951293797050155,0,4.837447166442871
1294,69.44406938552856,1770681788.4440694,breathing,9.903304294290415,AppState.ESTIMATE_BREATHING_RATE,0.0000;3.0000,True,0.40036384016275356,1.557957144435531,20.908509203821712,0,4.837447166442871
1295,69.49695897102356,1770681788.496959,breathing,9.926302853666439,AppState.ESTIMATE_BREATHING_RATE,0.0000;3.0000,True,0.40036384016275356,1.5465608352591838,20.872286174059745,0,4.837447166442871
1296,69.53983211517334,1770681788.539832,breathing,9.94893987686209,AppState.ESTIMATE_BREATHING_RATE,0.0000;3.0000,True,0.7606912963092318,1.5414558005292462,20.840449698554103,3,4.837447166442871
1297,69.59290933609009,1770681788.5929093,breathing,9.971064718940484,AppState.ESTIMATE_BREATHING_RATE,0.0000;3.0000,True,0.7606912963092318,1.554264129202846,20.83428688762583,3,4.837447166442871
1298,69.64577555656433,1770681788.6457756,breathing,9.992731360455386,AppState.ESTIMATE_BREATHING_RATE,0.0000;3.0000,True,0.7606912963092318,1.572336202091485,20.844247561919442,3,4.837447166442871
1299,69.6888678073883,1770681788.6888678,breathing,10.013728231693797,AppState.ESTIMATE_BREATHING_RATE,0.0000;3.0000,True,0.7606912963092318,1.5816113394118443,20.863002374662944,3,4.837447166442871
1300,69.74649095535278,1770681788.746491,breathing,10.03401460436202,AppState.ESTIMATE_BREATHING_RATE,0.0000;3.0000,True,0.7606912963092318,1.586094529205955,20.87874292087954,3,4.837447166442871
1301,69.80597829818726,1770681788.8059783,breathing,10.053611922248571,AppState.ESTIMATE_BREATHING_RATE,0.0000;3.0000,True,0.7606912963092318,1.5780212821684376,20.8899288713804,3,4.837447166442871
1302,69.8391981124878,1770681788.839198,breathing,10.072571305099602,AppState.ESTIMATE_BREATHING_RATE,0.0000;3.0000,True,0.7606912963092318,1.558495462727857,20.8912097186166,3,4.837447166442871
1303,69.89249730110168,1770681788.8924973,breathing,10.090831381097894,AppState.ESTIMATE_BREATHING_RATE,0.0000;3.0000,True,0.7606912963092318,1.5401856255578388,20.881495966750137,3,4.837447166442871
1304,69.94563221931458,1770681788.9456322,breathing,10.108507909401022,AppState.ESTIMATE_BREATHING_RATE,0.0000;3.0000,True,0.7606912963092318,1.525123236432946,20.860656961227768,3,4.837447166442871
1305,69.98857283592224,1770681788.9885728,breathing,10.125940383058293,AppState.ESTIMATE_BREATHING_RATE,0.0000;3.0000,True,0.5204729922115796,1.523145080454952,20.853099102659378,1,4.837447166442871
1306,70.04154419898987,1770681789.0415442,breathing,10.143049772108077,AppState.ESTIMATE_BREATHING_RATE,0.0000;3.0000,True,0.5204729922115796,1.5236148153916012,20.843673070663655,1,4.837447166442871
1307,70.09448170661926,1770681789.0944817,breathing,10.159804076289904,AppState.ESTIMATE_BREATHING_RATE,0.0000;3.0000,True,0.7606912963092318,1.5213190554363414,20.832984271572062,3,4.837447166442871
1308,70.14742422103882,1770681789.1474242,breathing,10.176264808541596,AppState.ESTIMATE_BREATHING_RATE,0.0000;3.0000,True,0.7606912963092318,1.522940889386705,20.83568334795383,3,4.837447166442871
1309,70.19027733802795,1770681789.1902773,breathing,10.192595279095372,AppState.ESTIMATE_BREATHING_RATE,0.0000;3.0000,True,0.7606912963092318,1.5239552165300774,20.852800597575946,3,4.837447166442871
1310,70.24316143989563,1770681789.2431614,breathing,10.208886782641965,AppState.ESTIMATE_BREATHING_RATE,0.0000;3.0000,True,0.7606912963092318,1.551279387519046,20.88359937643974,3,4.837447166442871
1311,70.2963936328888,1770681789.2963936,breathing,10.22520506776281,AppState.ESTIMATE_BREATHING_RATE,0.0000;3.0000,True,0.6405821442604057,1.6176372789840103,20.934347462857254,2,4.837447166442871
1312,70.33931279182434,1770681789.3393128,breathing,10.241619945556689,AppState.ESTIMATE_BREATHING_RATE,0.0000;3.0000,True,0.6405821442604057,1.6909726418976603,20.99280001074813,2,4.837447166442871
1313,70.39235424995422,1770681789.3923542,breathing,10.258106021949796,AppState.ESTIMATE_BREATHING_RATE,0.0000;3.0000,True,0.6405821442604057,1.7472573764836024,21.03036354455845,2,4.837447166442871
1314,70.44528484344482,1770681789.4452848,breathing,10.27486633683234,AppState.ESTIMATE_BREATHING_RATE,0.0000;3.0000,True,0.6405821442604057,1.767500203734445,21.058239416709515,2,4.837447166442871
1315,70.48831725120544,1770681789.4883173,breathing,10.291914167558872,AppState.ESTIMATE_BREATHING_RATE,0.0000;3.0000,True,0.6405821442604057,1.7787032442974853,21.082597397000963,2,4.837447166442871
1316,70.54152131080627,1770681789.5415213,breathing,10.309283706163926,AppState.ESTIMATE_BREATHING_RATE,0.0000;3.0000,True,0.6405821442604057,1.7701669302794194,21.102842327760793,2,4.837447166442871
1317,70.59454464912415,1770681789.5945446,breathing,10.326959466577904,AppState.ESTIMATE_BREATHING_RATE,0.0000;3.0000,True,0.5204729922115796,1.7462484111624912,21.123901824898812,1,4.837447166442871
1318,70.64755702018738,1770681789.647557,breathing,10.344941052282488,AppState.ESTIMATE_BREATHING_RATE,0.0000;3.0000,True,0.5204729922115796,1.711244821634623,21.154640614648265,1,4.837447166442871
1319,70.69052791595459,1770681789.690528,breathing,10.36328059196069,AppState.ESTIMATE_BREATHING_RATE,0.0000;3.0000,True,0.5204729922115796,1.67402007334042,21.201287536232737,1,4.837447166442871
1320,70.73880648612976,1770681789.7388065,breathing,10.381938817391044,AppState.ESTIMATE_BREATHING_RATE,0.0000;3.0000,True,0.5204729922115796,1.6382743310685637,21.25649199539791,1,4.837447166442871
1321,70.7921245098114,1770681789.7921245,breathing,10.400820485453542,AppState.ESTIMATE_BREATHING_RATE,0.0000;3.0000,True,0.40036384016275356,1.601555340319114,21.319713380039424,0,4.837447166442871
1322,70.86968564987183,1770681789.8696856,breathing,10.419792153641085,AppState.ESTIMATE_BREATHING_RATE,0.0000;3.0000,True,0.40036384016275356,1.5725833306661232,21.388420537508853,0,4.837447166442871
1323,70.8936038017273,1770681789.8936038,breathing,10.43883153527034,AppState.ESTIMATE_BREATHING_RATE,0.0000;3.0000,True,0.40036384016275356,1.543920853790554,21.45391374676966,0,4.837447166442871
1324,70.94683241844177,1770681789.9468324,breathing,10.457826544181096,AppState.ESTIMATE_BREATHING_RATE,0.0000;3.0000,True,0.40036384016275356,1.5134903351865032,21.50517216855563,0,4.837447166442871
1325,70.98994994163513,1770681789.98995,breathing,10.476809813011295,AppState.ESTIMATE_BREATHING_RATE,0.0000;3.0000,True,0.40036384016275356,1.4925467605061817,21.532609350711198,0,4.837447166442871
1326,71.04314684867859,1770681790.0431468,breathing,10.495662377278741,AppState.ESTIMATE_BREATHING_RATE,0.0000;3.0000,True,0.40036384016275356,1.4758240598404013,21.540594404121894,0,4.837447166442871
1327,71.09625744819641,1770681790.0962574,breathing,10.514350139058212,AppState.ESTIMATE_BREATHING_RATE,0.0000;3.0000,True,0.40036384016275356,1.454766369044917,21.53662806109852,0,4.837447166442871
1328,71.13908958435059,1770681790.1390896,breathing,10.53281149055857,AppState.ESTIMATE_BREATHING_RATE,0.0000;3.0000,True,0.6405821442604057,1.4356298967015921,21.52931172906356,2,4.837447166442871
1329,71.19219374656677,1770681790.1921937,breathing,10.550637939194713,AppState.ESTIMATE_BREATHING_RATE,0.0000;3.0000,True,0.40036384016275356,1.4227985376999484,21.516541603133167,0,4.837447166442871
1330,71.24513053894043,1770681790.2451305,breathing,10.566863744567247,AppState.ESTIMATE_BREATHING_RATE,0.0000;3.0000,True,0.40036384016275356,1.4188406535252849,21.5092455905183,0,4.837447166442871
1331,71.28798961639404,1770681790.2879896,breathing,10.582167027950625,AppState.ESTIMATE_BREATHING_RATE,0.0000;3.0000,True,0.40036384016275356,1.413465189899877,21.50681915458334,0,4.837447166442871
1332,71.3409652709961,1770681790.3409653,breathing,10.596648117411279,AppState.ESTIMATE_BREATHING_RATE,0.0000;3.0000,True,0.40036384016275356,1.4183523921625336,21.505865797371943,0,4.837447166442871
1333,71.39392280578613,1770681790.3939228,breathing,10.610466863787343,AppState.ESTIMATE_BREATHING_RATE,0.0000;3.0000,True,0.40036384016275356,1.4496765368029558,21.51066310294592,0,4.837447166442871
1334,71.44684076309204,1770681790.4468408,breathing,10.623740434258835,AppState.ESTIMATE_BREATHING_RATE,0.0000;3.0000,True,0.40036384016275356,1.478947258129546,21.52273012246619,0,4.837447166442871
1335,71.48963928222656,1770681790.4896393,breathing,10.636679213126746,AppState.ESTIMATE_BREATHING_RATE,0.0000;3.0000,True,0.40036384016275356,1.5235657985821256,21.540296434571722,0,4.837447166442871
1336,71.54250717163086,1770681790.5425072,breathing,10.64966006619446,AppState.ESTIMATE_BREATHING_RATE,0.0000;3.0000,True,0.40036384016275356,1.5682411466999424,21.56314593546425,0,4.837447166442871
1337,71.59554433822632,1770681790.5955443,breathing,10.66303158469764,AppState.ESTIMATE_BREATHING_RATE,0.0000;3.0000,True,0.40036384016275356,1.5948803097731477,21.588533086421144,0,4.837447166442871
1338,71.63836216926575,1770681790.6383622,breathing,10.67709863556364,AppState.ESTIMATE_BREATHING_RATE,0.0000;3.0000,True,0.40036384016275356,1.6215597943942848,21.616427142076876,0,4.837447166442871
1339,71.69150948524475,1770681790.6915095,breathing,10.692191371336504,AppState.ESTIMATE_BREATHING_RATE,0.0000;3.0000,True,0.40036384016275356,1.6462422036406175,21.64667005513128,0,4.837447166442871
1340,71.74238419532776,1770681790.7423842,breathing,10.70857832835917,AppState.ESTIMATE_BREATHING_RATE,0.0000;3.0000,True,0.40036384016275356,1.6721220103379004,21.673449882514007,0,4.837447166442871
1341,71.79554104804993,1770681790.795541,breathing,10.726378859034506,AppState.ESTIMATE_BREATHING_RATE,0.0000;3.0000,True,0.5204729922115796,1.7109256711741638,21.68925214040595,1,4.837447166442871
1342,71.83847332000732,1770681790.8384733,breathing,10.74574288965135,AppState.ESTIMATE_BREATHING_RATE,0.0000;3.0000,True,0.6405821442604057,1.7493016532863128,21.695320046725246,2,4.837447166442871
1343,71.91579413414001,1770681790.9157941,breathing,10.76680290564456,AppState.ESTIMATE_BREATHING_RATE,0.0000;3.0000,True,0.6405821442604057,1.7575989942430794,21.69835359844008,2,4.837447166442871
1344,71.93882060050964,1770681790.9388206,breathing,10.789729086217697,AppState.ESTIMATE_BREATHING_RATE,0.0000;3.0000,True,0.6405821442604057,1.7480917157041729,21.690307888614125,2,4.837447166442871
1345,71.99213409423828,1770681790.992134,breathing,10.814653029185273,AppState.ESTIMATE_BREATHING_RATE,0.0000;3.0000,True,0.40036384016275356,1.7379740478363974,21.677985103256827,0,4.837447166442871
1346,72.04533529281616,1770681791.0453353,breathing,10.841642249604845,AppState.ESTIMATE_BREATHING_RATE,0.0000;3.0000,True,0.40036384016275356,1.71982844317384,21.692629476979782,0,4.837447166442871
1347,72.0884382724762,1770681791.0884383,breathing,10.870684237170092,AppState.ESTIMATE_BREATHING_RATE,0.0000;3.0000,True,0.40036384016275356,1.6896250597175833,21.741936807383894,0,4.837447166442871
1348,72.14153599739075,1770681791.141536,breathing,10.901696878344698,AppState.ESTIMATE_BREATHING_RATE,0.0000;3.0000,True,0.40036384016275356,1.6555415607968227,21.79931434067186,0,4.837447166442871
1349,72.19456219673157,1770681791.1945622,breathing,10.934586779665775,AppState.ESTIMATE_BREATHING_RATE,0.0000;3.0000,True,0.40036384016275356,1.6149734384276129,21.842361602834437,0,4.837447166442871
1350,72.24757862091064,1770681791.2475786,breathing,10.969258100214017,AppState.ESTIMATE_BREATHING_RATE,0.0000;3.0000,True,0.5204729922115796,1.5703284022321748,21.878884007839872,1,4.837447166442871
1351,72.29038119316101,1770681791.2903812,breathing,11.005643470540624,AppState.ESTIMATE_BREATHING_RATE,0.0000;3.0000,True,0.6405821442604057,1.5228441371245862,21.92529369456461,2,4.837447166442871
1352,72.3433051109314,1770681791.343305,breathing,11.043732531003476,AppState.ESTIMATE_BREATHING_RATE,0.0000;3.0000,True,0.6405821442604057,1.4781175066624586,21.985802137467303,2,4.837447166442871
1353,72.39631128311157,1770681791.3963113,breathing,11.083622210017587,AppState.ESTIMATE_BREATHING_RATE,0.0000;3.0000,True,0.5204729922115796,1.4360576897112984,22.046374498480635,1,4.837447166442871
1354,72.43914985656738,1770681791.4391499,breathing,11.125579843989852,AppState.ESTIMATE_BREATHING_RATE,0.0000;3.0000,True,0.5204729922115796,1.391365154578629,22.103705267654618,1,4.837447166442871
1355,72.49231100082397,1770681791.492311,breathing,11.169940366129605,AppState.ESTIMATE_BREATHING_RATE,0.0000;3.0000,True,0.5204729922115796,1.344681280887171,22.151487975732348,1,4.837447166442871
1356,72.54532933235168,1770681791.5453293,breathing,11.217414507153133,AppState.ESTIMATE_BREATHING_RATE,0.0000;3.0000,True,0.6405821442604057,1.2988285214431652,22.193469782140703,2,4.837447166442871
1357,72.5882568359375,1770681791.5882568,breathing,11.269012626674765,AppState.ESTIMATE_BREATHING_RATE,0.0000;3.0000,True,0.6405821442604057,1.257741692602705,22.24719241607516,2,4.837447166442871
1358,72.64122223854065,1770681791.6412222,breathing,11.32598834239079,AppState.ESTIMATE_BREATHING_RATE,0.0000;3.0000,True,0.6405821442604057,1.2172030359085355,22.310924312582667,2,4.837447166442871
1359,72.69429469108582,1770681791.6942947,breathing,11.389999743029675,AppState.ESTIMATE_BREATHING_RATE,0.0000;3.0000,True,0.6405821442604057,1.1811874309289812,22.382201663856506,2,4.837447166442871
1360,72.74206948280334,1770681791.7420695,breathing,11.462965676705917,AppState.ESTIMATE_BREATHING_RATE,0.0000;3.0000,True,0.6405821442604057,1.148818480506252,22.459582849646296,2,4.837447166442871
1361,72.79516315460205,1770681791.7951632,breathing,11.547173661124614,AppState.ESTIMATE_BREATHING_RATE,0.0000;3.0000,True,0.6405821442604057,1.1251793779676509,22.543598265888367,2,4.837447166442871
1362,72.8382728099823,1770681791.8382728,breathing,11.645246601596783,AppState.ESTIMATE_BREATHING_RATE,0.0000;3.0000,True,0.6405821442604057,1.1140325601037444,22.63160944469219,2,4.837447166442871
1363,72.89160108566284,1770681791.891601,breathing,11.760337772742988,AppState.ESTIMATE_BREATHING_RATE,0.0000;3.0000,True,0.6405821442604057,1.1143087333546016,22.713278064891945,2,4.837447166442871
1364,72.96204376220703,1770681791.9620438,breathing,11.896354833428683,AppState.ESTIMATE_BREATHING_RATE,0.0000;3.0000,True,0.6405821442604057,1.1170151729032223,22.781428923236785,2,4.837447166442871
1365,72.99511122703552,1770681791.9951112,breathing,12.057490330289674,AppState.ESTIMATE_BREATHING_RATE,0.0000;3.0000,True,0.6405821442604057,1.1131790471984122,22.83272213452515,2,4.837447166442871
1366,73.03816246986389,1770681792.0381625,breathing,12.248145492705499,AppState.ESTIMATE_BREATHING_RATE,0.0000;3.0000,True,0.6405821442604057,1.105194136876032,22.867626985084016,2,4.837447166442871
1367,73.09142971038818,1770681792.0914297,breathing,12.473304301331934,AppState.ESTIMATE_BREATHING_RATE,0.0000;3.0000,True,0.6405821442604057,1.114089602178302,22.88516618759744,2,4.837447166442871
1368,73.14463114738464,1770681792.1446311,breathing,12.737972104810432,AppState.ESTIMATE_BREATHING_RATE,0.0000;3.0000,True,0.6405821442604057,1.1356298109441247,22.88757681059988,2,4.837447166442871
1369,73.19764065742493,1770681792.1976407,breathing,12.925882820940336,AppState.ESTIMATE_BREATHING_RATE,0.0000;3.0000,True,0.6405821442604057,1.1558661658317377,22.873220912285483,2,4.837447166442871
1370,73.24054741859436,1770681792.2405474,breathing,12.994139914350992,AppState.ESTIMATE_BREATHING_RATE,0.0000;3.0000,True,0.6405821442604057,1.1690064513700547,22.84425566448896,2,4.837447166442871
1371,73.29342198371887,1770681792.293422,breathing,13.057248039176192,AppState.ESTIMATE_BREATHING_RATE,0.0000;3.0000,True,0.6405821442604057,1.1976070642381729,22.796692025116233,2,4.837447166442871
1372,73.3463134765625,1770681792.3463135,breathing,13.11558775135785,AppState.ESTIMATE_BREATHING_RATE,0.0000;3.0000,True,0.5204729922115796,1.2322593810256772,22.75787463389115,1,4.837447166442871
1373,73.38917779922485,1770681792.3891778,breathing,13.169682984520417,AppState.ESTIMATE_BREATHING_RATE,0.0000;3.0000,True,0.5204729922115796,1.2719294840078843,22.728998332325276,1,4.837447166442871
1374,73.4420599937439,1770681792.44206,breathing,13.220001369425683,AppState.ESTIMATE_BREATHING_RATE,0.0000;3.0000,True,0.5204729922115796,1.298076612297463,22.706794608337706,1,4.837447166442871
1375,73.4949357509613,1770681792.4949358,breathing,13.267001714438399,AppState.ESTIMATE_BREATHING_RATE,0.0000;3.0000,True,0.5204729922115796,1.3069551504504275,22.692591379874514,1,4.837447166442871
1376,73.54784965515137,1770681792.5478497,breathing,13.311210218190126,AppState.ESTIMATE_BREATHING_RATE,0.0000;3.0000,True,0.5204729922115796,1.3404070846048508,22.683981559227643,1,4.837447166442871
1377,73.59070229530334,1770681792.5907023,breathing,13.353073301233078,AppState.ESTIMATE_BREATHING_RATE,0.0000;3.0000,True,0.5204729922115796,1.3833474473716614,22.674867471187014,1,4.837447166442871
1378,73.64366817474365,1770681792.6436682,breathing,13.39293271905742,AppState.ESTIMATE_BREATHING_RATE,0.0000;3.0000,True,0.5204729922115796,1.420246516094496,22.649570088814567,1,4.837447166442871
1379,73.69731211662292,1770681792.697312,breathing,13.431112599524415,AppState.ESTIMATE_BREATHING_RATE,0.0000;3.0000,True,0.5204729922115796,1.43744075554716,22.6219554582568,1,4.837447166442871
1380,73.73878216743469,1770681792.7387822,breathing,13.467850567125478,AppState.ESTIMATE_BREATHING_RATE,0.0000;3.0000,True,0.5204729922115796,1.4329633271196915,22.603151297502475,1,4.837447166442871
1381,73.79202151298523,1770681792.7920215,breathing,13.503378743312586,AppState.ESTIMATE_BREATHING_RATE,0.0000;3.0000,True,0.5204729922115796,1.4152412250692132,22.593035395640445,1,4.837447166442871
1382,73.84743142127991,1770681792.8474314,breathing,13.53784505298664,AppState.ESTIMATE_BREATHING_RATE,0.0000;3.0000,True,0.5204729922115796,1.392064817536495,22.59845478117231,1,4.837447166442871
1383,73.89338040351868,1770681792.8933804,breathing,13.57156410897771,AppState.ESTIMATE_BREATHING_RATE,0.0000;3.0000,True,0.5204729922115796,1.3728940293990743,22.601468381548052,1,4.837447166442871
1384,73.94868397712708,1770681792.948684,breathing,13.60437969671905,AppState.ESTIMATE_BREATHING_RATE,0.0000;3.0000,True,0.5204729922115796,1.3630356751540886,22.603022790036743,1,4.837447166442871
1385,74.02305603027344,1770681793.023056,breathing,13.636362566340821,AppState.ESTIMATE_BREATHING_RATE,0.0000;3.0000,True,0.5204729922115796,1.3727376038132553,22.622178007934796,1,4.837447166442871
1386,74.04736804962158,1770681793.047368,breathing,13.667699387646561,AppState.ESTIMATE_BREATHING_RATE,0.0000;3.0000,True,0.5204729922115796,1.4005766673888822,22.65019023588863,1,4.837447166442871
1387,74.09156608581543,1770681793.091566,breathing,13.698455708764621,AppState.ESTIMATE_BREATHING_RATE,0.0000;3.0000,True,0.5204729922115796,1.4199814965349624,22.673545949930627,1,4.837447166442871
1388,74.14734435081482,1770681793.1473444,breathing,13.728616083212932,AppState.ESTIMATE_BREATHING_RATE,0.0000;3.0000,True,0.5204729922115796,1.4328023881841254,22.672964130539558,1,4.837447166442871
1389,74.19302415847778,1770681793.1930242,breathing,13.758152059388143,AppState.ESTIMATE_BREATHING_RATE,0.0000;3.0000,True,0.5204729922115796,1.4286478562654987,22.66582378896535,1,4.837447166442871
1390,74.24853920936584,1770681793.2485392,breathing,13.787019824743666,AppState.ESTIMATE_BREATHING_RATE,0.0000;3.0000,True,0.5204729922115796,1.4236549309770774,22.6559512470807,1,4.837447166442871
1391,74.29384446144104,1770681793.2938445,breathing,13.815211840219394,AppState.ESTIMATE_BREATHING_RATE,0.0000;3.0000,True,0.5204729922115796,1.414131270981244,22.64310983406748,1,4.837447166442871
1392,74.3494017124176,1770681793.3494017,breathing,13.842603982615458,AppState.ESTIMATE_BREATHING_RATE,0.0000;3.0000,True,0.5204729922115796,1.3994002330174686,22.625843553536473,1,4.837447166442871
1393,74.3947525024414,1770681793.3947525,breathing,13.869043413522611,AppState.ESTIMATE_BREATHING_RATE,0.0000;3.0000,True,0.5204729922115796,1.3834940511120513,22.606576110548442,1,4.837447166442871
1394,74.45017552375793,1770681793.4501755,breathing,13.894355265092921,AppState.ESTIMATE_BREATHING_RATE,0.0000;3.0000,True,0.5204729922115796,1.3618701329540317,22.58880397230333,1,4.837447166442871
1395,74.49550747871399,1770681793.4955075,breathing,13.918409968390984,AppState.ESTIMATE_BREATHING_RATE,0.0000;3.0000,True,0.5204729922115796,1.3438428798100854,22.56164033873602,1,4.837447166442871
1396,74.54097056388855,1770681793.5409706,breathing,13.941160538457703,AppState.ESTIMATE_BREATHING_RATE,0.0000;3.0000,True,0.5204729922115796,1.32648426209975,22.51962968801761,1,4.837447166442871
1397,74.59652376174927,1770681793.5965238,breathing,13.96249037658183,AppState.ESTIMATE_BREATHING_RATE,0.0000;3.0000,True,0.5204729922115796,1.3114364169909742,22.468407234843376,1,4.837447166442871
1398,74.6418228149414,1770681793.6418228,breathing,13.982305903434169,AppState.ESTIMATE_BREATHING_RATE,0.0000;3.0000,True,0.5204729922115796,1.3009149107178117,22.41057903980983,1,4.837447166442871
1399,74.69750761985779,1770681793.6975076,breathing,14.000486342709292,AppState.ESTIMATE_BREATHING_RATE,0.0000;3.0000,True,0.5204729922115796,1.3082667125078098,22.34546145089277,1,4.837447166442871
1400,74.74654531478882,1770681793.7465453,breathing,14.016992830224948,AppState.ESTIMATE_BREATHING_RATE,0.0000;3.0000,True,0.5204729922115796,1.3166128208249526,22.27072139264177,1,4.837447166442871
1401,74.79151606559753,1770681793.791516,breathing,14.031819377838914,AppState.ESTIMATE_BREATHING_RATE,0.0000;3.0000,True,0.5204729922115796,1.3348855817367669,22.18728020652991,1,4.837447166442871
1402,74.84770464897156,1770681793.8477046,breathing,14.044935638694922,AppState.ESTIMATE_BREATHING_RATE,0.0000;3.0000,True,0.5204729922115796,1.3378563674013186,22.108981076797942,1,4.837447166442871
1403,74.89353108406067,1770681793.893531,breathing,14.056368200505556,AppState.ESTIMATE_BREATHING_RATE,0.0000;3.0000,True,0.5204729922115796,1.3343527693823545,22.04232176743039,1,4.837447166442871
1404,74.94930624961853,1770681793.9493062,breathing,14.066244118483947,AppState.ESTIMATE_BREATHING_RATE,0.0000;3.0000,True,0.5204729922115796,1.3289210217916498,21.974911497065307,1,4.837447166442871
1405,74.9946825504303,1770681793.9946826,breathing,14.074664642228981,AppState.ESTIMATE_BREATHING_RATE,0.0000;3.0000,True,0.5204729922115796,1.3290072360876977,21.921536527803717,1,4.837447166442871
1406,75.07187104225159,1770681794.071871,breathing,14.081879481282968,AppState.ESTIMATE_BREATHING_RATE,0.0000;3.0000,True,0.5204729922115796,1.3293290932815829,21.88160280533413,1,4.837447166442871
1407,75.09688305854797,1770681794.096883,breathing,14.08782442736104,AppState.ESTIMATE_BREATHING_RATE,0.0000;3.0000,True,0.5204729922115796,1.323881223301194,21.842639030791524,1,4.837447166442871
1408,75.14178824424744,1770681794.1417882,breathing,14.092722335545655,AppState.ESTIMATE_BREATHING_RATE,0.0000;3.0000,True,0.5204729922115796,1.3105010094714131,21.797231694447426,1,4.837447166442871
1409,75.19686269760132,1770681794.1968627,breathing,14.096728100597275,AppState.ESTIMATE_BREATHING_RATE,0.0000;3.0000,True,0.6405821442604057,1.2996403658741313,21.765834676696855,2,4.837447166442871
1410,75.24151396751404,1770681794.241514,breathing,14.09993337552416,AppState.ESTIMATE_BREATHING_RATE,0.0000;3.0000,True,0.6405821442604057,1.2896725278534469,21.74179259057894,2,4.837447166442871
1411,75.2969617843628,1770681794.2969618,breathing,14.102459272879615,AppState.ESTIMATE_BREATHING_RATE,0.0000;3.0000,True,0.6405821442604057,1.292209005820151,21.712737642146823,2,4.837447166442871
1412,75.34228420257568,1770681794.3422842,breathing,14.104448391075156,AppState.ESTIMATE_BREATHING_RATE,0.0000;3.0000,True,0.6405821442604057,1.289878636935233,21.669217911044473,2,4.837447166442871
1413,75.39780068397522,1770681794.3978007,breathing,14.105966200257527,AppState.ESTIMATE_BREATHING_RATE,0.0000;3.0000,True,0.6405821442604057,1.2837846906680161,21.61868758429172,2,4.837447166442871
1414,75.44307589530945,1770681794.443076,breathing,14.10709388556789,AppState.ESTIMATE_BREATHING_RATE,0.0000;3.0000,True,0.6405821442604057,1.2941719005552987,21.56812112307317,2,4.837447166442871
1415,75.49880313873291,1770681794.4988031,breathing,14.107884429523413,AppState.ESTIMATE_BREATHING_RATE,0.0000;3.0000,True,0.6405821442604057,1.2966220051686868,21.520500654096587,2,4.837447166442871
1416,75.54416394233704,1770681794.544164,breathing,14.10834452980589,AppState.ESTIMATE_BREATHING_RATE,0.0000;3.0000,True,0.6405821442604057,1.298891072412292,21.475914402205614,2,4.837447166442871
1417,75.59972167015076,1770681794.5997217,breathing,14.108498034898314,AppState.ESTIMATE_BREATHING_RATE,0.0000;3.0000,True,0.6405821442604057,1.2973717346302571,21.434924096997165,2,4.837447166442871
1418,75.64503192901611,1770681794.645032,breathing,14.108299248583911,AppState.ESTIMATE_BREATHING_RATE,0.0000;3.0000,True,0.6405821442604057,1.3030593667394772,21.401607851813488,2,4.837447166442871
1419,75.69087481498718,1770681794.6908748,breathing,14.107721999063758,AppState.ESTIMATE_BREATHING_RATE,0.0000;3.0000,True,0.6405821442604057,1.3147992596640041,21.381436664926984,2,4.837447166442871
1420,75.74209451675415,1770681794.7420945,breathing,14.10672452384222,AppState.ESTIMATE_BREATHING_RATE,0.0000;3.0000,True,0.6405821442604057,1.3351337627139326,21.379647758228632,2,4.837447166442871
1421,75.79786157608032,1770681794.7978616,breathing,14.105283451719828,AppState.ESTIMATE_BREATHING_RATE,0.0000;3.0000,True,0.6405821442604057,1.3710625685752609,21.39847428134999,2,4.837447166442871
1422,75.84399199485779,1770681794.843992,breathing,14.103338182729438,AppState.ESTIMATE_BREATHING_RATE,0.0000;3.0000,True,0.6405821442604057,1.4221519086011356,21.433677533826398,2,4.837447166442871
1423,75.89953947067261,1770681794.8995395,breathing,14.100861194746749,AppState.ESTIMATE_BREATHING_RATE,0.0000;3.0000,True,0.6405821442604057,1.4661282058761234,21.479940204088887,2,4.837447166442871
1424,75.94411945343018,1770681794.9441195,breathing,14.097833406841193,AppState.ESTIMATE_BREATHING_RATE,0.0000;3.0000,True,0.6405821442604057,1.5242210812714991,21.531122233415196,2,4.837447166442871
1425,75.99875164031982,1770681794.9987516,breathing,14.094212132352117,AppState.ESTIMATE_BREATHING_RATE,0.0000;3.0000,True,0.6405821442604057,1.5691430807782356,21.58527856323827,2,4.837447166442871
1426,76.04309511184692,1770681795.043095,breathing,14.089976260692188,AppState.ESTIMATE_BREATHING_RATE,0.0000;3.0000,True,0.6405821442604057,1.608409688200377,21.64075301415846,2,4.837447166442871
1427,76.13466167449951,1770681795.1346617,breathing,14.085094192171171,AppState.ESTIMATE_BREATHING_RATE,0.0000;3.0000,True,0.6405821442604057,1.6360584097855597,21.693582780523425,2,4.837447166442871
1428,76.15029954910278,1770681795.1502995,breathing,14.079546363102075,AppState.ESTIMATE_BREATHING_RATE,0.0000;3.0000,True,0.6405821442604057,1.6550186929300799,21.741302907978056,2,4.837447166442871
1429,76.19492316246033,1770681795.1949232,breathing,14.073330526759005,AppState.ESTIMATE_BREATHING_RATE,0.0000;3.0000,True,0.6405821442604057,1.6893569378451145,21.790402172968307,2,4.837447166442871
1430,76.23898243904114,1770681795.2389824,breathing,14.066450799500215,AppState.ESTIMATE_BREATHING_RATE,0.0000;3.0000,True,0.6405821442604057,1.7107772575638587,21.835025668818773,2,4.837447166442871
1431,76.29472398757935,1770681795.294724,breathing,14.058901395526027,AppState.ESTIMATE_BREATHING_RATE,0.0000;3.0000,True,0.6405821442604057,1.7309308506224574,21.861297801821728,2,4.837447166442871
1432,76.3410255908966,1770681795.3410256,breathing,14.050685214117978,AppState.ESTIMATE_BREATHING_RATE,0.0000;3.0000,True,0.6405821442604057,1.7295998848637497,21.875190470031743,2,4.837447166442871
1433,76.3961091041565,1770681795.396109,breathing,14.041803620473065,AppState.ESTIMATE_BREATHING_RATE,0.0000;3.0000,True,0.6405821442604057,1.7037946608730787,21.893613448476522,2,4.837447166442871
1434,76.44091057777405,1770681795.4409106,breathing,14.032251215253158,AppState.ESTIMATE_BREATHING_RATE,0.0000;3.0000,True,0.6405821442604057,1.6842722410934912,21.915808786044973,2,4.837447166442871
1435,76.49638271331787,1770681795.4963827,breathing,14.021988694232238,AppState.ESTIMATE_BREATHING_RATE,0.0000;3.0000,True,0.5204729922115796,1.6679257908798455,21.954508063143614,1,4.837447166442871
1436,76.5418553352356,1770681795.5418553,breathing,14.010978395112915,AppState.ESTIMATE_BREATHING_RATE,0.0000;3.0000,True,0.5204729922115796,1.646495856925376,22.00153108647491,1,4.837447166442871
1437,76.59738397598267,1770681795.597384,breathing,13.999267070310104,AppState.ESTIMATE_BREATHING_RATE,0.0000;3.0000,True,0.5204729922115796,1.6366193117030317,22.047238416307284,1,4.837447166442871
1438,76.64272809028625,1770681795.642728,breathing,13.986872893406884,AppState.ESTIMATE_BREATHING_RATE,0.0000;3.0000,True,0.5204729922115796,1.6242794584945621,22.080405496292027,1,4.837447166442871
1439,76.69838213920593,1770681795.6983821,breathing,13.973790110406513,AppState.ESTIMATE_BREATHING_RATE,0.0000;3.0000,True,0.5204729922115796,1.5994865282149302,22.092750505167615,1,4.837447166442871
1440,76.74230289459229,1770681795.742303,breathing,13.960049010959445,AppState.ESTIMATE_BREATHING_RATE,0.0000;3.0000,True,0.5204729922115796,1.584007145560664,22.092031941043583,1,4.837447166442871
1441,76.79803109169006,1770681795.798031,breathing,13.94567495893,AppState.ESTIMATE_BREATHING_RATE,0.0000;3.0000,True,0.5204729922115796,1.563607042976012,22.07512420140322,1,4.837447166442871
1442,76.84349322319031,1770681795.8434932,breathing,13.930694752121108,AppState.ESTIMATE_BREATHING_RATE,0.0000;3.0000,True,0.5204729922115796,1.5437711035457942,22.042964754799915,1,4.837447166442871
1443,76.8991174697876,1770681795.8991175,breathing,13.91512953719988,AppState.ESTIMATE_BREATHING_RATE,0.0000;3.0000,True,0.5204729922115796,1.5261325858144796,22.00332915078857,1,4.837447166442871
1444,76.9475769996643,1770681795.947577,breathing,13.898995932172935,AppState.ESTIMATE_BREATHING_RATE,0.0000;3.0000,True,0.5204729922115796,1.502779719311545,21.96125923041139,1,4.837447166442871
1445,76.99230408668518,1770681795.992304,breathing,13.882290623785687,AppState.ESTIMATE_BREATHING_RATE,0.0000;3.0000,True,0.5204729922115796,1.4754525865831012,21.920335658015233,1,4.837447166442871
1446,77.04670906066895,1770681796.046709,breathing,13.865005534588523,AppState.ESTIMATE_BREATHING_RATE,0.0000;3.0000,True,0.5204729922115796,1.4442131376204546,21.882854202655075,1,4.837447166442871
1447,77.09217357635498,1770681796.0921736,breathing,13.847132958166979,AppState.ESTIMATE_BREATHING_RATE,0.0000;3.0000,True,0.5204729922115796,1.4048555887110648,21.85266526000038,1,4.837447166442871
1448,77.18162202835083,1770681796.181622,breathing,13.828672102004504,AppState.ESTIMATE_BREATHING_RATE,0.0000;3.0000,True,0.6405821442604057,1.3692781033218901,21.833447056202687,2,4.837447166442871
1449,77.1965012550354,1770681796.1965013,breathing,13.80960305259767,AppState.ESTIMATE_BREATHING_RATE,0.0000;3.0000,True,0.6405821442604057,1.3436419821139944,21.816152421571196,2,4.837447166442871
1450,77.241534948349,1770681796.241535,breathing,13.789865844449588,AppState.ESTIMATE_BREATHING_RATE,0.0000;3.0000,True,0.6405821442604057,1.3254309942873146,21.796953863623727,2,4.837447166442871
1451,77.29623746871948,1770681796.2962375,breathing,13.769387323442334,AppState.ESTIMATE_BREATHING_RATE,0.0000;3.0000,True,0.6405821442604057,1.3029268770281326,21.78169118549045,2,4.837447166442871
1452,77.34084391593933,1770681796.340844,breathing,13.74813931288984,AppState.ESTIMATE_BREATHING_RATE,0.0000;3.0000,True,0.6405821442604057,1.2764509715644716,21.76937704081514,2,4.837447166442871
1453,77.39641451835632,1770681796.3964145,breathing,13.726081011558621,AppState.ESTIMATE_BREATHING_RATE,0.0000;3.0000,True,0.6405821442604057,1.2720534358422044,21.751018790973298,2,4.837447166442871
1454,77.44179797172546,1770681796.441798,breathing,13.703188113950183,AppState.ESTIMATE_BREATHING_RATE,0.0000;3.0000,True,0.6405821442604057,1.2651940519302207,21.725167266594404,2,4.837447166442871
1455,77.4974205493927,1770681796.4974205,breathing,13.679446222911682,AppState.ESTIMATE_BREATHING_RATE,0.0000;3.0000,True,0.6405821442604057,1.2607857066017756,21.69952150597563,2,4.837447166442871
1456,77.54278111457825,1770681796.542781,breathing,13.654882243713221,AppState.ESTIMATE_BREATHING_RATE,0.0000;3.0000,True,0.6405821442604057,1.2485407478408899,21.686799813377764,2,4.837447166442871
1457,77.59832692146301,1770681796.598327,breathing,13.629537578117446,AppState.ESTIMATE_BREATHING_RATE,0.0000;3.0000,True,0.6405821442604057,1.24207557450087,21.675956077635192,2,4.837447166442871
1458,77.64369440078735,1770681796.6436944,breathing,13.60347685755206,AppState.ESTIMATE_BREATHING_RATE,0.0000;3.0000,True,0.6405821442604057,1.2304076972198827,21.64913876881702,2,4.837447166442871
1459,77.69936108589172,1770681796.699361,breathing,13.576791402657303,AppState.ESTIMATE_BREATHING_RATE,0.0000;3.0000,True,0.6405821442604057,1.215362262023049,21.610205627456473,2,4.837447166442871
1460,77.7494945526123,1770681796.7494946,breathing,13.549568750395565,AppState.ESTIMATE_BREATHING_RATE,0.0000;3.0000,True,0.6405821442604057,1.1960227290945635,21.571644257693972,2,4.837447166442871
1461,77.79449367523193,1770681796.7944937,breathing,13.521916925487352,AppState.ESTIMATE_BREATHING_RATE,0.0000;3.0000,True,0.6405821442604057,1.1758369509149533,21.539110662863536,2,4.837447166442871
1462,77.84957551956177,1770681796.8495755,breathing,13.494192576177248,AppState.ESTIMATE_BREATHING_RATE,0.0000;3.0000,True,0.6405821442604057,1.1474828930186316,21.504658128402664,2,4.837447166442871
1463,77.89488911628723,1770681796.894889,breathing,13.466671595496372,AppState.ESTIMATE_BREATHING_RATE,0.0000;3.0000,True,0.6405821442604057,1.1168495851503617,21.45402400147454,2,4.837447166442871
1464,77.94045066833496,1770681796.9404507,breathing,13.43956312810627,AppState.ESTIMATE_BREATHING_RATE,0.0000;3.0000,True,0.40036384016275356,1.0972467349191357,21.412186253982693,0,4.837447166442871
1465,77.9960675239563,1770681796.9960675,breathing,13.412984135845143,AppState.ESTIMATE_BREATHING_RATE,0.0000;3.0000,True,0.40036384016275356,1.0888454228560824,21.38239581091414,0,4.837447166442871
1466,78.0414228439331,1770681797.0414228,breathing,13.387016659413316,AppState.ESTIMATE_BREATHING_RATE,0.0000;3.0000,True,0.40036384016275356,1.0922933879694305,21.363712494971406,0,4.837447166442871
1467,78.09690546989441,1770681797.0969055,breathing,13.361679451346635,AppState.ESTIMATE_BREATHING_RATE,0.0000;3.0000,True,0.40036384016275356,1.0994743146690606,21.350791573529616,0,4.837447166442871
1468,78.14254260063171,1770681797.1425426,breathing,13.336883516618277,AppState.ESTIMATE_BREATHING_RATE,0.0000;3.0000,True,0.40036384016275356,1.1061752579290045,21.3359456988588,0,4.837447166442871
1469,78.23545241355896,1770681797.2354524,breathing,13.312481510796802,AppState.ESTIMATE_BREATHING_RATE,0.0000;3.0000,True,0.40036384016275356,1.1217804232678983,21.31368765399756,0,4.837447166442871
1470,78.25130248069763,1770681797.2513025,breathing,13.288342481147753,AppState.ESTIMATE_BREATHING_RATE,0.0000;3.0000,True,0.5204729922115796,1.1343526324409474,21.28288952181403,1,4.837447166442871
1471,78.29449963569641,1770681797.2944996,breathing,13.264305519071995,AppState.ESTIMATE_BREATHING_RATE,0.0000;3.0000,True,0.5204729922115796,1.1414150305163338,21.24891615826832,1,4.837447166442871
1472,78.34771633148193,1770681797.3477163,breathing,13.240205107188489,AppState.ESTIMATE_BREATHING_RATE,0.0000;3.0000,True,0.5204729922115796,1.1392510105958342,21.205575083132157,1,4.837447166442871
1473,78.39087104797363,1770681797.390871,breathing,13.215852419720559,AppState.ESTIMATE_BREATHING_RATE,0.0000;3.0000,True,0.5204729922115796,1.1348752098513453,21.147958366377647,1,4.837447166442871
1474,78.44394087791443,1770681797.4439409,breathing,13.191042560726936,AppState.ESTIMATE_BREATHING_RATE,0.0000;3.0000,True,0.5204729922115796,1.1322537038106952,21.080098497228914,1,4.837447166442871
1475,78.49689197540283,1770681797.496892,breathing,13.16556357362542,AppState.ESTIMATE_BREATHING_RATE,0.0000;3.0000,True,0.5204729922115796,1.1257672192648212,21.008477018912785,1,4.837447166442871
1476,78.53987121582031,1770681797.5398712,breathing,13.139153984771585,AppState.ESTIMATE_BREATHING_RATE,0.0000;3.0000,True,0.40036384016275356,1.1254570181801313,20.93800559483256,0,4.837447166442871
1477,78.59293150901794,1770681797.5929315,breathing,13.111542811879117,AppState.ESTIMATE_BREATHING_RATE,0.0000;3.0000,True,0.40036384016275356,1.1175309236664173,20.864143026085866,0,4.837447166442871
1478,78.64585947990417,1770681797.6458595,breathing,13.082472747996164,AppState.ESTIMATE_BREATHING_RATE,0.0000;3.0000,True,0.5204729922115796,1.1127458713015672,20.779559013503604,1,4.837447166442871
1479,78.6889259815216,1770681797.688926,breathing,13.051687224007868,AppState.ESTIMATE_BREATHING_RATE,0.0000;3.0000,True,0.5204729922115796,1.117125568090576,20.69001588674364,1,4.837447166442871
1480,78.74019837379456,1770681797.7401984,breathing,13.018848458413116,AppState.ESTIMATE_BREATHING_RATE,0.0000;3.0000,True,0.40036384016275356,1.1223854229402934,20.596417245264764,0,4.837447166442871
1481,78.79343008995056,1770681797.79343,breathing,12.983734018988727,AppState.ESTIMATE_BREATHING_RATE,0.0000;3.0000,True,0.40036384016275356,1.1306991915831879,20.50168702148731,0,4.837447166442871
1482,78.84651923179626,1770681797.8465192,breathing,12.946081915561564,AppState.ESTIMATE_BREATHING_RATE,0.0000;3.0000,True,0.40036384016275356,1.141643706494727,20.406080514206565,0,4.837447166442871
1483,78.88944554328918,1770681797.8894455,breathing,12.905631243280705,AppState.ESTIMATE_BREATHING_RATE,0.0000;3.0000,True,0.40036384016275356,1.1395770822347115,20.30429164373265,0,4.837447166442871
1484,78.94265031814575,1770681797.9426503,breathing,12.736679589999916,AppState.ESTIMATE_BREATHING_RATE,0.0000;3.0000,True,0.6405821442604057,1.1324259945667297,20.209612637322703,2,4.837447166442871
1485,78.9958267211914,1770681797.9958267,breathing,12.503807166350475,AppState.ESTIMATE_BREATHING_RATE,0.0000;3.0000,True,0.6405821442604057,1.122578620104779,20.12529882933402,2,4.837447166442871
1486,79.03876280784607,1770681798.0387628,breathing,12.280151469989498,AppState.ESTIMATE_BREATHING_RATE,0.0000;3.0000,True,0.6405821442604057,1.1082993927613338,20.042455623859283,2,4.837447166442871
1487,79.09176516532898,1770681798.0917652,breathing,12.068433912282178,AppState.ESTIMATE_BREATHING_RATE,0.0000;3.0000,True,0.7606912963092318,1.0931236181153992,19.969952939112066,3,4.837447166442871
1488,79.14470529556274,1770681798.1447053,breathing,11.870677507278835,AppState.ESTIMATE_BREATHING_RATE,0.0000;3.0000,True,0.7606912963092318,1.0821094672444407,19.898894549038094,3,4.837447166442871
1489,79.19765591621399,1770681798.197656,breathing,11.688748800073858,AppState.ESTIMATE_BREATHING_RATE,0.0000;3.0000,True,0.7606912963092318,1.0658928694548273,19.827325463159447,3,4.837447166442871
1490,79.26017117500305,1770681798.2601712,breathing,11.522636092485092,AppState.ESTIMATE_BREATHING_RATE,0.0000;3.0000,True,0.7606912963092318,1.0644001230487197,19.747009589427517,3,4.837447166442871
1491,79.29334759712219,1770681798.2933476,breathing,11.37332534043864,AppState.ESTIMATE_BREATHING_RATE,0.0000;3.0000,True,0.6405821442604057,1.0712672265834537,19.671019455764522,2,4.837447166442871
1492,79.34638285636902,1770681798.3463829,breathing,11.241155286913608,AppState.ESTIMATE_BREATHING_RATE,0.0000;3.0000,True,0.5204729922115796,1.0962700287651375,19.617771795131805,1,4.837447166442871
1493,79.3895411491394,1770681798.3895411,breathing,11.125879021205979,AppState.ESTIMATE_BREATHING_RATE,0.0000;3.0000,True,0.5204729922115796,1.1282243876214741,19.588856845021503,1,4.837447166442871
1494,79.44267773628235,1770681798.4426777,breathing,11.027027590197727,AppState.ESTIMATE_BREATHING_RATE,0.0000;3.0000,True,0.5204729922115796,1.1596311184037094,19.58103623131394,1,4.837447166442871
1495,79.49568939208984,1770681798.4956894,breathing,10.943449578256025,AppState.ESTIMATE_BREATHING_RATE,0.0000;3.0000,True,0.5204729922115796,1.1920601818192704,19.59529000233699,1,4.837447166442871
1496,79.53854441642761,1770681798.5385444,breathing,10.87433106410899,AppState.ESTIMATE_BREATHING_RATE,0.0000;3.0000,True,0.6405821442604057,1.2528620367649075,19.63612680379964,2,4.837447166442871
1497,79.59159302711487,1770681798.591593,breathing,10.81836174157628,AppState.ESTIMATE_BREATHING_RATE,0.0000;3.0000,True,0.6405821442604057,1.3255705896775125,19.711148924516596,2,4.837447166442871
1498,79.64461541175842,1770681798.6446154,breathing,10.77433403335655,AppState.ESTIMATE_BREATHING_RATE,0.0000;3.0000,True,0.6405821442604057,1.401812178400431,19.81382482013953,2,4.837447166442871
1499,79.69770240783691,1770681798.6977024,breathing,10.740688889162127,AppState.ESTIMATE_BREATHING_RATE,0.0000;3.0000,True,0.6405821442604057,1.4546258104622396,19.926705638681778,2,4.837447166442871
1500,79.74480819702148,1770681798.7448082,breathing,10.715691272724085,AppState.ESTIMATE_BREATHING_RATE,0.0000;3.0000,True,0.6405821442604057,1.4970601220968605,20.0144659404192,2,4.837447166442871
1501,79.79794573783875,1770681798.7979457,breathing,10.69799612540421,AppState.ESTIMATE_BREATHING_RATE,0.0000;3.0000,True,0.6405821442604057,1.500719119364495,20.110060320434524,2,4.837447166442871
1502,79.84096956253052,1770681798.8409696,breathing,10.686291442233378,AppState.ESTIMATE_BREATHING_RATE,0.0000;3.0000,True,0.6405821442604057,1.4837575490543502,20.19621658607316,2,4.837447166442871
1503,79.89418578147888,1770681798.8941858,breathing,10.67858439482388,AppState.ESTIMATE_BREATHING_RATE,0.0000;3.0000,True,0.6405821442604057,1.4697807759293733,20.256093240043764,2,4.837447166442871
1504,79.94714975357056,1770681798.9471498,breathing,10.67325117857639,AppState.ESTIMATE_BREATHING_RATE,0.0000;3.0000,True,0.6405821442604057,1.4577233342860438,20.295817228396505,2,4.837447166442871
1505,79.99007153511047,1770681798.9900715,breathing,10.668903530129871,AppState.ESTIMATE_BREATHING_RATE,0.0000;3.0000,True,0.5204729922115796,1.4490389312485112,20.317935676868736,1,4.837447166442871
1506,80.04304957389832,1770681799.0430496,breathing,10.66429423018442,AppState.ESTIMATE_BREATHING_RATE,0.0000;3.0000,True,0.5204729922115796,1.4479819793634228,20.331083285433476,1,4.837447166442871
1507,80.09606957435608,1770681799.0960696,breathing,10.658460631278283,AppState.ESTIMATE_BREATHING_RATE,0.0000;3.0000,True,0.5204729922115796,1.4461150581017943,20.343195150368928,1,4.837447166442871
1508,80.13889503479004,1770681799.138895,breathing,10.650584796861729,AppState.ESTIMATE_BREATHING_RATE,0.0000;3.0000,True,0.5204729922115796,1.4437512474056051,20.345665487391262,1,4.837447166442871
1509,80.19192385673523,1770681799.1919239,breathing,10.639947522712188,AppState.ESTIMATE_BREATHING_RATE,0.0000;3.0000,True,0.5204729922115796,1.434730013252839,20.33725658559816,1,4.837447166442871
1510,80.24491381645203,1770681799.2449138,breathing,10.625836976554357,AppState.ESTIMATE_BREATHING_RATE,0.0000;3.0000,True,0.6405821442604057,1.4258603179300087,20.347232495840363,2,4.837447166442871
1511,80.31812453269958,1770681799.3181245,breathing,10.60752798221149,AppState.ESTIMATE_BREATHING_RATE,0.0000;3.0000,True,0.6405821442604057,1.4114489051045283,20.36731607784257,2,4.837447166442871
1512,80.34121799468994,1770681799.341218,breathing,10.584197951485201,AppState.ESTIMATE_BREATHING_RATE,0.0000;3.0000,True,0.6405821442604057,1.3933483522402303,20.369388078944194,2,4.837447166442871
1513,80.39447903633118,1770681799.394479,breathing,10.555114373618677,AppState.ESTIMATE_BREATHING_RATE,0.0000;3.0000,True,0.5204729922115796,1.3962801505351905,20.383811574776132,1,4.837447166442871
1514,80.44781541824341,1770681799.4478154,breathing,10.503052170642315,AppState.ESTIMATE_BREATHING_RATE,0.0000;3.0000,True,0.5204729922115796,1.4082480005468494,20.409708538975362,1,4.837447166442871
1515,80.49096012115479,1770681799.4909601,breathing,10.438570895517671,AppState.ESTIMATE_BREATHING_RATE,0.0000;3.0000,True,0.5204729922115796,1.4216401427808971,20.422140137486416,1,4.837447166442871
1516,80.54402565956116,1770681799.5440257,breathing,10.368271586972115,AppState.ESTIMATE_BREATHING_RATE,0.0000;3.0000,True,0.5204729922115796,1.4152109275903122,20.426732664931308,1,4.837447166442871
1517,80.59711503982544,1770681799.597115,breathing,10.29355109449273,AppState.ESTIMATE_BREATHING_RATE,0.0000;3.0000,True,0.5204729922115796,1.398059240434344,20.430413415959897,1,4.837447166442871
1518,80.64007115364075,1770681799.6400712,breathing,10.21598220374172,AppState.ESTIMATE_BREATHING_RATE,0.0000;3.0000,True,0.5204729922115796,1.3871431808247465,20.43315220927895,1,4.837447166442871
1519,80.69319200515747,1770681799.693192,breathing,10.137018299536587,AppState.ESTIMATE_BREATHING_RATE,0.0000;3.0000,True,0.40036384016275356,1.3816924656263505,20.433769482488348,0,4.837447166442871
1520,80.74146556854248,1770681799.7414656,breathing,10.05800406502144,AppState.ESTIMATE_BREATHING_RATE,0.0000;3.0000,True,0.40036384016275356,1.3998372203277036,20.448612329196443,0,4.837447166442871
1521,80.79456377029419,1770681799.7945638,breathing,9.98013813439699,AppState.ESTIMATE_BREATHING_RATE,0.0000;3.0000,True,0.40036384016275356,1.421630777630085,20.458400391399095,0,4.837447166442871
1522,80.84928750991821,1770681799.8492875,breathing,9.904422419975113,AppState.ESTIMATE_BREATHING_RATE,0.0000;3.0000,True,0.40036384016275356,1.445626922447343,20.452317083589787,0,4.837447166442871
1523,80.8925552368164,1770681799.8925552,breathing,9.83168275171944,AppState.ESTIMATE_BREATHING_RATE,0.0000;3.0000,True,0.6405821442604057,1.4763308751485935,20.446129349413074,2,4.837447166442871
1524,80.94555139541626,1770681799.9455514,breathing,9.762460644873833,AppState.ESTIMATE_BREATHING_RATE,0.0000;3.0000,True,0.6405821442604057,1.4959208894706921,20.437658137070112,2,4.837447166442871
1525,80.98849105834961,1770681799.988491,breathing,9.697088208878707,AppState.ESTIMATE_BREATHING_RATE,0.0000;3.0000,True,0.6405821442604057,1.511445686455143,20.42248457686927,2,4.837447166442871
1526,81.04151797294617,1770681800.041518,breathing,9.63577222862237,AppState.ESTIMATE_BREATHING_RATE,0.0000;3.0000,True,0.6405821442604057,1.5281616672611997,20.400212742542344,2,4.837447166442871
1527,81.09440445899963,1770681800.0944045,breathing,9.578517227869497,AppState.ESTIMATE_BREATHING_RATE,0.0000;3.0000,True,0.6405821442604057,1.5396970680757536,20.375259015012112,2,4.837447166442871
1528,81.14734196662903,1770681800.147342,breathing,9.525301240728487,AppState.ESTIMATE_BREATHING_RATE,0.0000;3.0000,True,0.6405821442604057,1.5506432287422516,20.34888110583486,2,4.837447166442871
1529,81.19018507003784,1770681800.190185,breathing,9.475897006238073,AppState.ESTIMATE_BREATHING_RATE,0.0000;3.0000,True,0.40036384016275356,1.5745168296881689,20.3235560546964,0,4.837447166442871
1530,81.24310779571533,1770681800.2431078,breathing,9.430094290917378,AppState.ESTIMATE_BREATHING_RATE,0.0000;3.0000,True,0.40036384016275356,1.6054644002648624,20.305943726558503,0,4.837447166442871
1531,81.29602456092834,1770681800.2960246,breathing,9.387561213612607,AppState.ESTIMATE_BREATHING_RATE,0.0000;3.0000,True,0.40036384016275356,1.6481251108792492,20.29394507934136,0,4.837447166442871
1532,81.35915780067444,1770681800.3591578,breathing,9.347863065173952,AppState.ESTIMATE_BREATHING_RATE,0.0000;3.0000,True,0.40036384016275356,1.675131821553543,20.286760705387252,0,4.837447166442871
1533,81.39278888702393,1770681800.392789,breathing,9.310569593133168,AppState.ESTIMATE_BREATHING_RATE,0.0000;3.0000,True,0.40036384016275356,1.6896536478286084,20.281900113940996,0,4.837447166442871
1534,81.44600033760071,1770681800.4460003,breathing,9.27522274145488,AppState.ESTIMATE_BREATHING_RATE,0.0000;3.0000,True,0.40036384016275356,1.709100909795359,20.277130418764678,0,4.837447166442871
1535,81.489018201828,1770681800.4890182,breathing,9.24130411559614,AppState.ESTIMATE_BREATHING_RATE,0.0000;3.0000,True,0.40036384016275356,1.7373026077181462,20.271491459939643,0,4.837447166442871
1536,81.54201006889343,1770681800.54201,breathing,9.208349512085768,AppState.ESTIMATE_BREATHING_RATE,0.0000;3.0000,True,0.5204729922115796,1.7681263078745757,20.265789650778963,1,4.837447166442871
1537,81.59500455856323,1770681800.5950046,breathing,9.17581630457657,AppState.ESTIMATE_BREATHING_RATE,0.0000;3.0000,True,0.5204729922115796,1.7941847853493453,20.258563973605597,1,4.837447166442871
1538,81.64803004264832,1770681800.64803,breathing,9.143168984668542,AppState.ESTIMATE_BREATHING_RATE,0.0000;3.0000,True,0.5204729922115796,1.811386862955178,20.244463215779618,1,4.837447166442871
1539,81.69101119041443,1770681800.6910112,breathing,9.109937796421276,AppState.ESTIMATE_BREATHING_RATE,0.0000;3.0000,True,0.6405821442604057,1.8180847363055022,20.222775642123555,2,4.837447166442871
1540,81.74188423156738,1770681800.7418842,breathing,9.075760980885564,AppState.ESTIMATE_BREATHING_RATE,0.0000;3.0000,True,0.6405821442604057,1.8156187197019478,20.191422564473864,2,4.837447166442871
1541,81.79499244689941,1770681800.7949924,breathing,9.040261866485965,AppState.ESTIMATE_BREATHING_RATE,0.0000;3.0000,True,0.6405821442604057,1.8100723955854032,20.150260797945585,2,4.837447166442871
1542,81.83798742294312,1770681800.8379874,breathing,9.003163845637163,AppState.ESTIMATE_BREATHING_RATE,0.0000;3.0000,True,0.40036384016275356,1.8124391185707245,20.099979029522803,0,4.837447166442871
1543,81.89207315444946,1770681800.8920732,breathing,8.964372416538252,AppState.ESTIMATE_BREATHING_RATE,0.0000;3.0000,True,0.40036384016275356,1.8147293235301574,20.063558573520776,0,4.837447166442871
1544,81.9453136920929,1770681800.9453137,breathing,8.923515417946312,AppState.ESTIMATE_BREATHING_RATE,0.0000;3.0000,True,0.40036384016275356,1.8217231496097157,20.034204111272498,0,4.837447166442871
1545,81.98827290534973,1770681800.988273,breathing,8.880442846690825,AppState.ESTIMATE_BREATHING_RATE,0.0000;3.0000,True,0.40036384016275356,1.8387324692702982,20.005811553351464,0,4.837447166442871
1546,82.04127407073975,1770681801.041274,breathing,8.83517243250161,AppState.ESTIMATE_BREATHING_RATE,0.0000;3.0000,True,0.40036384016275356,1.8639120355552783,19.99252171423916,0,4.837447166442871
1547,82.09422135353088,1770681801.0942214,breathing,8.786850107663104,AppState.ESTIMATE_BREATHING_RATE,0.0000;3.0000,True,0.40036384016275356,1.8716211544294636,20.004901320669912,0,4.837447166442871
1548,82.14707159996033,1770681801.1470716,breathing,8.735956943362973,AppState.ESTIMATE_BREATHING_RATE,0.0000;3.0000,True,0.40036384016275356,1.8651810231634713,20.040680338091626,0,4.837447166442871
1549,82.1900384426117,1770681801.1900384,breathing,8.682590732625387,AppState.ESTIMATE_BREATHING_RATE,0.0000;3.0000,True,0.40036384016275356,1.8570549062139932,20.07785057761129,0,4.837447166442871
1550,82.24296593666077,1770681801.242966,breathing,8.626509015315438,AppState.ESTIMATE_BREATHING_RATE,0.0000;3.0000,True,0.40036384016275356,1.8465839425502453,20.093493994716134,0,4.837447166442871
1551,82.29587626457214,1770681801.2958763,breathing,8.56731297831212,AppState.ESTIMATE_BREATHING_RATE,0.0000;3.0000,True,0.40036384016275356,1.8352778504320044,20.11031486060217,0,4.837447166442871
1552,82.33868861198425,1770681801.3386886,breathing,8.504253061139375,AppState.ESTIMATE_BREATHING_RATE,0.0000;3.0000,True,0.40036384016275356,1.818158564192723,20.140890499751453,0,4.837447166442871
1553,82.4136266708374,1770681801.4136267,breathing,8.436485996080547,AppState.ESTIMATE_BREATHING_RATE,0.0000;3.0000,True,0.40036384016275356,1.806652731095428,20.186165742631488,0,4.837447166442871
1554,82.44671273231506,1770681801.4467127,breathing,8.36277680790915,AppState.ESTIMATE_BREATHING_RATE,0.0000;3.0000,True,0.40036384016275356,1.8243008277281345,20.238331033326272,0,4.837447166442871
1555,82.489750623703,1770681801.4897506,breathing,8.281534351224836,AppState.ESTIMATE_BREATHING_RATE,0.0000;3.0000,True,0.40036384016275356,1.8256119983970114,20.284227967890182,0,4.837447166442871
1556,82.54314732551575,1770681801.5431473,breathing,8.197843359157172,AppState.ESTIMATE_BREATHING_RATE,0.0000;3.0000,True,0.40036384016275356,1.826436445659815,20.31263665579381,0,4.837447166442871
1557,82.59637117385864,1770681801.5963712,breathing,8.155617838896111,AppState.ESTIMATE_BREATHING_RATE,0.0000;3.0000,True,0.40036384016275356,1.8186759755782298,20.32569159784527,0,4.837447166442871
1558,82.63931441307068,1770681801.6393144,breathing,8.111204182428613,AppState.ESTIMATE_BREATHING_RATE,0.0000;3.0000,True,0.40036384016275356,1.79363391728753,20.34162090193424,0,4.837447166442871
1559,82.69247531890869,1770681801.6924753,breathing,8.064476134228395,AppState.ESTIMATE_BREATHING_RATE,0.0000;3.0000,True,0.40036384016275356,1.7411947160868957,20.380813041478465,0,4.837447166442871
1560,82.73984146118164,1770681801.7398415,breathing,8.015299533010124,AppState.ESTIMATE_BREATHING_RATE,0.0000;3.0000,True,0.40036384016275356,1.6788950214965146,20.434159253932265,0,4.837447166442871
1561,82.79304099082947,1770681801.793041,breathing,7.964226760382297,AppState.ESTIMATE_BREATHING_RATE,0.0000;3.0000,True,0.40036384016275356,1.6161582764655695,20.489832710479124,0,4.837447166442871
1562,82.84613585472107,1770681801.8461359,breathing,7.911767799851319,AppState.ESTIMATE_BREATHING_RATE,0.0000;3.0000,True,0.5204729922115796,1.5537802921403456,20.55858875523716,1,4.837447166442871
1563,82.88904166221619,1770681801.8890417,breathing,7.858074744979551,AppState.ESTIMATE_BREATHING_RATE,0.0000;3.0000,True,0.5204729922115796,1.502311286145527,20.642606001818088,1,4.837447166442871
1564,82.94218254089355,1770681801.9421825,breathing,7.803468553913219,AppState.ESTIMATE_BREATHING_RATE,0.0000;3.0000,True,0.5204729922115796,1.4585598266936255,20.74274680637118,1,4.837447166442871
1565,82.99536442756653,1770681801.9953644,breathing,7.748224351120329,AppState.ESTIMATE_BREATHING_RATE,0.0000;3.0000,True,0.5204729922115796,1.4164893324576402,20.85404754848165,1,4.837447166442871
1566,83.03823351860046,1770681802.0382335,breathing,7.69266734334974,AppState.ESTIMATE_BREATHING_RATE,0.0000;3.0000,True,0.5204729922115796,1.375719075031912,20.946055293239326,1,4.837447166442871
1567,83.09115719795227,1770681802.0911572,breathing,7.636930568292007,AppState.ESTIMATE_BREATHING_RATE,0.0000;3.0000,True,0.5204729922115796,1.3742967440504488,21.02197707085043,1,4.837447166442871
1568,83.14422535896301,1770681802.1442254,breathing,7.581169599903511,AppState.ESTIMATE_BREATHING_RATE,0.0000;3.0000,True,0.5204729922115796,1.394492312718416,21.097495274024293,1,4.837447166442871
1569,83.19715452194214,1770681802.1971545,breathing,7.5255760104908385,AppState.ESTIMATE_BREATHING_RATE,0.0000;3.0000,True,0.5204729922115796,1.4178390705505974,21.184120768527357,1,4.837447166442871
1570,83.24004030227661,1770681802.2400403,breathing,7.470315981179669,AppState.ESTIMATE_BREATHING_RATE,0.0000;3.0000,True,0.5204729922115796,1.448293380252345,21.28283693209649,1,4.837447166442871
1571,83.29535102844238,1770681802.295351,breathing,7.415421111891157,AppState.ESTIMATE_BREATHING_RATE,0.0000;3.0000,True,0.5204729922115796,1.485925139099801,21.38889478186516,1,4.837447166442871
1572,83.34064412117004,1770681802.3406441,breathing,7.360933332078111,AppState.ESTIMATE_BREATHING_RATE,0.0000;3.0000,True,0.5204729922115796,1.5216938525806836,21.490351848436074,1,4.837447166442871
1573,83.39610028266907,1770681802.3961003,breathing,7.3070069606397965,AppState.ESTIMATE_BREATHING_RATE,0.0000;3.0000,True,0.5204729922115796,1.564941954478313,21.58038304563321,1,4.837447166442871
1574,83.47205185890198,1770681802.4720519,breathing,7.253746195866658,AppState.ESTIMATE_BREATHING_RATE,0.0000;3.0000,True,0.5204729922115796,1.5875274933064414,21.64586912018139,1,4.837447166442871
1575,83.49648427963257,1770681802.4964843,breathing,7.201275035788805,AppState.ESTIMATE_BREATHING_RATE,0.0000;3.0000,True,0.5204729922115796,1.5862536879140465,21.703151096362067,1,4.837447166442871
1576,83.54103517532349,1770681802.5410352,breathing,7.149804685993089,AppState.ESTIMATE_BREATHING_RATE,0.0000;3.0000,True,0.5204729922115796,1.5587752936512935,21.775878068875755,1,4.837447166442871
1577,83.59631156921387,1770681802.5963116,breathing,7.099301743482645,AppState.ESTIMATE_BREATHING_RATE,0.0000;3.0000,True,0.5204729922115796,1.5165262414024978,21.85876163143301,1,4.837447166442871
1578,83.64120650291443,1770681802.6412065,breathing,7.049867187175565,AppState.ESTIMATE_BREATHING_RATE,0.0000;3.0000,True,0.5204729922115796,1.4835013499623977,21.93374465867536,1,4.837447166442871
1579,83.6968309879303,1770681802.696831,breathing,7.001628371404356,AppState.ESTIMATE_BREATHING_RATE,0.0000;3.0000,True,0.40036384016275356,1.468078900928083,21.98375224239459,0,4.837447166442871
1580,83.74814128875732,1770681802.7481413,breathing,6.9548665944823975,AppState.ESTIMATE_BREATHING_RATE,0.0000;3.0000,True,0.40036384016275356,1.4561298233087945,22.02607737564339,0,4.837447166442871
1581,83.7937638759613,1770681802.7937639,breathing,6.909677773251895,AppState.ESTIMATE_BREATHING_RATE,0.0000;3.0000,True,0.5204729922115796,1.4417434045408153,22.07051979546549,1,4.837447166442871
1582,83.84954714775085,1770681802.8495471,breathing,6.866294404225727,AppState.ESTIMATE_BREATHING_RATE,0.0000;3.0000,True,0.5204729922115796,1.448912816189077,22.114006593957182,1,4.837447166442871
1583,83.89509844779968,1770681802.8950984,breathing,6.824763503687591,AppState.ESTIMATE_BREATHING_RATE,0.0000;3.0000,True,0.40036384016275356,1.4609022971229473,22.14955380803446,0,4.837447166442871
1584,83.94059085845947,1770681802.9405909,breathing,6.785151734130117,AppState.ESTIMATE_BREATHING_RATE,0.0000;3.0000,True,0.40036384016275356,1.4772542082210374,22.17267954376714,0,4.837447166442871
1585,83.99612164497375,1770681802.9961216,breathing,6.747577586642644,AppState.ESTIMATE_BREATHING_RATE,0.0000;3.0000,True,0.40036384016275356,1.4885069041888743,22.18111783063206,0,4.837447166442871
1586,84.0414559841156,1770681803.041456,breathing,6.712020943507368,AppState.ESTIMATE_BREATHING_RATE,0.0000;3.0000,True,0.40036384016275356,1.489587623073579,22.175662948343305,0,4.837447166442871
1587,84.09696435928345,1770681803.0969644,breathing,6.678438978221793,AppState.ESTIMATE_BREATHING_RATE,0.0000;3.0000,True,0.40036384016275356,1.4945802374979449,22.15890936594275,0,4.837447166442871
1588,84.14226603507996,1770681803.142266,breathing,6.646802812627274,AppState.ESTIMATE_BREATHING_RATE,0.0000;3.0000,True,0.40036384016275356,1.5166321472281599,22.134397453785123,0,4.837447166442871
1589,84.19774031639099,1770681803.1977403,breathing,6.617027096105108,AppState.ESTIMATE_BREATHING_RATE,0.0000;3.0000,True,0.40036384016275356,1.5421268419084988,22.10393346554921,0,4.837447166442871
1590,84.24300408363342,1770681803.243004,breathing,6.58894311924804,AppState.ESTIMATE_BREATHING_RATE,0.0000;3.0000,True,0.5204729922115796,1.5672626235504301,22.070415111439793,1,4.837447166442871
1591,84.29845786094666,1770681803.2984579,breathing,24.8533240712746,AppState.ESTIMATE_BREATHING_RATE,0.0000;3.0000,True,0.5204729922115796,1.590340616745972,22.034501805697523,1,4.837447166442871
1592,84.34380316734314,1770681803.3438032,breathing,24.863964436337135,AppState.ESTIMATE_BREATHING_RATE,0.0000;3.0000,True,0.5204729922115796,1.612695311785373,21.99431751047523,1,4.837447166442871
1593,84.39927649497986,1770681803.3992765,breathing,24.874784442912134,AppState.ESTIMATE_BREATHING_RATE,0.0000;3.0000,True,0.6405821442604057,1.6484619660799058,21.951695114745323,2,4.837447166442871
1594,84.4446051120758,1770681803.444605,breathing,24.885599567718092,AppState.ESTIMATE_BREATHING_RATE,0.0000;3.0000,True,0.6405821442604057,1.6656469505892033,21.907193828760704,2,4.837447166442871
1595,84.53251695632935,1770681803.532517,breathing,24.896211766357993,AppState.ESTIMATE_BREATHING_RATE,0.0000;3.0000,True,0.6405821442604057,1.6734852754185006,21.858437912064158,2,4.837447166442871
1596,84.54809355735779,1770681803.5480936,breathing,24.906537269920165,AppState.ESTIMATE_BREATHING_RATE,0.0000;3.0000,True,0.6405821442604057,1.6760995966306451,21.80389061461077,2,4.837447166442871
1597,84.59270453453064,1770681803.5927045,breathing,24.916499069791715,AppState.ESTIMATE_BREATHING_RATE,0.0000;3.0000,True,0.6405821442604057,1.676748634457046,21.74571165921597,2,4.837447166442871
1598,84.64752388000488,1770681803.6475239,breathing,24.926081237828722,AppState.ESTIMATE_BREATHING_RATE,0.0000;3.0000,True,0.6405821442604057,1.685236729815431,21.69092537848706,2,4.837447166442871
1599,84.692547082901,1770681803.692547,breathing,24.935293054421177,AppState.ESTIMATE_BREATHING_RATE,0.0000;3.0000,True,0.6405821442604057,1.695719962939246,21.64182246773462,2,4.837447166442871
1600,84.74518871307373,1770681803.7451887,breathing,24.944102349262675,AppState.ESTIMATE_BREATHING_RATE,0.0000;3.0000,True,0.6405821442604057,1.7065428777634575,21.59635824095802,2,4.837447166442871
1601,84.79017400741577,1770681803.790174,breathing,24.952479673722113,AppState.ESTIMATE_BREATHING_RATE,0.0000;3.0000,True,0.6405821442604057,1.7138246181506127,21.54675193779449,2,4.837447166442871
1602,84.84556794166565,1770681803.845568,breathing,24.960311090675475,AppState.ESTIMATE_BREATHING_RATE,0.0000;3.0000,True,0.6405821442604057,1.7130589754103207,21.484907692445585,2,4.837447166442871
1603,84.89052557945251,1770681803.8905256,breathing,24.96743693809944,AppState.ESTIMATE_BREATHING_RATE,0.0000;3.0000,True,0.6405821442604057,1.718179216214322,21.42521791208894,2,4.837447166442871
1604,84.94543313980103,1770681803.9454331,breathing,24.973607567932767,AppState.ESTIMATE_BREATHING_RATE,0.0000;3.0000,True,0.6405821442604057,1.7052399470972037,21.37811992410474,2,4.837447166442871
1605,84.9908058643341,1770681803.9908059,breathing,24.978717927606553,AppState.ESTIMATE_BREATHING_RATE,0.0000;3.0000,True,0.5204729922115796,1.6938655726058065,21.336269828521015,1,4.837447166442871
1606,85.04629135131836,1770681804.0462914,breathing,24.982559047257304,AppState.ESTIMATE_BREATHING_RATE,0.0000;3.0000,True,0.5204729922115796,1.6787424438358436,21.27963594385664,1,4.837447166442871
1607,85.09160828590393,1770681804.0916083,breathing,24.984931368514623,AppState.ESTIMATE_BREATHING_RATE,0.0000;3.0000,True,0.40036384016275356,1.6928589450856073,21.230848540008513,0,4.837447166442871
1608,85.14700126647949,1770681804.1470013,breathing,24.985640512902574,AppState.ESTIMATE_BREATHING_RATE,0.0000;3.0000,True,0.40036384016275356,1.7116824263743526,21.201092531750643,0,4.837447166442871
1609,85.19242286682129,1770681804.1924229,breathing,24.9846072555205,AppState.ESTIMATE_BREATHING_RATE,0.0000;3.0000,True,0.40036384016275356,1.751019751601724,21.192293984196517,0,4.837447166442871
1610,85.24786114692688,1770681804.2478611,breathing,24.981827455178394,AppState.ESTIMATE_BREATHING_RATE,0.0000;3.0000,True,0.40036384016275356,1.7831748575216355,21.202599222915286,0,4.837447166442871
1611,85.29314041137695,1770681804.2931404,breathing,24.97738192408199,AppState.ESTIMATE_BREATHING_RATE,0.0000;3.0000,True,0.40036384016275356,1.8127136453741648,21.226947453375256,0,4.837447166442871
1612,85.34847784042358,1770681804.3484778,breathing,24.97147505901663,AppState.ESTIMATE_BREATHING_RATE,0.0000;3.0000,True,0.40036384016275356,1.8318250268368619,21.259656212273807,0,4.837447166442871
1613,85.39386177062988,1770681804.3938618,breathing,24.964410073895902,AppState.ESTIMATE_BREATHING_RATE,0.0000;3.0000,True,0.40036384016275356,1.8724967748472972,21.292462500120273,0,4.837447166442871
1614,85.44927477836609,1770681804.4492748,breathing,24.956567276221143,AppState.ESTIMATE_BREATHING_RATE,0.0000;3.0000,True,0.40036384016275356,1.923567460057828,21.310899437174267,0,4.837447166442871
1615,85.49475765228271,1770681804.4947577,breathing,24.948369039026044,AppState.ESTIMATE_BREATHING_RATE,0.0000;3.0000,True,0.40036384016275356,1.9471440155195783,21.316127637509926,0,4.837447166442871
1616,85.57317638397217,1770681804.5731764,breathing,24.94033764476477,AppState.ESTIMATE_BREATHING_RATE,0.0000;3.0000,True,0.5204729922115796,1.9561071207908833,21.31129199291749,1,4.837447166442871
1617,85.59736037254333,1770681804.5973604,breathing,24.93296682375444,AppState.ESTIMATE_BREATHING_RATE,0.0000;3.0000,True,0.5204729922115796,1.9578393620424097,21.29943652497822,1,4.837447166442871
1618,85.64154434204102,1770681804.6415443,breathing,24.92676774912005,AppState.ESTIMATE_BREATHING_RATE,0.0000;3.0000,True,0.5204729922115796,1.9698366504935518,21.286968257841583,1,4.837447166442871
1619,85.69730520248413,1770681804.6973052,breathing,24.92222135688503,AppState.ESTIMATE_BREATHING_RATE,0.0000;3.0000,True,0.5204729922115796,1.9914267330856805,21.277665897983816,1,4.837447166442871
1620,85.74785304069519,1770681804.747853,breathing,24.91968866218602,AppState.ESTIMATE_BREATHING_RATE,0.0000;3.0000,True,0.5204729922115796,2.013701984608204,21.267085386267993,1,4.837447166442871
1621,85.79348587989807,1770681804.7934859,breathing,24.91945601515668,AppState.ESTIMATE_BREATHING_RATE,0.0000;3.0000,True,0.5204729922115796,2.029857241619931,21.248202765393827,1,4.837447166442871
1622,85.85006356239319,1770681804.8500636,breathing,24.92165972856627,AppState.ESTIMATE_BREATHING_RATE,0.0000;3.0000,True,0.5204729922115796,2.0431793719106657,21.21251384734179,1,4.837447166442871
1623,85.89425587654114,1770681804.8942559,breathing,24.926264918055242,AppState.ESTIMATE_BREATHING_RATE,0.0000;3.0000,True,0.5204729922115796,2.058220023468059,21.16697134250117,1,4.837447166442871
1624,85.94749546051025,1770681804.9474955,breathing,24.933122671569418,AppState.ESTIMATE_BREATHING_RATE,0.0000;3.0000,True,0.5204729922115796,2.0527721669043566,21.107880654054725,1,4.837447166442871
1625,85.99039125442505,1770681804.9903913,breathing,24.941974962706944,AppState.ESTIMATE_BREATHING_RATE,0.0000;3.0000,True,0.5204729922115796,2.0555793598659053,21.04581949452383,1,4.837447166442871
1626,86.04344058036804,1770681805.0434406,breathing,24.952444476237954,AppState.ESTIMATE_BREATHING_RATE,0.0000;3.0000,True,0.5204729922115796,2.0779744883600006,20.99227717550894,1,4.837447166442871
1627,86.09640336036682,1770681805.0964034,breathing,24.964043187116577,AppState.ESTIMATE_BREATHING_RATE,0.0000;3.0000,True,0.5204729922115796,2.0960575959075682,20.947754559404405,1,4.837447166442871
1628,86.1393187046051,1770681805.1393187,breathing,24.976233647149275,AppState.ESTIMATE_BREATHING_RATE,0.0000;3.0000,True,0.5204729922115796,2.1061338951503017,20.90095459454175,1,4.837447166442871
1629,86.19234037399292,1770681805.1923404,breathing,24.98845989638024,AppState.ESTIMATE_BREATHING_RATE,0.0000;3.0000,True,0.5204729922115796,2.1106574524052335,20.841751136120877,1,4.837447166442871
1630,86.24533319473267,1770681805.2453332,breathing,25.00016329092434,AppState.ESTIMATE_BREATHING_RATE,0.0000;3.0000,True,0.5204729922115796,2.1049545659482023,20.777336182642657,1,4.837447166442871
1631,86.28818011283875,1770681805.28818,breathing,25.010876772726885,AppState.ESTIMATE_BREATHING_RATE,0.0000;3.0000,True,0.5204729922115796,2.1064604879026727,20.69994677178289,1,4.837447166442871
1632,86.3411693572998,1770681805.3411694,breathing,25.020148005187338,AppState.ESTIMATE_BREATHING_RATE,0.0000;3.0000,True,0.5204729922115796,2.0974248482825755,20.626262849164558,1,4.837447166442871
1633,86.39409756660461,1770681805.3940976,breathing,25.027625467477726,AppState.ESTIMATE_BREATHING_RATE,0.0000;3.0000,True,0.40036384016275356,2.0725206952843966,20.568525186146136,0,4.837447166442871
1634,86.44698786735535,1770681805.4469879,breathing,25.033022271766388,AppState.ESTIMATE_BREATHING_RATE,0.0000;3.0000,True,0.40036384016275356,2.051273507416063,20.538533775108387,0,4.837447166442871
1635,86.48977899551392,1770681805.489779,breathing,25.036172438153773,AppState.ESTIMATE_BREATHING_RATE,0.0000;3.0000,True,0.40036384016275356,2.018290275122981,20.542027850023,0,4.837447166442871
1636,86.54280924797058,1770681805.5428092,breathing,25.037048893160893,AppState.ESTIMATE_BREATHING_RATE,0.0000;3.0000,True,0.40036384016275356,1.9736222535587664,20.562149505710476,0,4.837447166442871
1637,86.6135048866272,1770681805.613505,breathing,25.03558741315477,AppState.ESTIMATE_BREATHING_RATE,0.0000;3.0000,True,0.40036384016275356,1.9237604880470023,20.57494282533826,0,4.837447166442871
1638,86.64702820777893,1770681805.6470282,breathing,25.031849135989162,AppState.ESTIMATE_BREATHING_RATE,0.0000;3.0000,True,0.40036384016275356,1.8750684408187883,20.573261469479927,0,4.837447166442871
1639,86.69011116027832,1770681805.6901112,breathing,25.02599149066126,AppState.ESTIMATE_BREATHING_RATE,0.0000;3.0000,True,0.40036384016275356,1.8295512248113848,20.55949317761969,0,4.837447166442871
1640,86.74144124984741,1770681805.7414412,breathing,25.018295005107877,AppState.ESTIMATE_BREATHING_RATE,0.0000;3.0000,True,0.5204729922115796,1.779155276574427,20.533462386800554,1,4.837447166442871
1641,86.7945466041565,1770681805.7945466,breathing,25.00909488603873,AppState.ESTIMATE_BREATHING_RATE,0.0000;3.0000,True,0.6405821442604057,1.7247680151518903,20.517594060484797,2,4.837447166442871
1642,86.84770822525024,1770681805.8477082,breathing,24.998796074745027,AppState.ESTIMATE_BREATHING_RATE,0.0000;3.0000,True,0.6405821442604057,1.6787827717706016,20.51109149043631,2,4.837447166442871
1643,86.89078450202942,1770681805.8907845,breathing,24.9878446359428,AppState.ESTIMATE_BREATHING_RATE,0.0000;3.0000,True,0.6405821442604057,1.6356429729774955,20.510972427746943,2,4.837447166442871
1644,86.94434833526611,1770681805.9443483,breathing,24.97670373493409,AppState.ESTIMATE_BREATHING_RATE,0.0000;3.0000,True,0.6405821442604057,1.5971038817550252,20.515405393895087,2,4.837447166442871
1645,86.99739670753479,1770681805.9973967,breathing,24.965794870927184,AppState.ESTIMATE_BREATHING_RATE,0.0000;3.0000,True,0.6405821442604057,1.5698691531023217,20.525654855045726,2,4.837447166442871
1646,87.04033136367798,1770681806.0403314,breathing,24.955470098938495,AppState.ESTIMATE_BREATHING_RATE,0.0000;3.0000,True,0.6405821442604057,1.5466353750217552,20.539907064231596,2,4.837447166442871
1647,87.09347653388977,1770681806.0934765,breathing,24.945975728700372,AppState.ESTIMATE_BREATHING_RATE,0.0000;3.0000,True,0.6405821442604057,1.527846538029928,20.55811811666427,2,4.837447166442871
1648,87.14641332626343,1770681806.1464133,breathing,24.937387799149416,AppState.ESTIMATE_BREATHING_RATE,0.0000;3.0000,True,0.6405821442604057,1.514542435215752,20.576017387547807,2,4.837447166442871
1649,87.18940329551697,1770681806.1894033,breathing,24.92964515356338,AppState.ESTIMATE_BREATHING_RATE,0.0000;3.0000,True,0.6405821442604057,1.517203015440074,20.59508686596971,2,4.837447166442871
1650,87.24236297607422,1770681806.242363,breathing,24.92261761724371,AppState.ESTIMATE_BREATHING_RATE,0.0000;3.0000,True,0.6405821442604057,1.5157058978344522,20.609289177321358,2,4.837447166442871
1651,87.29531621932983,1770681806.2953162,breathing,24.916139771661214,AppState.ESTIMATE_BREATHING_RATE,0.0000;3.0000,True,0.6405821442604057,1.5329181750905947,20.617218192410196,2,4.837447166442871
1652,87.33812808990479,1770681806.338128,breathing,24.910021226722495,AppState.ESTIMATE_BREATHING_RATE,0.0000;3.0000,True,0.7606912963092318,1.5514485866122603,20.631807405139615,3,4.837447166442871
1653,87.39111042022705,1770681806.3911104,breathing,24.904075580177214,AppState.ESTIMATE_BREATHING_RATE,0.0000;3.0000,True,0.7606912963092318,1.5618499187775503,20.651829551055933,3,4.837447166442871
1654,87.44410681724548,1770681806.4441068,breathing,24.898193597461383,AppState.ESTIMATE_BREATHING_RATE,0.0000;3.0000,True,0.7606912963092318,1.560369096405989,20.671946485825142,3,4.837447166442871
1655,87.49718856811523,1770681806.4971886,breathing,24.89239396615913,AppState.ESTIMATE_BREATHING_RATE,0.0000;3.0000,True,0.6405821442604057,1.5523221532842117,20.690554353077832,2,4.837447166442871
1656,87.5401246547699,1770681806.5401247,breathing,24.886833707805646,AppState.ESTIMATE_BREATHING_RATE,0.0000;3.0000,True,0.6405821442604057,1.5533243608680039,20.707136263313032,2,4.837447166442871
1657,87.59323954582214,1770681806.5932395,breathing,24.88184249671566,AppState.ESTIMATE_BREATHING_RATE,0.0000;3.0000,True,0.6405821442604057,1.544582733787061,20.717511590919255,2,4.837447166442871
1658,87.66489458084106,1770681806.6648946,breathing,24.87781710546319,AppState.ESTIMATE_BREATHING_RATE,0.0000;3.0000,True,0.6405821442604057,1.5304856637479896,20.720237613871216,2,4.837447166442871
1659,87.68843388557434,1770681806.688434,breathing,24.875172926185833,AppState.ESTIMATE_BREATHING_RATE,0.0000;3.0000,True,0.6405821442604057,1.5189717813664871,20.711105153585915,2,4.837447166442871
1660,87.74603581428528,1770681806.7460358,breathing,24.874245013555516,AppState.ESTIMATE_BREATHING_RATE,0.0000;3.0000,True,0.6405821442604057,1.500407481429308,20.68712034138622,2,4.837447166442871
1661,87.78929591178894,1770681806.789296,breathing,24.875238175476944,AppState.ESTIMATE_BREATHING_RATE,0.0000;3.0000,True,0.7606912963092318,1.4787503569309346,20.669739240349447,3,4.837447166442871
1662,87.84248805046082,1770681806.842488,breathing,24.87837449314708,AppState.ESTIMATE_BREATHING_RATE,0.0000;3.0000,True,0.7606912963092318,1.4566284107445604,20.666670690778606,3,4.837447166442871
1663,87.89578127861023,1770681806.8957813,breathing,24.88381433659365,AppState.ESTIMATE_BREATHING_RATE,0.0000;3.0000,True,0.7606912963092318,1.4482321653611439,20.669514162907415,3,4.837447166442871
1664,87.93868494033813,1770681806.938685,breathing,24.89179882595867,AppState.ESTIMATE_BREATHING_RATE,0.0000;3.0000,True,0.7606912963092318,1.4436473051009808,20.669009271894218,3,4.837447166442871
1665,87.99175906181335,1770681806.991759,breathing,24.901894957353193,AppState.ESTIMATE_BREATHING_RATE,0.0000;3.0000,True,0.7606912963092318,1.4434085705055546,20.663503063940887,3,4.837447166442871
1666,88.04474258422852,1770681807.0447426,breathing,24.913501076406938,AppState.ESTIMATE_BREATHING_RATE,0.0000;3.0000,True,0.6405821442604057,1.4412515138944724,20.65487910342482,2,4.837447166442871
1667,88.0976767539978,1770681807.0976768,breathing,24.92600720956143,AppState.ESTIMATE_BREATHING_RATE,0.0000;3.0000,True,0.6405821442604057,1.4585582815412572,20.662351566545446,2,4.837447166442871
1668,88.14059162139893,1770681807.1405916,breathing,24.938568067697233,AppState.ESTIMATE_BREATHING_RATE,0.0000;3.0000,True,0.6405821442604057,1.484318982712133,20.673766855188575,2,4.837447166442871
1669,88.19356727600098,1770681807.1935673,breathing,24.950259326479188,AppState.ESTIMATE_BREATHING_RATE,0.0000;3.0000,True,0.6405821442604057,1.5047630192238295,20.678259013273323,2,4.837447166442871
1670,88.24646854400635,1770681807.2464685,breathing,24.960112976013875,AppState.ESTIMATE_BREATHING_RATE,0.0000;3.0000,True,0.6405821442604057,1.516278732085917,20.66639008098157,2,4.837447166442871
1671,88.28930711746216,1770681807.289307,breathing,24.96716116538968,AppState.ESTIMATE_BREATHING_RATE,0.0000;3.0000,True,0.6405821442604057,1.5076749051985399,20.641914111259236,2,4.837447166442871
1672,88.3422303199768,1770681807.3422303,breathing,24.97043719053436,AppState.ESTIMATE_BREATHING_RATE,0.0000;3.0000,True,0.6405821442604057,1.4815913322499206,20.618302194508413,2,4.837447166442871
1673,88.39519929885864,1770681807.3951993,breathing,24.969046511404894,AppState.ESTIMATE_BREATHING_RATE,0.0000;3.0000,True,0.6405821442604057,1.4458698715626894,20.60434187982268,2,4.837447166442871
1674,88.43799614906311,1770681807.4379961,breathing,24.962120797713848,AppState.ESTIMATE_BREATHING_RATE,0.0000;3.0000,True,0.40036384016275356,1.4070265573832381,20.601457539912573,0,4.837447166442871
1675,88.49091458320618,1770681807.4909146,breathing,24.949121400520045,AppState.ESTIMATE_BREATHING_RATE,0.0000;3.0000,True,0.5204729922115796,1.373189186853906,20.601593507804694,1,4.837447166442871
1676,88.54395031929016,1770681807.5439503,breathing,24.929044023809006,AppState.ESTIMATE_BREATHING_RATE,0.0000;3.0000,True,0.5204729922115796,1.345241110289785,20.58590273833543,1,4.837447166442871
1677,88.59698987007141,1770681807.5969899,breathing,24.90107801823182,AppState.ESTIMATE_BREATHING_RATE,0.0000;3.0000,True,0.5204729922115796,1.3406507039328608,20.562651324948998,1,4.837447166442871
1678,88.63989353179932,1770681807.6398935,breathing,24.864411637081616,AppState.ESTIMATE_BREATHING_RATE,0.0000;3.0000,True,0.6405821442604057,1.3605317735904812,20.537633419250717,2,4.837447166442871
1679,88.7116289138794,1770681807.711629,breathing,24.818206468370906,AppState.ESTIMATE_BREATHING_RATE,0.0000;3.0000,True,0.6405821442604057,1.393200438335695,20.510964712019796,2,4.837447166442871
1680,88.7400119304657,1770681807.740012,breathing,24.761525455221175,AppState.ESTIMATE_BREATHING_RATE,0.0000;3.0000,True,0.6405821442604057,1.418070115336607,20.476790830346825,2,4.837447166442871
1681,88.79350590705872,1770681807.793506,breathing,24.693239720156186,AppState.ESTIMATE_BREATHING_RATE,0.0000;3.0000,True,0.6405821442604057,1.4315348848881246,20.428074622961446,2,4.837447166442871
1682,88.84665989875793,1770681807.84666,breathing,24.612044818138738,AppState.ESTIMATE_BREATHING_RATE,0.0000;3.0000,True,0.6405821442604057,1.4396203434501875,20.365418030786923,2,4.837447166442871
1683,88.88971495628357,1770681807.889715,breathing,24.529365001159068,AppState.ESTIMATE_BREATHING_RATE,0.0000;3.0000,True,0.6405821442604057,1.4477750506940665,20.290649868008593,2,4.837447166442871
1684,88.9428722858429,1770681807.9428723,breathing,24.44679883396904,AppState.ESTIMATE_BREATHING_RATE,0.0000;3.0000,True,0.6405821442604057,1.451311444383896,20.211841363471102,2,4.837447166442871
1685,88.99595856666565,1770681807.9959586,breathing,24.36574812325493,AppState.ESTIMATE_BREATHING_RATE,0.0000;3.0000,True,0.6405821442604057,1.4556890963501468,20.12747064750578,2,4.837447166442871
1686,89.03880596160889,1770681808.038806,breathing,24.287667127235107,AppState.ESTIMATE_BREATHING_RATE,0.0000;3.0000,True,0.6405821442604057,1.4699786004921862,20.035134490409725,2,4.837447166442871
1687,89.09179091453552,1770681808.091791,breathing,24.213443766814283,AppState.ESTIMATE_BREATHING_RATE,0.0000;3.0000,True,0.6405821442604057,1.477090962722675,19.941120050396542,2,4.837447166442871
1688,89.14480257034302,1770681808.1448026,breathing,24.14362601707305,AppState.ESTIMATE_BREATHING_RATE,0.0000;3.0000,True,0.6405821442604057,1.4741395202813752,19.851396665739312,2,4.837447166442871
1689,89.19778227806091,1770681808.1977823,breathing,24.07837830269084,AppState.ESTIMATE_BREATHING_RATE,0.0000;3.0000,True,0.40036384016275356,1.47096922689234,19.767326074139124,0,4.837447166442871
1690,89.24066185951233,1770681808.2406619,breathing,24.01765831065104,AppState.ESTIMATE_BREATHING_RATE,0.0000;3.0000,True,0.7606912963092318,1.4832823690265715,19.695978240490565,3,4.837447166442871
1691,89.29360604286194,1770681808.293606,breathing,23.961191993660762,AppState.ESTIMATE_BREATHING_RATE,0.0000;3.0000,True,0.7606912963092318,1.485102373759689,19.63582000638155,3,4.837447166442871
1692,89.34648203849792,1770681808.346482,breathing,23.908450045282684,AppState.ESTIMATE_BREATHING_RATE,0.0000;3.0000,True,0.6405821442604057,1.4805903326165868,19.602856046011876,2,4.837447166442871
1693,89.3892891407013,1770681808.3892891,breathing,7.7018631179499195,AppState.ESTIMATE_BREATHING_RATE,0.0000;3.0000,True,0.6405821442604057,1.4668808605712764,19.587346394234178,2,4.837447166442871
1694,89.44225525856018,1770681808.4422553,breathing,7.730406294474829,AppState.ESTIMATE_BREATHING_RATE,0.0000;3.0000,True,0.6405821442604057,1.4458349146909855,19.583585180882604,2,4.837447166442871
1695,89.4951114654541,1770681808.4951115,breathing,7.758596830218523,AppState.ESTIMATE_BREATHING_RATE,0.0000;3.0000,True,0.6405821442604057,1.4262968088581531,19.589782732985807,2,4.837447166442871
1696,89.54812169075012,1770681808.5481217,breathing,7.786573190543619,AppState.ESTIMATE_BREATHING_RATE,0.0000;3.0000,True,0.6405821442604057,1.4131004404854157,19.591224508310603,2,4.837447166442871
1697,89.59095120429993,1770681808.5909512,breathing,7.8140564993092445,AppState.ESTIMATE_BREATHING_RATE,0.0000;3.0000,True,0.5204729922115796,1.4032144776253164,19.601263161654035,1,4.837447166442871
1698,89.6440076828003,1770681808.6440077,breathing,7.841337275322838,AppState.ESTIMATE_BREATHING_RATE,0.0000;3.0000,True,0.40036384016275356,1.4022870936036858,19.614855330899687,0,4.837447166442871
1699,89.69714283943176,1770681808.6971428,breathing,7.868572330974709,AppState.ESTIMATE_BREATHING_RATE,0.0000;3.0000,True,0.40036384016275356,1.4045710806603187,19.645927794818835,0,4.837447166442871
1700,89.76769733428955,1770681808.7676973,breathing,7.896111076595411,AppState.ESTIMATE_BREATHING_RATE,0.0000;3.0000,True,0.40036384016275356,1.3946152902404034,19.69611588721816,0,4.837447166442871
1701,89.79158139228821,1770681808.7915814,breathing,7.924051661669049,AppState.ESTIMATE_BREATHING_RATE,0.0000;3.0000,True,0.40036384016275356,1.3932308743320827,19.763131192366174,0,4.837447166442871
1702,89.84503889083862,1770681808.845039,breathing,7.95216124941755,AppState.ESTIMATE_BREATHING_RATE,0.0000;3.0000,True,0.40036384016275356,1.3836703227589313,19.83558467474706,0,4.837447166442871
1703,89.89822554588318,1770681808.8982255,breathing,7.980781714230867,AppState.ESTIMATE_BREATHING_RATE,0.0000;3.0000,True,0.40036384016275356,1.3752541165777172,19.897784782966408,0,4.837447166442871
1704,89.94131994247437,1770681808.94132,breathing,8.009765270441214,AppState.ESTIMATE_BREATHING_RATE,0.0000;3.0000,True,0.40036384016275356,1.3715660439646373,19.946633259766177,0,4.837447166442871
1705,89.99435019493103,1770681808.9943502,breathing,8.039101094914779,AppState.ESTIMATE_BREATHING_RATE,0.0000;3.0000,True,0.40036384016275356,1.3641021798004507,19.985965985183682,0,4.837447166442871
1706,90.0473895072937,1770681809.0473895,breathing,8.068679718970866,AppState.ESTIMATE_BREATHING_RATE,0.0000;3.0000,True,0.40036384016275356,1.3471783507609896,20.020593308782708,0,4.837447166442871
1707,90.09017133712769,1770681809.0901713,breathing,8.098371829078884,AppState.ESTIMATE_BREATHING_RATE,0.0000;3.0000,True,0.40036384016275356,1.3298725856185345,20.04906907381213,0,4.837447166442871
1708,90.14309787750244,1770681809.1430979,breathing,8.128208593989834,AppState.ESTIMATE_BREATHING_RATE,0.0000;3.0000,True,0.40036384016275356,1.3089225619650167,20.056085897127534,0,4.837447166442871
1709,90.1961772441864,1770681809.1961772,breathing,8.158281008896667,AppState.ESTIMATE_BREATHING_RATE,0.0000;3.0000,True,0.40036384016275356,1.2973588742061086,20.054842607044538,0,4.837447166442871
1710,90.23901081085205,1770681809.2390108,breathing,8.188515383896933,AppState.ESTIMATE_BREATHING_RATE,0.0000;3.0000,True,0.40036384016275356,1.2850661288914242,20.048213082905527,0,4.837447166442871
1711,90.29198789596558,1770681809.291988,breathing,8.22413926737547,AppState.ESTIMATE_BREATHING_RATE,0.0000;3.0000,True,0.40036384016275356,1.273008210177619,20.03499637797839,0,4.837447166442871
1712,90.34494733810425,1770681809.3449473,breathing,8.262757877789136,AppState.ESTIMATE_BREATHING_RATE,0.0000;3.0000,True,0.40036384016275356,1.2588793322971523,20.01699820738645,0,4.837447166442871
1713,90.39787435531616,1770681809.3978744,breathing,8.297499584255416,AppState.ESTIMATE_BREATHING_RATE,0.0000;3.0000,True,0.40036384016275356,1.2475957631920227,19.990937174051286,0,4.837447166442871
1714,90.44072794914246,1770681809.440728,breathing,8.328298673179065,AppState.ESTIMATE_BREATHING_RATE,0.0000;3.0000,True,0.40036384016275356,1.2376935438921255,19.950265256350313,0,4.837447166442871
1715,90.49380350112915,1770681809.4938035,breathing,8.355095665206836,AppState.ESTIMATE_BREATHING_RATE,0.0000;3.0000,True,0.40036384016275356,1.2174628671563288,19.91462532280615,0,4.837447166442871
1716,90.54678606987,1770681809.546786,breathing,8.377531539642463,AppState.ESTIMATE_BREATHING_RATE,0.0000;3.0000,True,0.40036384016275356,1.195457396427025,19.898703609853587,0,4.837447166442871
1717,90.58963346481323,1770681809.5896335,breathing,8.395729621629396,AppState.ESTIMATE_BREATHING_RATE,0.0000;3.0000,True,0.40036384016275356,1.1762399025006285,19.884173608777328,0,4.837447166442871
1718,90.64264941215515,1770681809.6426494,breathing,8.410100188480163,AppState.ESTIMATE_BREATHING_RATE,0.0000;3.0000,True,0.40036384016275356,1.160866117887431,19.858359651167742,0,4.837447166442871
1719,90.69579029083252,1770681809.6957903,breathing,8.42048499189898,AppState.ESTIMATE_BREATHING_RATE,0.0000;3.0000,True,0.40036384016275356,1.1441597727565576,19.829653692814748,0,4.837447166442871
1720,90.74297046661377,1770681809.7429705,breathing,8.42711142165357,AppState.ESTIMATE_BREATHING_RATE,0.0000;3.0000,True,0.40036384016275356,1.1378559098044077,19.8004299740805,0,4.837447166442871
1721,90.81778645515442,1770681809.8177865,breathing,8.430265063377163,AppState.ESTIMATE_BREATHING_RATE,0.0000;3.0000,True,0.40036384016275356,1.1436318414628592,19.77491532142573,0,4.837447166442871
1722,90.84212732315063,1770681809.8421273,breathing,8.430212568686741,AppState.ESTIMATE_BREATHING_RATE,0.0000;3.0000,True,0.40036384016275356,1.1501189712787052,19.748613411416024,0,4.837447166442871
1723,90.8982663154602,1770681809.8982663,breathing,8.427206701773935,AppState.ESTIMATE_BREATHING_RATE,0.0000;3.0000,True,0.40036384016275356,1.1593293964230977,19.710539021908794,0,4.837447166442871
1724,90.94456028938293,1770681809.9445603,breathing,8.421448776602517,AppState.ESTIMATE_BREATHING_RATE,0.0000;3.0000,True,0.40036384016275356,1.1605087646916188,19.660485424464195,0,4.837447166442871
1725,90.99998664855957,1770681809.9999866,breathing,8.413212037774267,AppState.ESTIMATE_BREATHING_RATE,0.0000;3.0000,True,0.40036384016275356,1.1611192756443982,19.59851668769068,0,4.837447166442871
1726,91.04487633705139,1770681810.0448763,breathing,8.402869284218534,AppState.ESTIMATE_BREATHING_RATE,0.0000;3.0000,True,0.40036384016275356,1.1585628737427414,19.53125335092096,0,4.837447166442871
1727,91.10046529769897,1770681810.1004653,breathing,8.390933420784007,AppState.ESTIMATE_BREATHING_RATE,0.0000;3.0000,True,0.40036384016275356,1.1643147311406343,19.46392025816634,0,4.837447166442871
1728,91.14592671394348,1770681810.1459267,breathing,8.377978927005406,AppState.ESTIMATE_BREATHING_RATE,0.0000;3.0000,True,0.40036384016275356,1.1696884357783215,19.39343472203257,0,4.837447166442871
1729,91.191157579422,1770681810.1911576,breathing,8.36434723390967,AppState.ESTIMATE_BREATHING_RATE,0.0000;3.0000,True,0.40036384016275356,1.1745987786607792,19.31247094057081,0,4.837447166442871
1730,91.24681401252747,1770681810.246814,breathing,8.3501725322257,AppState.ESTIMATE_BREATHING_RATE,0.0000;3.0000,True,0.40036384016275356,1.1767810328641435,19.229871743911307,0,4.837447166442871
1731,91.29217338562012,1770681810.2921734,breathing,8.335698690453793,AppState.ESTIMATE_BREATHING_RATE,0.0000;3.0000,True,0.5204729922115796,1.1782810158549624,19.151299106284302,1,4.837447166442871
1732,91.34767818450928,1770681810.3476782,breathing,8.321225406719627,AppState.ESTIMATE_BREATHING_RATE,0.0000;3.0000,True,0.6405821442604057,1.17193323496626,19.08604335143588,2,4.837447166442871
1733,91.3929512500763,1770681810.3929513,breathing,8.30710087719438,AppState.ESTIMATE_BREATHING_RATE,0.0000;3.0000,True,0.6405821442604057,1.1601853102328776,19.03433539547253,2,4.837447166442871
1734,91.44843673706055,1770681810.4484367,breathing,8.293504795258846,AppState.ESTIMATE_BREATHING_RATE,0.0000;3.0000,True,0.6405821442604057,1.145258465311861,18.993548738107147,2,4.837447166442871
1735,91.49370956420898,1770681810.4937096,breathing,8.280548109063012,AppState.ESTIMATE_BREATHING_RATE,0.0000;3.0000,True,0.6405821442604057,1.1271203003188488,18.956508602328228,2,4.837447166442871
1736,91.54922389984131,1770681810.549224,breathing,8.268424319093821,AppState.ESTIMATE_BREATHING_RATE,0.0000;3.0000,True,0.6405821442604057,1.1092729982266196,18.921002568352282,2,4.837447166442871
1737,91.59499478340149,1770681810.5949948,breathing,8.257249209241545,AppState.ESTIMATE_BREATHING_RATE,0.0000;3.0000,True,0.6405821442604057,1.092731971636539,18.888978253066675,2,4.837447166442871
1738,91.64045262336731,1770681810.6404526,breathing,8.247031025905747,AppState.ESTIMATE_BREATHING_RATE,0.0000;3.0000,True,0.6405821442604057,1.0683145695074332,18.860195152898232,2,4.837447166442871
1739,91.69605612754822,1770681810.6960561,breathing,8.237839142108268,AppState.ESTIMATE_BREATHING_RATE,0.0000;3.0000,True,0.6405821442604057,1.0422618411185316,18.835000950353404,2,4.837447166442871
1740,91.74718761444092,1770681810.7471876,breathing,8.229568368451293,AppState.ESTIMATE_BREATHING_RATE,0.0000;3.0000,True,0.6405821442604057,1.0285117983744092,18.80114085454265,2,4.837447166442871
1741,91.7930097579956,1770681810.7930098,breathing,8.222097501624328,AppState.ESTIMATE_BREATHING_RATE,0.0000;3.0000,True,0.6405821442604057,1.0309488953379868,18.76090535224982,2,4.837447166442871
1742,91.88960099220276,1770681810.889601,breathing,8.215127703594824,AppState.ESTIMATE_BREATHING_RATE,0.0000;3.0000,True,0.6405821442604057,1.0347107126471167,18.72167305309158,2,4.837447166442871
1743,91.90510058403015,1770681810.9051006,breathing,8.208620682513448,AppState.ESTIMATE_BREATHING_RATE,0.0000;3.0000,True,0.6405821442604057,1.0396552861882002,18.679825901386895,2,4.837447166442871
1744,91.93963050842285,1770681810.9396305,breathing,8.202490757057523,AppState.ESTIMATE_BREATHING_RATE,0.0000;3.0000,True,0.6405821442604057,1.0393731333400917,18.628129507684193,2,4.837447166442871
1745,91.99438428878784,1770681810.9943843,breathing,8.197928679781459,AppState.ESTIMATE_BREATHING_RATE,0.0000;3.0000,True,0.40036384016275356,1.0361553816570896,18.58140290351928,0,4.837447166442871
1746,92.04949569702148,1770681811.0494957,breathing,8.1931664214378,AppState.ESTIMATE_BREATHING_RATE,0.0000;3.0000,True,0.40036384016275356,1.0283449933854134,18.545438603837717,0,4.837447166442871
1747,92.09494161605835,1770681811.0949416,breathing,8.187644844013658,AppState.ESTIMATE_BREATHING_RATE,0.0000;3.0000,True,0.5204729922115796,1.0178933590187103,18.516562977320632,1,4.837447166442871
1748,92.14040780067444,1770681811.1404078,breathing,8.18103575589422,AppState.ESTIMATE_BREATHING_RATE,0.0000;3.0000,True,0.5204729922115796,1.0082597066267485,18.50107587225628,1,4.837447166442871
1749,92.1961829662323,1770681811.196183,breathing,8.173285046634652,AppState.ESTIMATE_BREATHING_RATE,0.0000;3.0000,True,0.5204729922115796,1.000597179344997,18.49072069226912,1,4.837447166442871
1750,92.2415521144867,1770681811.241552,breathing,8.164197829281886,AppState.ESTIMATE_BREATHING_RATE,0.0000;3.0000,True,0.5204729922115796,0.9939230909537824,18.475125555046365,1,4.837447166442871
1751,92.29703450202942,1770681811.2970345,breathing,8.153456839152149,AppState.ESTIMATE_BREATHING_RATE,0.0000;3.0000,True,0.5204729922115796,0.9963975933149419,18.44483649557133,1,4.837447166442871
1752,92.34235095977783,1770681811.342351,breathing,8.140971338638883,AppState.ESTIMATE_BREATHING_RATE,0.0000;3.0000,True,0.40036384016275356,1.0041897609252204,18.412405596056438,0,4.837447166442871
1753,92.3977460861206,1770681811.397746,breathing,8.12666581793579,AppState.ESTIMATE_BREATHING_RATE,0.0000;3.0000,True,0.40036384016275356,1.0109154050768638,18.399637559422363,0,4.837447166442871
1754,92.44310784339905,1770681811.4431078,breathing,8.11040200484304,AppState.ESTIMATE_BREATHING_RATE,0.0000;3.0000,True,0.40036384016275356,1.026113836982936,18.40706531471436,0,4.837447166442871
1755,92.49892377853394,1770681811.4989238,breathing,8.092057318094932,AppState.ESTIMATE_BREATHING_RATE,0.0000;3.0000,True,0.40036384016275356,1.047450496150994,18.42463909180286,0,4.837447166442871
1756,92.54444622993469,1770681811.5444462,breathing,8.07154152807334,AppState.ESTIMATE_BREATHING_RATE,0.0000;3.0000,True,0.40036384016275356,1.063594879124313,18.430351758505104,0,4.837447166442871
1757,92.6001296043396,1770681811.6001296,breathing,8.048772497858007,AppState.ESTIMATE_BREATHING_RATE,0.0000;3.0000,True,0.40036384016275356,1.072088030850093,18.43064773615451,0,4.837447166442871
1758,92.6454713344574,1770681811.6454713,breathing,8.024182087427532,AppState.ESTIMATE_BREATHING_RATE,0.0000;3.0000,True,0.40036384016275356,1.0766203775875283,18.431435184372873,0,4.837447166442871
1759,92.69099855422974,1770681811.6909986,breathing,7.998081919863603,AppState.ESTIMATE_BREATHING_RATE,0.0000;3.0000,True,0.40036384016275356,1.0730126505257032,18.431512175709724,0,4.837447166442871
1760,92.74447846412659,1770681811.7444785,breathing,7.970691922752843,AppState.ESTIMATE_BREATHING_RATE,0.0000;3.0000,True,0.40036384016275356,1.0706598387275585,18.429749671550656,0,4.837447166442871
1761,92.79973602294922,1770681811.799736,breathing,7.942221001997001,AppState.ESTIMATE_BREATHING_RATE,0.0000;3.0000,True,0.40036384016275356,1.0591969072646896,18.426954223983145,0,4.837447166442871
1762,92.8446090221405,1770681811.844609,breathing,7.912771154608981,AppState.ESTIMATE_BREATHING_RATE,0.0000;3.0000,True,0.40036384016275356,1.0565987166736752,18.426949574140252,0,4.837447166442871
1763,92.94152355194092,1770681811.9415236,breathing,7.882526245141977,AppState.ESTIMATE_BREATHING_RATE,0.0000;3.0000,True,0.40036384016275356,1.051764084752725,18.43083403360314,0,4.837447166442871
1764,92.95766544342041,1770681811.9576654,breathing,7.851875123045737,AppState.ESTIMATE_BREATHING_RATE,0.0000;3.0000,True,0.40036384016275356,1.0499510895704303,18.424531961515854,0,4.837447166442871
1765,92.9923300743103,1770681811.99233,breathing,7.820930545971276,AppState.ESTIMATE_BREATHING_RATE,0.0000;3.0000,True,0.40036384016275356,1.0524748322156552,18.404006446661906,0,4.837447166442871
1766,93.0465350151062,1770681812.046535,breathing,7.7897339479750425,AppState.ESTIMATE_BREATHING_RATE,0.0000;3.0000,True,0.40036384016275356,1.054157755550135,18.37547378485466,0,4.837447166442871
1767,93.09152913093567,1770681812.0915291,breathing,7.758304854890564,AppState.ESTIMATE_BREATHING_RATE,0.0000;3.0000,True,0.40036384016275356,1.0622577881188087,18.339001377149362,0,4.837447166442871
1768,93.14709258079529,1770681812.1470926,breathing,7.726732131066627,AppState.ESTIMATE_BREATHING_RATE,0.0000;3.0000,True,0.40036384016275356,1.0712006049298262,18.29041932545417,0,4.837447166442871
1769,93.1925151348114,1770681812.1925151,breathing,7.695151393509136,AppState.ESTIMATE_BREATHING_RATE,0.0000;3.0000,True,0.40036384016275356,1.0728134122926416,18.234996514700693,0,4.837447166442871
1770,93.24802994728088,1770681812.24803,breathing,7.663719872617552,AppState.ESTIMATE_BREATHING_RATE,0.0000;3.0000,True,0.40036384016275356,1.0660506868709827,18.172532415963545,0,4.837447166442871
1771,93.29336476325989,1770681812.2933648,breathing,7.632315648844514,AppState.ESTIMATE_BREATHING_RATE,0.0000;3.0000,True,0.40036384016275356,1.0600327188448024,18.11084154178502,0,4.837447166442871
1772,93.34879541397095,1770681812.3487954,breathing,7.600990214291569,AppState.ESTIMATE_BREATHING_RATE,0.0000;3.0000,True,0.40036384016275356,1.0576940860301902,18.05177079357496,0,4.837447166442871
1773,93.39410877227783,1770681812.3941088,breathing,7.5697495341570695,AppState.ESTIMATE_BREATHING_RATE,0.0000;3.0000,True,0.40036384016275356,1.061686378660365,17.989762021324374,0,4.837447166442871
1774,93.4496750831604,1770681812.449675,breathing,7.5385549681046875,AppState.ESTIMATE_BREATHING_RATE,0.0000;3.0000,True,0.40036384016275356,1.0697301416398766,17.919721201707414,0,4.837447166442871
1775,93.49497961997986,1770681812.4949796,breathing,7.507285039972446,AppState.ESTIMATE_BREATHING_RATE,0.0000;3.0000,True,0.40036384016275356,1.0690746823332091,17.852772559670154,0,4.837447166442871
1776,93.54040670394897,1770681812.5404067,breathing,7.476269271927611,AppState.ESTIMATE_BREATHING_RATE,0.0000;3.0000,True,0.40036384016275356,1.0772838982483042,17.77845251283576,0,4.837447166442871
1777,93.59588837623596,1770681812.5958884,breathing,7.445723443665644,AppState.ESTIMATE_BREATHING_RATE,0.0000;3.0000,True,0.40036384016275356,1.0940696884518983,17.708421514447906,0,4.837447166442871
1778,93.64129853248596,1770681812.6412985,breathing,7.415540015756886,AppState.ESTIMATE_BREATHING_RATE,0.0000;3.0000,True,0.40036384016275356,1.1067399889598266,17.66098400127713,0,4.837447166442871
1779,93.69707417488098,1770681812.6970742,breathing,7.385610663876196,AppState.ESTIMATE_BREATHING_RATE,0.0000;3.0000,True,0.40036384016275356,1.1447783870671064,17.64447973422108,0,4.837447166442871
1780,93.74767827987671,1770681812.7476783,breathing,7.355946278000669,AppState.ESTIMATE_BREATHING_RATE,0.0000;3.0000,True,0.40036384016275356,1.1948092890544078,17.655916196139366,0,4.837447166442871
1781,93.79269075393677,1770681812.7926908,breathing,7.326578614458477,AppState.ESTIMATE_BREATHING_RATE,0.0000;3.0000,True,0.40036384016275356,1.2354832743177637,17.683925973204975,0,4.837447166442871
1782,93.8483817577362,1770681812.8483818,breathing,7.297553481549773,AppState.ESTIMATE_BREATHING_RATE,0.0000;3.0000,True,0.40036384016275356,1.2635032836645563,17.713273410424843,0,4.837447166442871
1783,93.89541172981262,1770681812.8954117,breathing,7.268843952283259,AppState.ESTIMATE_BREATHING_RATE,0.0000;3.0000,True,0.40036384016275356,1.2813524463994295,17.730162651165454,0,4.837447166442871
1784,93.9410080909729,1770681812.941008,breathing,7.240357298643935,AppState.ESTIMATE_BREATHING_RATE,0.0000;3.0000,True,0.40036384016275356,1.2812483460891981,17.73383004305243,0,4.837447166442871
1785,94.0352885723114,1770681813.0352886,breathing,7.211945679395464,AppState.ESTIMATE_BREATHING_RATE,0.0000;3.0000,True,0.40036384016275356,1.274052548200494,17.737529558490703,0,4.837447166442871
1786,94.05143904685974,1770681813.051439,breathing,7.183565496737485,AppState.ESTIMATE_BREATHING_RATE,0.0000;3.0000,True,0.40036384016275356,1.253338619202407,17.750272899559995,0,4.837447166442871
1787,94.09773826599121,1770681813.0977383,breathing,7.155370609800253,AppState.ESTIMATE_BREATHING_RATE,0.0000;3.0000,True,0.40036384016275356,1.2309408500206727,17.759820579408377,0,4.837447166442871
1788,94.1421287059784,1770681813.1421287,breathing,7.127330673072802,AppState.ESTIMATE_BREATHING_RATE,0.0000;3.0000,True,0.40036384016275356,1.2065138227418732,17.76045837020385,0,4.837447166442871
1789,94.19690275192261,1770681813.1969028,breathing,7.099440858805453,AppState.ESTIMATE_BREATHING_RATE,0.0000;3.0000,True,0.40036384016275356,1.1886409888940586,17.750153916359938,0,4.837447166442871
1790,94.2411880493164,1770681813.241188,breathing,7.071684352806264,AppState.ESTIMATE_BREATHING_RATE,0.0000;3.0000,True,0.40036384016275356,1.1733768514002672,17.728098943789604,0,4.837447166442871
1791,94.29537606239319,1770681813.295376,breathing,7.04397297017681,AppState.ESTIMATE_BREATHING_RATE,0.0000;3.0000,True,0.40036384016275356,1.1617886653103149,17.69225984358036,0,4.837447166442871
1792,94.34081840515137,1770681813.3408184,breathing,7.016269762917755,AppState.ESTIMATE_BREATHING_RATE,0.0000;3.0000,True,0.40036384016275356,1.1545323332082347,17.64457704415058,0,4.837447166442871
1793,94.3971757888794,1770681813.3971758,breathing,6.988530233460505,AppState.ESTIMATE_BREATHING_RATE,0.0000;3.0000,True,0.40036384016275356,1.149255632172212,17.592510978867992,0,4.837447166442871
1794,94.4421033859253,1770681813.4421034,breathing,6.960819595020125,AppState.ESTIMATE_BREATHING_RATE,0.0000;3.0000,True,0.40036384016275356,1.1419151766472113,17.540310973500592,0,4.837447166442871
1795,94.49682140350342,1770681813.4968214,breathing,6.933198974713989,AppState.ESTIMATE_BREATHING_RATE,0.0000;3.0000,True,0.40036384016275356,1.132086275812506,17.489202667191897,0,4.837447166442871
1796,94.54003429412842,1770681813.5400343,breathing,6.905768774188878,AppState.ESTIMATE_BREATHING_RATE,0.0000;3.0000,True,0.40036384016275356,1.1283906851288767,17.4372423764529,0,4.837447166442871
1797,94.59312987327576,1770681813.5931299,breathing,6.8786405303364475,AppState.ESTIMATE_BREATHING_RATE,0.0000;3.0000,True,0.40036384016275356,1.1253278521338324,17.380439149668142,0,4.837447166442871
1798,94.64608645439148,1770681813.6460865,breathing,6.8519506171144915,AppState.ESTIMATE_BREATHING_RATE,0.0000;3.0000,True,0.40036384016275356,1.1331621598849315,17.316494235847397,0,4.837447166442871
1799,94.68908405303955,1770681813.689084,breathing,6.825834037960459,AppState.ESTIMATE_BREATHING_RATE,0.0000;3.0000,True,0.40036384016275356,1.1313216232086178,17.252381645747395,0,4.837447166442871
1800,94.74011874198914,1770681813.7401187,breathing,6.80049967109099,AppState.ESTIMATE_BREATHING_RATE,0.0000;3.0000,True,0.40036384016275356,1.1224728113488263,17.18020908756891,0,4.837447166442871
1801,94.79333829879761,1770681813.7933383,breathing,6.776000079597752,AppState.ESTIMATE_BREATHING_RATE,0.0000;3.0000,True,0.40036384016275356,1.1238502292735653,17.124241581368366,0,4.837447166442871
1802,94.84639143943787,1770681813.8463914,breathing,6.752277651610395,AppState.ESTIMATE_BREATHING_RATE,0.0000;3.0000,True,0.40036384016275356,1.1417513674374062,17.09875217163031,0,4.837447166442871
1803,94.88941597938538,1770681813.889416,breathing,6.7293917730322645,AppState.ESTIMATE_BREATHING_RATE,0.0000;3.0000,True,0.40036384016275356,1.1804416686953756,17.10316336098138,0,4.837447166442871
1804,94.94237470626831,1770681813.9423747,breathing,6.707433148253133,AppState.ESTIMATE_BREATHING_RATE,0.0000;3.0000,True,0.40036384016275356,1.2264804353648653,17.13063209737514,0,4.837447166442871
1805,94.9956305027008,1770681813.9956305,breathing,6.6864321824174295,AppState.ESTIMATE_BREATHING_RATE,0.0000;3.0000,True,0.40036384016275356,1.2771812401427884,17.17471379001745,0,4.837447166442871
1806,95.06029629707336,1770681814.0602963,breathing,6.66635070954253,AppState.ESTIMATE_BREATHING_RATE,0.0000;3.0000,True,0.40036384016275356,1.3300397209623398,17.233373553062997,0,4.837447166442871
1807,95.09352254867554,1770681814.0935225,breathing,6.647116799311053,AppState.ESTIMATE_BREATHING_RATE,0.0000;3.0000,True,0.40036384016275356,1.3819681178486627,17.29960462766023,0,4.837447166442871
1808,95.14688658714294,1770681814.1468866,breathing,6.628697196255253,AppState.ESTIMATE_BREATHING_RATE,0.0000;3.0000,True,0.40036384016275356,1.4214301939586549,17.360643140253153,0,4.837447166442871
1809,95.18998837471008,1770681814.1899884,breathing,6.611031788457079,AppState.ESTIMATE_BREATHING_RATE,0.0000;3.0000,True,0.40036384016275356,1.4475971012980404,17.401323889371298,0,4.837447166442871
1810,95.24317789077759,1770681814.243178,breathing,6.5940641118194625,AppState.ESTIMATE_BREATHING_RATE,0.0000;3.0000,True,0.40036384016275356,1.4601984151069718,17.43239590072742,0,4.837447166442871
1811,95.29632782936096,1770681814.2963278,breathing,6.577658567153046,AppState.ESTIMATE_BREATHING_RATE,0.0000;3.0000,True,0.40036384016275356,1.451736541064916,17.46209522448117,0,4.837447166442871
1812,95.33916664123535,1770681814.3391666,breathing,6.561718014801425,AppState.ESTIMATE_BREATHING_RATE,0.0000;3.0000,True,0.40036384016275356,1.4418476830743767,17.486847761638963,0,4.837447166442871
1813,95.39222860336304,1770681814.3922286,breathing,6.546160576144694,AppState.ESTIMATE_BREATHING_RATE,0.0000;3.0000,True,0.40036384016275356,1.4248556220096846,17.506088151849546,0,4.837447166442871
1814,95.44520711898804,1770681814.445207,breathing,6.530856171237473,AppState.ESTIMATE_BREATHING_RATE,0.0000;3.0000,True,0.40036384016275356,1.4094674244139627,17.525477464677824,0,4.837447166442871
1815,95.48834443092346,1770681814.4883444,breathing,6.515682240199403,AppState.ESTIMATE_BREATHING_RATE,0.0000;3.0000,True,0.40036384016275356,1.3990216967267572,17.539345890493898,0,4.837447166442871
1816,95.541330575943,1770681814.5413306,breathing,6.50050518805403,AppState.ESTIMATE_BREATHING_RATE,0.0000;3.0000,True,0.40036384016275356,1.4102359321577531,17.539045884855643,0,4.837447166442871
1817,95.59429883956909,1770681814.5942988,breathing,6.4852205881674445,AppState.ESTIMATE_BREATHING_RATE,0.0000;3.0000,True,0.40036384016275356,1.428279876060172,17.52578413736427,0,4.837447166442871
1818,95.64735531806946,1770681814.6473553,breathing,6.469731713747819,AppState.ESTIMATE_BREATHING_RATE,0.0000;3.0000,True,0.40036384016275356,1.428605942346277,17.49942336104537,0,4.837447166442871
1819,95.69034767150879,1770681814.6903477,breathing,6.4539850579677545,AppState.ESTIMATE_BREATHING_RATE,0.0000;3.0000,True,0.6405821442604057,1.4376072224633425,17.463537161616745,2,4.837447166442871
1820,95.74772644042969,1770681814.7477264,breathing,6.437952429763801,AppState.ESTIMATE_BREATHING_RATE,0.0000;3.0000,True,0.6405821442604057,1.437177069894148,17.428899040383023,2,4.837447166442871
1821,95.7910406589508,1770681814.7910407,breathing,6.421628994416749,AppState.ESTIMATE_BREATHING_RATE,0.0000;3.0000,True,0.6405821442604057,1.4328882123176279,17.396842729831068,2,4.837447166442871
1822,95.84502339363098,1770681814.8450234,breathing,6.405072351510732,AppState.ESTIMATE_BREATHING_RATE,0.0000;3.0000,True,0.6405821442604057,1.4304914117089194,17.374452367636458,2,4.837447166442871
1823,95.88923001289368,1770681814.88923,breathing,6.388345198372905,AppState.ESTIMATE_BREATHING_RATE,0.0000;3.0000,True,0.6405821442604057,1.4503039634968165,17.367079937437282,2,4.837447166442871
1824,95.94241976737976,1770681814.9424198,breathing,6.3715496293465606,AppState.ESTIMATE_BREATHING_RATE,0.0000;3.0000,True,0.6405821442604057,1.4747381617208448,17.381023289758243,2,4.837447166442871
1825,95.9954788684845,1770681814.9954789,breathing,6.354813553150368,AppState.ESTIMATE_BREATHING_RATE,0.0000;3.0000,True,0.6405821442604057,1.5128754269988811,17.413479010087666,2,4.837447166442871
1826,96.03836464881897,1770681815.0383646,breathing,6.338284606923831,AppState.ESTIMATE_BREATHING_RATE,0.0000;3.0000,True,0.6405821442604057,1.5570496959541251,17.454244884882787,2,4.837447166442871
1827,96.10831952095032,1770681815.1083195,breathing,6.322131487806589,AppState.ESTIMATE_BREATHING_RATE,0.0000;3.0000,True,0.6405821442604057,1.5807861756730928,17.488192275603115,2,4.837447166442871
1828,96.14150023460388,1770681815.1415002,breathing,6.306539090523847,AppState.ESTIMATE_BREATHING_RATE,0.0000;3.0000,True,0.6405821442604057,1.594292587003729,17.504571592970677,2,4.837447166442871
1829,96.19476699829102,1770681815.194767,breathing,6.291616323154593,AppState.ESTIMATE_BREATHING_RATE,0.0000;3.0000,True,0.40036384016275356,1.5976548757953575,17.5317988897387,0,4.837447166442871
1830,96.24804449081421,1770681815.2480445,breathing,6.2775001072549275,AppState.ESTIMATE_BREATHING_RATE,0.0000;3.0000,True,0.40036384016275356,1.5943997754800492,17.566253927436858,0,4.837447166442871
1831,96.29094338417053,1770681815.2909434,breathing,6.264350897760179,AppState.ESTIMATE_BREATHING_RATE,0.0000;3.0000,True,0.40036384016275356,1.5809740176688356,17.58840110124617,0,4.837447166442871
1832,96.34410619735718,1770681815.3441062,breathing,6.252312876926377,AppState.ESTIMATE_BREATHING_RATE,0.0000;3.0000,True,0.5204729922115796,1.5667959703658418,17.600321465215416,1,4.837447166442871
1833,96.39733600616455,1770681815.397336,breathing,6.241483756868857,AppState.ESTIMATE_BREATHING_RATE,0.0000;3.0000,True,0.40036384016275356,1.5526410713475491,17.606109721486337,0,4.837447166442871
1834,96.44030523300171,1770681815.4403052,breathing,6.23188503461198,AppState.ESTIMATE_BREATHING_RATE,0.0000;3.0000,True,0.40036384016275356,1.534737340031818,17.619894931897164,0,4.837447166442871
1835,96.49327898025513,1770681815.493279,breathing,6.22350876378758,AppState.ESTIMATE_BREATHING_RATE,0.0000;3.0000,True,0.40036384016275356,1.523152047975218,17.641606197045423,0,4.837447166442871
1836,96.54624247550964,1770681815.5462425,breathing,6.216297790204337,AppState.ESTIMATE_BREATHING_RATE,0.0000;3.0000,True,0.40036384016275356,1.5265873844675,17.66047973389141,0,4.837447166442871
1837,96.58912515640259,1770681815.5891252,breathing,6.210154126863635,AppState.ESTIMATE_BREATHING_RATE,0.0000;3.0000,True,0.40036384016275356,1.5352674293305486,17.660507876212662,0,4.837447166442871
1838,96.64217257499695,1770681815.6421726,breathing,6.204964113908537,AppState.ESTIMATE_BREATHING_RATE,0.0000;3.0000,True,0.40036384016275356,1.5344073034709134,17.647384376963675,0,4.837447166442871
1839,96.69533944129944,1770681815.6953394,breathing,6.200719067659885,AppState.ESTIMATE_BREATHING_RATE,0.0000;3.0000,True,0.5204729922115796,1.5263204394454213,17.62877383041692,1,4.837447166442871
1840,96.7437093257904,1770681815.7437093,breathing,6.197228992809649,AppState.ESTIMATE_BREATHING_RATE,0.0000;3.0000,True,0.5204729922115796,1.5189830102583817,17.603365152050973,1,4.837447166442871
1841,96.79694652557373,1770681815.7969465,breathing,6.194348565456905,AppState.ESTIMATE_BREATHING_RATE,0.0000;3.0000,True,0.40036384016275356,1.5120076288877617,17.56471856136156,0,4.837447166442871
1842,96.84002757072449,1770681815.8400276,breathing,6.191960544673794,AppState.ESTIMATE_BREATHING_RATE,0.0000;3.0000,True,0.5204729922115796,1.5057887285604465,17.51478523190807,1,4.837447166442871
1843,96.89408349990845,1770681815.8940835,breathing,6.1899864855972835,AppState.ESTIMATE_BREATHING_RATE,0.0000;3.0000,True,0.5204729922115796,1.5080212574165495,17.45462314748822,1,4.837447166442871
1844,96.94730496406555,1770681815.947305,breathing,6.188346795968947,AppState.ESTIMATE_BREATHING_RATE,0.0000;3.0000,True,0.40036384016275356,1.494776124730565,17.392216802676966,0,4.837447166442871
1845,96.99020266532898,1770681815.9902027,breathing,6.1869565920373315,AppState.ESTIMATE_BREATHING_RATE,0.0000;3.0000,True,0.40036384016275356,1.4732216439257424,17.337337247777153,0,4.837447166442871
1846,97.04318618774414,1770681816.0431862,breathing,6.185769813185866,AppState.ESTIMATE_BREATHING_RATE,0.0000;3.0000,True,0.40036384016275356,1.445670762881854,17.306818015643103,0,4.837447166442871
1847,97.09625053405762,1770681816.0962505,breathing,6.184749059497149,AppState.ESTIMATE_BREATHING_RATE,0.0000;3.0000,True,0.5204729922115796,1.4117194325534865,17.304319040512752,1,4.837447166442871
1848,97.15605473518372,1770681816.1560547,breathing,6.183874071956953,AppState.ESTIMATE_BREATHING_RATE,0.0000;3.0000,True,0.5204729922115796,1.379266056468216,17.308431205383876,1,4.837447166442871
1849,97.18930745124817,1770681816.1893075,breathing,6.183146249502337,AppState.ESTIMATE_BREATHING_RATE,0.0000;3.0000,True,0.5204729922115796,1.3539040103225564,17.298555747881625,1,4.837447166442871
1850,97.24248027801514,1770681816.2424803,breathing,6.182564451458524,AppState.ESTIMATE_BREATHING_RATE,0.0000;3.0000,True,0.40036384016275356,1.347655035321597,17.28885184558404,0,4.837447166442871
1851,97.2960033416748,1770681816.2960033,breathing,6.182131423685289,AppState.ESTIMATE_BREATHING_RATE,0.0000;3.0000,True,0.40036384016275356,1.3579091515975366,17.27613202337142,0,4.837447166442871
1852,97.33910632133484,1770681816.3391063,breathing,6.181885075254834,AppState.ESTIMATE_BREATHING_RATE,0.0000;3.0000,True,0.40036384016275356,1.360963445400372,17.261544283571926,0,4.837447166442871
1853,97.3922073841095,1770681816.3922074,breathing,6.181891009671114,AppState.ESTIMATE_BREATHING_RATE,0.0000;3.0000,True,0.40036384016275356,1.3904215022301474,17.26005769074842,0,4.837447166442871
1854,97.44518327713013,1770681816.4451833,breathing,6.182225306839098,AppState.ESTIMATE_BREATHING_RATE,0.0000;3.0000,True,0.5204729922115796,1.4466114152967071,17.280337890351202,1,4.837447166442871
1855,97.49824929237366,1770681816.4982493,breathing,6.182929318038542,AppState.ESTIMATE_BREATHING_RATE,0.0000;3.0000,True,0.5204729922115796,1.4840957709356506,17.299581633641164,1,4.837447166442871
1856,97.54114055633545,1770681816.5411406,breathing,6.183967087877084,AppState.ESTIMATE_BREATHING_RATE,0.0000;3.0000,True,0.40036384016275356,1.5030509962941356,17.3111508345579,0,4.837447166442871
1857,97.594074010849,1770681816.594074,breathing,6.185164253151849,AppState.ESTIMATE_BREATHING_RATE,0.0000;3.0000,True,0.40036384016275356,1.4935338054488134,17.342172398511238,0,4.837447166442871
1858,97.64703273773193,1770681816.6470327,breathing,6.186685614739903,AppState.ESTIMATE_BREATHING_RATE,0.0000;3.0000,True,0.5204729922115796,1.4737810837396232,17.36834758587426,1,4.837447166442871
1859,97.69005250930786,1770681816.6900525,breathing,6.1885125088675546,AppState.ESTIMATE_BREATHING_RATE,0.0000;3.0000,True,0.5204729922115796,1.442886011830876,17.40412798466009,1,4.837447166442871
1860,97.74089241027832,1770681816.7408924,breathing,6.190675785587971,AppState.ESTIMATE_BREATHING_RATE,0.0000;3.0000,True,0.5204729922115796,1.401662889580654,17.467808615089304,1,4.837447166442871
1861,97.79400610923767,1770681816.794006,breathing,6.193153685019998,AppState.ESTIMATE_BREATHING_RATE,0.0000;3.0000,True,0.5204729922115796,1.3722656977043304,17.53169304790685,1,4.837447166442871
1862,97.84709143638611,1770681816.8470914,breathing,6.195781684214956,AppState.ESTIMATE_BREATHING_RATE,0.0000;3.0000,True,0.5204729922115796,1.3625647477282679,17.58881404790261,1,4.837447166442871
1863,97.89020490646362,1770681816.890205,breathing,6.198497074204161,AppState.ESTIMATE_BREATHING_RATE,0.0000;3.0000,True,0.5204729922115796,1.3637360486460144,17.624373192231744,1,4.837447166442871
1864,97.94334435462952,1770681816.9433444,breathing,6.20142048048752,AppState.ESTIMATE_BREATHING_RATE,0.0000;3.0000,True,0.5204729922115796,1.3920392600993994,17.7002157033477,1,4.837447166442871
1865,97.99636554718018,1770681816.9963655,breathing,6.204392268546979,AppState.ESTIMATE_BREATHING_RATE,0.0000;3.0000,True,0.5204729922115796,1.4246358381052553,17.774023417173563,1,4.837447166442871
1866,98.039306640625,1770681817.0393066,breathing,6.207366043154134,AppState.ESTIMATE_BREATHING_RATE,0.0000;3.0000,True,0.5204729922115796,1.4826392636283772,17.84398689789269,1,4.837447166442871
1867,98.09230303764343,1770681817.092303,breathing,6.210463987582102,AppState.ESTIMATE_BREATHING_RATE,0.0000;3.0000,True,0.5204729922115796,1.532859905903842,17.893979676304685,1,4.837447166442871
1868,98.14526510238647,1770681817.145265,breathing,6.214054263222785,AppState.ESTIMATE_BREATHING_RATE,0.0000;3.0000,True,0.5204729922115796,1.6567894411749582,17.925782200943836,1,4.837447166442871
1869,98.21578669548035,1770681817.2157867,breathing,6.21772539842194,AppState.ESTIMATE_BREATHING_RATE,0.0000;3.0000,True,0.5204729922115796,1.757268137554649,17.965704685326873,1,4.837447166442871
1870,98.23872756958008,1770681817.2387276,breathing,6.221202559301172,AppState.ESTIMATE_BREATHING_RATE,0.0000;3.0000,True,0.5204729922115796,1.8579551978509938,18.007002027396375,1,4.837447166442871
1871,98.29188752174377,1770681817.2918875,breathing,6.224917430758004,AppState.ESTIMATE_BREATHING_RATE,0.0000;3.0000,True,0.6405821442604057,1.9139475101913925,18.05315727141042,2,4.837447166442871
1872,98.34508299827576,1770681817.345083,breathing,6.228853914959583,AppState.ESTIMATE_BREATHING_RATE,0.0000;3.0000,True,0.5204729922115796,1.978367895370472,18.087046619607495,1,4.837447166442871
1873,98.39821457862854,1770681817.3982146,breathing,6.23246927324608,AppState.ESTIMATE_BREATHING_RATE,0.0000;3.0000,True,0.5204729922115796,1.9867400285269605,18.102784321074825,1,4.837447166442871
1874,98.44119715690613,1770681817.4411972,breathing,6.236050626230484,AppState.ESTIMATE_BREATHING_RATE,0.0000;3.0000,True,0.40036384016275356,1.9595599603924312,18.106984105914474,0,4.837447166442871
1875,98.49419355392456,1770681817.4941936,breathing,6.239677433554959,AppState.ESTIMATE_BREATHING_RATE,0.0000;3.0000,True,0.6405821442604057,1.9116746588896179,18.11339980255144,2,4.837447166442871
1876,98.54716324806213,1770681817.5471632,breathing,6.243480932060895,AppState.ESTIMATE_BREATHING_RATE,0.0000;3.0000,True,0.5204729922115796,1.8629423892449997,18.133706793443803,1,4.837447166442871
1877,98.59009575843811,1770681817.5900958,breathing,6.247348445194173,AppState.ESTIMATE_BREATHING_RATE,0.0000;3.0000,True,0.5204729922115796,1.8137361876485238,18.153398343077363,1,4.837447166442871
1878,98.64312362670898,1770681817.6431236,breathing,6.251287388750209,AppState.ESTIMATE_BREATHING_RATE,0.0000;3.0000,True,0.40036384016275356,1.7641043164616854,18.159281090299068,0,4.837447166442871
1879,98.69630289077759,1770681817.696303,breathing,6.255058787686618,AppState.ESTIMATE_BREATHING_RATE,0.0000;3.0000,True,0.40036384016275356,1.7197486137983657,18.171016918739124,0,4.837447166442871
