Timestamp,Unix_Time,Quality_Flag,Breath_Rate_BPM,App_State,Distances_Being_Analyzed,Presence_Detected,Presence_Distance_m,Intra_Presence_Score,Inter_Presence_Score,Presence_Distance_Index,Radar_Enter_Time,Intra_Max_All,Inter_Max_All,Intra_Over_Inter_Max,Signal_Peak_Bin,Signal_Peak_Value,Noise_Median,Peak_To_Noise,Signal_At_PresenceBin,Noise_At_PresenceBin,PresenceBin_To_Noise,FastSlow_Diff_Max,FastSlow_Diff_AtPresenceBin,Frame_Energy,Sweep_Energy_STD,Sweep_Energy_P2P,Bin_Energy_STD,PSD_Peak_Idx,PSD_Peak_Freq_Hz,PSD_Peak_BPM,PSD_Peak_Height,PSD_Peak_Ratio_1_2,Bandpower_6_30_BPM,Motion_RMS,Motion_P2P,Rate_Hist_Last,Rate_Hist_Valid_Frac_10s,Buffer_Coverage_s,DBA_Start_Idx,DBA_End_Idx,Timestamp_Unix_ms,Frame_Idx,Breath_Valid,Inter_Frame_Dt_ms,Sweeps_Per_Frame,Resp_Waveform_Value
9.797905921936035,1771527529.797906,presence_only,,AppState.NO_PRESENCE_DETECTED,,False,0.0,0.1320191094614956,0.0,0,,1.3873006252749873,0.0,1387300625.2749872,3,254.15500314768548,22.31446891276388,11.389695364469064,112.33037559471613,16.36930954774896,6.862254957070019,0.0,0.0,24730.625,2891.497618287538,12744.250000000004,23640.842709217308,,,,,,,,,,,,,,1771527529797,0,False,,16,
9.843381404876709,1771527529.8433814,presence_only,,AppState.NO_PRESENCE_DETECTED,,False,0.0,0.2378828835376163,0.15082049155910374,0,,1.244470788380043,0.3016409831182075,4.125668771496774,3,257.2172674146314,25.38937810896826,10.130900658557051,115.74697957722266,24.84938934760835,4.657940601816232,3.9657249900427445,1.7083019912532649,25836.640625,4324.372003692371,18010.750000000007,24117.781836269776,,,,,,,,,,,,,,1771527529843,1,False,45.47548294067383,16,
9.886221885681152,1771527529.886222,presence_only,,AppState.NO_PRESENCE_DETECTED,,False,0.0,0.33410794223995915,0.28410011425202586,0,,1.2490477417872996,0.5506593596378702,2.268276599058325,3,253.5371721390179,25.26803578371534,10.03390901845971,106.93421239832462,26.50496696687168,4.034497101163953,6.179652072274578,4.736310125096523,25545.578125,3163.1171849818866,12670.75,23133.935890840403,,,,,,,,,,,,,,1771527529886,2,False,42.84048080444336,16,
9.938875436782837,1771527529.9388754,presence_only,,AppState.NO_PRESENCE_DETECTED,,False,0.0,0.4111773573392141,0.43814952666899265,0,,1.1439789388925883,0.9002977639198929,1.2706673097143342,3,250.70988275793994,25.05746184266353,10.00539816531094,88.99758599254251,26.04617655875378,3.4169155610371025,17.00470239815897,17.00470239815897,23138.8125,3292.622918524645,14856.999999999998,23762.14736398325,,,,,,,,,,,,,,1771527529938,3,False,52.65355110168457,16,
9.991419076919556,1771527529.991419,presence_only,,AppState.NO_PRESENCE_DETECTED,,False,0.0,0.4801348595960645,0.6395714362936782,0,,1.1358056811367716,1.4452590747924206,0.7858837907757272,3,253.42701118862607,24.943483858538293,10.160048717160917,80.11910079687614,24.441771228268415,3.277958051621705,20.706550075060264,20.706550075060264,24111.4375,2725.432576760751,10002.5,24066.461457390826,,,,,,,,,,,,,,1771527529991,4,False,52.54364013671875,16,
10.033732652664185,1771527530.0337327,presence_only,,AppState.NO_PRESENCE_DETECTED,,False,0.0,0.538378177996056,0.8315428010161883,0,,1.0921749829083995,1.7913996246287391,0.6096769069743843,3,246.94840680798086,24.76131478365869,9.97315404919379,76.22663576467218,24.06127698764108,3.1680212068818077,20.49917925605351,20.49917925605351,22480.140625,2881.2265955784105,10266.5,23085.67135558835,,,,,,,,,,,,,,1771527530033,5,False,42.313575744628906,16,
10.08624792098999,1771527530.086248,presence_only,,AppState.NO_PRESENCE_DETECTED,,False,0.0,0.5899903696443829,0.9737500864014169,0,,1.0807362202340212,1.8269937987127896,0.5915379791677,3,231.8807698069204,24.889183113565217,9.316527936636986,84.00113931519024,23.633486656548257,3.5543269824032193,30.984306215657064,10.906864890458948,19655.25,2048.22716788202,7235.25,20414.94600441748,,,,,,,,,,,,,,1771527530086,6,False,52.515268325805664,16,
10.139135837554932,1771527530.1391358,presence_only,,AppState.DETERMINE_DISTANCE_ESTIMATE,,True,0.6405821442604057,0.6375118610473587,1.1173224037380345,2,10.139135837554932,1.0893619758176258,2.1223286250943576,0.5132861906604624,3,236.0143169650943,25.237822913648877,9.351611577720664,52.246897336109825,23.94341741835733,2.1820985877258363,28.508093466725654,28.508093466725654,22650.515625,2340.1079460090314,9124.249999999996,20554.839807463788,,,,,,,,,,,,,,1771527530139,7,False,52.887916564941406,16,
10.191872358322144,1771527530.1918724,presence_only,,AppState.DETERMINE_DISTANCE_ESTIMATE,,True,0.6405821442604057,0.6824627107600303,1.258068974518531,2,10.139135837554932,1.109870311027808,2.384041540762503,0.4655415149382379,3,236.09328466201663,25.65258087659828,9.203490509923338,50.60929540361138,23.94212084935186,2.1138183922777922,37.43524745659735,26.796173688199197,25658.015625,3097.239762157123,9943.500000000004,19795.690085562135,,,,,,,,,,,,,,1771527530191,8,False,52.736520767211914,16,
10.23468542098999,1771527530.2346854,presence_only,,AppState.DETERMINE_DISTANCE_ESTIMATE,,True,0.6405821442604057,0.7261550362250984,1.38924611550362,2,10.139135837554932,1.1415961701861144,2.5698403843694213,0.44422843406362256,3,245.44572019593252,24.980929089559716,9.825323922347083,48.41330040649986,24.05141218636734,2.012908848318198,34.914568757368414,26.092951816779646,27102.640625,3564.7928377843164,13470.0,21433.75221537352,,,,,,,,,,,,,,1771527530234,9,False,42.81306266784668,16,
10.287192344665527,1771527530.2871923,presence_only,,AppState.DETERMINE_DISTANCE_ESTIMATE,,True,0.6405821442604057,0.763637250157793,1.5199696762978676,2,10.139135837554932,1.1200305822549257,2.8272052842403426,0.39616174605435883,3,240.7457570368583,24.67768694502977,9.755604630343619,39.245869607514116,24.097351494498138,1.6286383013853627,38.24026400093939,32.05489328705945,27533.234375,3285.7628079678257,12596.25,20497.18664066786,,,,,,,,,,,,,,1771527530287,10,False,52.50692367553711,16,
10.339613199234009,1771527530.3396132,presence_only,,AppState.DETERMINE_DISTANCE_ESTIMATE,,True,0.6405821442604057,0.798084134707898,1.6485417394539843,2,10.139135837554932,1.1256165474736395,3.062834434171266,0.3675081272914766,3,226.33580037468664,25.06263961229082,9.030804570746804,42.170505836425534,23.445378631738507,1.798670283683956,35.44026139544451,26.702735636635694,25889.5,3567.7967487827837,10620.25,17895.114873559505,,,,,,,,,,,,,,1771527530339,11,False,52.420854568481445,16,
10.392031192779541,1771527530.3920312,presence_only,,AppState.DETERMINE_DISTANCE_ESTIMATE,,True,0.6405821442604057,0.8320758136733278,1.760985390223311,2,10.139135837554932,1.1552799806368632,3.110309199455232,0.37143573393531865,3,234.03860024844192,25.12164822704854,9.316211982744658,34.74308609277535,24.74610889048408,1.4039817833635875,31.504758812571573,31.504758812571573,26074.546875,2269.741094160628,9167.000000000007,19505.64264355913,,,,,,,,,,,,,,1771527530392,12,False,52.41799354553223,16,
10.434288501739502,1771527530.4342885,presence_only,,AppState.DETERMINE_DISTANCE_ESTIMATE,,True,0.6405821442604057,0.8606806203400267,1.8610400696184755,2,10.139135837554932,1.1326646173431134,3.161750901755613,0.35823967547726276,3,230.92596385259495,25.442635685077832,9.07633810827851,36.87838967471329,25.310194194666188,1.4570567649389232,27.27163699987409,27.27163699987409,23357.96875,3212.560618196325,10606.000000000007,19262.917518821338,,,,,,,,,,,,,,1771527530434,13,False,42.25730895996094,16,
10.486656188964844,1771527530.4866562,presence_only,,AppState.DETERMINE_DISTANCE_ESTIMATE,,True,0.6405821442604057,0.887205602550711,1.958230934463061,2,10.139135837554932,1.139413938239151,3.318903042287258,0.34331040207507874,3,224.7576820155431,25.24431484946483,8.903298954513103,33.99195676921233,25.04549083826789,1.3572086483494907,28.14753191168338,28.14753191168338,21150.8125,3684.115693271079,12165.99999999999,18544.647716200187,,,,,,,,,,,,,,1771527530486,14,False,52.3676872253418,16,
10.539061307907104,1771527530.5390613,presence_only,,AppState.DETERMINE_DISTANCE_ESTIMATE,,True,0.6405821442604057,0.9045768613973204,2.053626267753527,2,10.139135837554932,1.0697485568094929,3.4845562671105097,0.30699706777573743,3,241.87801193215148,25.0802569104299,9.644160057304664,27.187140802224864,25.164290828682383,1.0803857333486402,32.767826136253916,32.767826136253916,20232.53125,2147.8065334832745,8481.25,22867.297541522894,,,,,,,,,,,,,,1771527530539,15,False,52.40511894226074,16,
10.59171199798584,1771527530.591712,presence_only,,AppState.DETERMINE_DISTANCE_ESTIMATE,,True,0.6405821442604057,0.9192044529109554,2.150213052570675,2,10.139135837554932,1.0582884485751725,3.695601609645045,0.28636432171877274,3,239.45156249490208,24.98189324402825,9.585004633007802,20.915380106514917,25.245595723929767,0.82847639383931,50.038576163432054,36.66288684911943,18474.859375,2087.1758093488097,6936.000000000002,23126.542131492915,,,,,,,,,,,,,,1771527530591,16,False,52.65069007873535,16,
10.63412618637085,1771527530.6341262,presence_only,,AppState.DETERMINE_DISTANCE_ESTIMATE,,True,0.6405821442604057,0.9386398283956587,2.2482078479315,2,10.139135837554932,1.1234378299755599,3.9141193690655234,0.28702186207385727,3,255.49355575287998,25.088483288032194,10.18369874374083,23.50905743006299,24.679411802344067,0.9525777039336695,51.66521222361865,31.995102285567146,21080.515625,2365.602766521592,9065.999999999996,26793.251731333825,,,,,,,,,,,,,,1771527530634,17,False,42.414188385009766,16,
10.686738729476929,1771527530.6867387,presence_only,,AppState.DETERMINE_DISTANCE_ESTIMATE,,True,0.6405821442604057,0.9543157516471291,2.34375740070599,2,10.139135837554932,1.1033676334629268,4.063649350646812,0.27152136859834675,3,245.4877319999922,25.081448784317697,9.787621684106902,19.83181235414454,24.647220987535448,0.8046267107910147,33.500642324570414,33.500642324570414,21682.734375,1634.2900491037722,6003.25,23319.11077876794,,,,,,,,,,,,,,1771527530686,18,False,52.6125431060791,16,
10.739161968231201,1771527530.739162,presence_only,,AppState.DETERMINE_DISTANCE_ESTIMATE,,True,0.6405821442604057,0.9697537180529741,2.4265123838545914,2,10.139135837554932,1.1165430271920336,3.998857063678021,0.27921553812325,3,257.1042164667861,25.341443279703697,10.145602743256488,32.07029632307753,24.56380031191307,1.3055918023490172,22.84176152541626,19.96773452844404,25394.0625,1450.9267149071486,5937.25,25009.044076945007,,,,,,,,,,,,,,1771527530739,19,False,52.42323875427246,16,
10.805190086364746,1771527530.80519,presence_only,,AppState.DETERMINE_DISTANCE_ESTIMATE,,True,0.6405821442604057,0.9839295883319759,2.487724930758477,2,10.139135837554932,1.1187184685507954,3.7119758688361912,0.30138085692894445,3,256.44305227964355,25.685640806272275,9.983907125534428,45.5728297618219,24.566629993256683,1.85507046642035,35.13787114352411,6.071604626061017,28299.53125,3097.028997022541,12217.0,23668.191168413574,,,,,,,,,,,,,,1771527530805,20,False,66.02811813354492,16,
10.837847709655762,1771527530.8378477,presence_only,,AppState.DETERMINE_DISTANCE_ESTIMATE,,True,0.5204729922115796,0.9940376452775816,2.5415990739944334,1,10.139135837554932,1.0901484060330915,3.6729560819495233,0.2968040949614788,3,241.4811150095386,25.550298421376574,9.45120526647364,160.9050695480102,25.03955331866008,6.426035939773487,55.18363693827726,37.20746040890677,30163.90625,2802.619207259245,12601.5,19645.064885026826,,,,,,,,,,,,,,1771527530837,21,False,32.657623291015625,16,
10.890574216842651,1771527530.8905742,presence_only,,AppState.DETERMINE_DISTANCE_ESTIMATE,,True,0.40036384016275356,1.0072476147035967,2.601786376562084,0,10.139135837554932,1.1328523889864777,3.9259070330504016,0.28855812915613066,3,238.0717542176098,25.747857930378224,9.246274189181312,178.83407113858368,25.88945172317249,6.90760364660831,57.882754409330474,57.882754409330474,31841.484375,3962.505233108484,16290.500000000004,18476.68416526407,,,,,,,,,,,,,,1771527530890,22,False,52.72650718688965,16,
10.943273067474365,1771527530.943273,presence_only,,AppState.DETERMINE_DISTANCE_ESTIMATE,,True,0.40036384016275356,1.0183337772522532,2.6751019248715284,0,10.139135837554932,1.123744690758612,4.361359535988754,0.2576592645545768,3,229.01504453856302,25.725056727388242,8.902411643113664,179.87549947811127,25.916531981942548,6.940569810671416,55.336923879261846,55.336923879261846,31391.671875,3382.3874458347077,11664.25,16429.5835200808,,,,,,,,,,,,,,1771527530943,23,False,52.69885063171387,16,
10.985726356506348,1771527530.9857264,presence_only,,AppState.DETERMINE_DISTANCE_ESTIMATE,,True,0.40036384016275356,1.0299290821402658,2.758479572954689,0,10.139135837554932,1.1401810900163634,4.759543126950532,0.23955683547032539,3,243.26284652613933,25.681208958255127,9.472406338505765,181.8224687882386,25.790840000069807,7.049885493481274,53.79649388502429,53.79649388502429,34189.359375,2953.2104365534738,11890.25,18321.044908940647,,,,,,,,,,,,,,1771527530985,24,False,42.45328903198242,16,
11.038097620010376,1771527531.0380976,presence_only,,AppState.DETERMINE_DISTANCE_ESTIMATE,,True,0.40036384016275356,1.0388173328385593,2.8388107203274444,0,10.139135837554932,1.123329770886312,4.847089404646334,0.23175346623021942,3,247.6969229219451,25.538028744691456,9.699140266013455,164.98077539519568,25.640467212478917,6.434390372905025,34.70502069606917,34.70502069606917,31803.65625,2645.9477816249396,9215.750000000004,19939.981139136053,,,,,,,,,,,,,,1771527531038,25,False,52.37126350402832,16,
11.090562582015991,1771527531.0905626,presence_only,,AppState.DETERMINE_DISTANCE_ESTIMATE,,True,0.40036384016275356,1.0470926688304256,2.9115208143089433,0,10.139135837554932,1.1257773103956343,4.801983257827917,0.23444007396860803,3,254.02997177990633,25.525004053521073,9.952201035396573,159.17573327143808,25.56979810605597,6.225146268460901,27.140570132036288,27.140570132036288,31171.125,4448.461876908972,17332.5,21288.70623385386,,,,,,,,,,,,,,1771527531090,26,False,52.464962005615234,16,
11.144027709960938,1771527531.1440277,presence_only,,AppState.DETERMINE_DISTANCE_ESTIMATE,,True,0.40036384016275356,1.0489214901814798,2.9752494464019246,0,10.139135837554932,1.0663105306549947,4.69592251291241,0.22707157698958658,3,245.22528704489264,25.50806948753234,9.613635683215406,159.459107708685,25.74670963199835,6.193378104684637,25.754395942452533,25.754395942452533,29019.265625,2757.153306442101,10101.000000000004,20367.78378506571,,,,,,,,,,,,,,1771527531144,27,False,53.46512794494629,16,
11.188584089279175,1771527531.188584,presence_only,,AppState.DETERMINE_DISTANCE_ESTIMATE,,True,0.40036384016275356,1.054371475365619,3.0266094882691323,0,10.139135837554932,1.1061917435905215,4.464690660550954,0.24776447629772633,3,255.23014277559383,25.641431115924014,9.953818162947046,151.93878547378876,25.96310202377992,5.852104472292027,17.123997341879914,17.123997341879914,29284.71875,3689.245835528035,14333.250000000007,22545.478914916173,,,,,,,,,,,,,,1771527531188,28,False,44.556379318237305,16,
11.242466449737549,1771527531.2424664,presence_only,,AppState.DETERMINE_DISTANCE_ESTIMATE,,True,0.40036384016275356,1.0575008100291117,3.0591467745141414,0,10.139135837554932,1.0872555627758904,4.002728075619411,0.2716286347620584,3,250.54791520286096,25.74622955756879,9.731441049762344,133.66570065372045,26.306310892824634,5.081126775746358,11.892685729442846,1.0791319174020373,25750.328125,2012.624516176635,6336.0,22795.619607541885,,,,,,,,,,,,,,1771527531242,29,False,53.88236045837402,16,
11.285022735595703,1771527531.2850227,presence_only,,AppState.DETERMINE_DISTANCE_ESTIMATE,,True,0.5204729922115796,1.0682162867920257,3.0926816818592666,1,10.139135837554932,1.1701025968003365,4.09872890221302,0.2854793826161778,3,260.27308375051,25.852880335208702,10.067469479831228,90.13262797122914,25.280965363776577,3.5652367965666762,43.8835499335315,43.8835499335315,24035.875,2915.3137374046046,10365.500000000004,26432.845782291217,,,,,,,,,,,,,,1771527531285,30,False,42.5562858581543,16,
11.337610006332397,1771527531.33761,presence_only,,AppState.DETERMINE_DISTANCE_ESTIMATE,,True,0.5204729922115796,1.0781195191600226,3.1379775964385055,1,10.139135837554932,1.1722827398411766,4.5421509483949,0.2580897801288059,3,253.29448801000387,25.717234547568033,9.849211723431889,77.57700307597607,25.08388222475578,3.0927032098851543,53.00320132771516,53.00320132771516,21582.96875,2080.536743162312,6855.25,25414.236898552397,,,,,,,,,,,,,,1771527531337,31,False,52.587270736694336,16,
11.390942811965942,1771527531.3909428,presence_only,,AppState.DETERMINE_DISTANCE_ESTIMATE,,True,0.5204729922115796,1.0826333282582108,3.1913425427435964,1,10.139135837554932,1.125552123499131,4.899020824506505,0.22975042637887977,3,253.78230243901953,25.6781859498526,9.883186566401243,77.66788770946458,24.904439606668827,3.1186362324550476,49.691055600437,49.691055600437,21437.1875,2945.8073695667467,10336.999999999996,25471.110317660932,,,,,,,,,,,,,,1771527531390,32,False,53.33280563354492,16,
11.433831214904785,1771527531.4338312,presence_only,,AppState.DETERMINE_DISTANCE_ESTIMATE,,True,0.5204729922115796,1.0834983319533422,3.24714164435718,1,10.139135837554932,1.091723074220108,5.088511997605455,0.2145466247341665,3,262.92805872044164,25.687534584584768,10.235628407406237,84.806972922337,24.68465576293516,3.43561497204437,39.96143919866074,39.96143919866074,23015.625,2463.503594667053,8245.0,27345.198882149256,,,,,,,,,,,,,,1771527531433,33,False,42.88840293884277,16,
11.486470699310303,1771527531.4864707,presence_only,,AppState.DETERMINE_DISTANCE_ESTIMATE,,True,0.5204729922115796,1.086601270132095,3.3038500949031886,1,10.139135837554932,1.116105036339792,5.231937413467483,0.21332537985900035,3,259.7712109361813,25.81186723296761,10.064022435166198,81.98156233263671,24.64675284827002,3.326262199081727,40.182019322411904,40.182019322411904,22578.796875,2681.7962981034707,11293.0,26745.24064642357,,,,,,,,,,,,,,1771527531486,34,False,52.63948440551758,16,
11.538934469223022,1771527531.5389345,presence_only,,AppState.DETERMINE_DISTANCE_ESTIMATE,,True,0.5204729922115796,1.085948305550299,3.356212336970639,1,10.139135837554932,1.0797397015583994,5.188890809331406,0.2080868033315656,3,273.1103399955776,25.703648269849104,10.625353145114273,90.50485570537086,24.66736865382444,3.669011355520887,29.73136709351614,29.73136709351614,25357.046875,1825.249245006413,6774.499999999996,29131.137812464163,,,,,,,,,,,,,,1771527531538,35,False,52.46376991271973,16,
11.591482162475586,1771527531.5914822,presence_only,,AppState.DETERMINE_DISTANCE_ESTIMATE,,True,0.5204729922115796,1.0863171303938182,3.4030215576047826,1,10.139135837554932,1.0898240394354777,5.0881535004339575,0.21418851438509873,3,257.8286282834007,25.590056856971863,10.075344096122297,95.00345388458254,24.534627529560304,3.8722191223912548,23.696617373975045,23.696617373975045,23160.0625,3331.330429962442,11876.500000000004,25792.49023781862,,,,,,,,,,,,,,1771527531591,36,False,52.54769325256348,16,
11.63401174545288,1771527531.6340117,presence_only,,AppState.DETERMINE_DISTANCE_ESTIMATE,,True,0.5204729922115796,1.0922068775668212,3.442902232995446,1,10.139135837554932,1.1482085487585352,4.918487222449994,0.23344750054126248,3,257.8973648202905,25.696779676556904,10.036174495652205,96.72985093806358,24.562446615717757,3.938119538638592,21.852088952790055,20.632690226142344,23436.78125,3336.7130145115752,10840.999999999993,25875.96235244284,,,,,,,,,,,,,,1771527531634,37,False,42.52958297729492,16,
11.686523675918579,1771527531.6865237,presence_only,,AppState.DETERMINE_DISTANCE_ESTIMATE,,True,0.5204729922115796,1.0964556964502645,3.4759554642201205,1,10.139135837554932,1.1368548767672706,4.731978250757754,0.2402493875251796,3,262.44330488936083,25.726143279363974,10.201424365449922,96.16702998559329,24.70222270682894,3.893051695105753,22.4894323873429,19.905144780233073,23686.296875,2661.3814555055787,9387.500000000011,26891.962623412477,,,,,,,,,,,,,,1771527531686,38,False,52.51193046569824,16,
11.738958835601807,1771527531.7389588,presence_only,,AppState.DETERMINE_DISTANCE_ESTIMATE,,True,0.5204729922115796,1.1008154597410174,3.5029269096027713,1,10.139135837554932,1.1422695363101394,4.5548132795261385,0.2507829555151804,3,259.2725174044677,25.84768938043559,10.030781226838915,95.03042276029294,24.87230931177225,3.8207317851058407,28.39018867664602,19.76074634720453,23141.34375,1838.884195636293,7667.5,25987.74213054965,,,,,,,,,,,,,,1771527531738,39,False,52.43515968322754,16,
11.790023565292358,1771527531.7900236,presence_only,,AppState.DETERMINE_DISTANCE_ESTIMATE,,True,0.5204729922115796,1.1016101120521158,3.5225250418663587,1,10.139135837554932,1.1091659300067234,4.306450332409866,0.25755920633792173,3,264.79061598270437,25.752446304767233,10.282153890887049,104.46429563492018,24.660563784896407,4.236087079836521,24.00889588884864,9.698181368053895,24114.765625,2690.8702551822553,11674.500000000007,27377.762550619,,,,,,,,,,,,,,1771527531790,40,False,51.06472969055176,16,
11.859101295471191,1771527531.8591013,presence_only,,AppState.DETERMINE_DISTANCE_ESTIMATE,,True,0.5204729922115796,1.1023470491486578,3.5348360034994997,1,10.139135837554932,1.109354091684999,4.039585430458278,0.2746207774307488,3,265.50576735732125,25.91755108915033,10.2442459333368,105.80275353812868,24.527685479332206,4.31360527771639,14.088318664361111,7.8507899379358435,24927.578125,2672.0479720600497,9904.249999999993,27557.64291381932,,,,,,,,,,,,,,1771527531859,41,False,69.07773017883301,16,
11.891781330108643,1771527531.8917813,presence_only,,AppState.DETERMINE_DISTANCE_ESTIMATE,,True,0.5204729922115796,1.1068408464800492,3.560943830632854,1,10.139135837554932,1.1495693631994621,4.6574725702337245,0.24682257289063347,3,229.84990007067654,25.90263919600151,8.873609299908095,45.615110229506186,24.47141885805937,1.8640157520992853,63.896305825336256,63.896305825336256,16259.703125,2735.642942051554,8568.500000000002,21889.811826499572,,,,,,,,,,,,,,1771527531891,42,False,32.68003463745117,16,
11.934245824813843,1771527531.9342458,presence_only,,AppState.DETERMINE_DISTANCE_ESTIMATE,,True,0.5204729922115796,1.1086468501391598,3.59905610809955,1,10.139135837554932,1.125818932423461,5.237884039167477,0.21493773512165498,3,186.42093665948573,25.7507147906149,7.2394470665408175,41.304178435722456,24.344048635007745,1.6966848470154903,88.3171922175985,64.0548335176887,12270.484375,2214.7319929366427,8066.000000000002,13920.565627775935,,,,,,,,,,,,,,1771527531934,43,False,42.464494705200195,16,
11.986904621124268,1771527531.9869046,presence_only,,AppState.DETERMINE_DISTANCE_ESTIMATE,,True,0.5204729922115796,1.1167042812272714,3.6424347369921266,1,10.139135837554932,1.1933170106351862,5.551094408265508,0.2149696839317636,3,200.26678495509432,25.690801300748788,7.795272035421567,51.963516348010934,24.22308661682557,2.145206231057747,85.19500253635746,50.14481895158328,14327.28125,2193.725280977187,8044.5,16256.225689410167,,,,,,,,,,,,,,1771527531986,44,False,52.658796310424805,16,
12.039434671401978,1771527532.0394347,presence_only,,AppState.DETERMINE_DISTANCE_ESTIMATE,,True,0.40036384016275356,1.115055793432723,3.684079507429074,0,10.139135837554932,1.0993814242752453,5.558094177091699,0.19779827204236108,3,187.76357515836236,25.659571095916334,7.317486892091,62.8067783463696,25.946253457540816,2.4206492257823555,60.291181150907114,38.55237789695532,16122.234375,2264.5813328377303,8650.0,12154.72121905072,,,,,,,,,,,,,,1771527532039,45,False,52.53005027770996,16,
12.092031955718994,1771527532.092032,presence_only,,AppState.DETERMINE_DISTANCE_ESTIMATE,,True,0.40036384016275356,1.1065637973589848,3.719751429724126,0,10.139135837554932,1.0258190798161548,5.360659855296516,0.19136059875376157,3,178.18399242426352,25.60473956778848,6.9590238145388215,124.2346727216279,25.86726762587017,4.802775249156062,59.68647165209637,21.482872651011604,17046.28125,1575.7913757731183,5644.75,9258.608766653082,,,,,,,,,,,,,,1771527532092,46,False,52.5972843170166,16,
12.134972095489502,1771527532.134972,presence_only,,AppState.DETERMINE_DISTANCE_ESTIMATE,,True,0.40036384016275356,1.0990572981475268,3.7639580680457048,0,10.139135837554932,1.0276830119017926,5.8416700691598935,0.1759228096689931,0,174.94924487190565,25.65113206025203,6.82033231337106,174.94924487190565,25.896488812712846,6.755712951296532,67.80211995937414,67.80211995937414,20254.328125,3147.6059165046745,11453.749999999998,10300.626121592131,,,,,,,,,,,,,,1771527532134,47,False,42.94013977050781,16,
12.187829971313477,1771527532.18783,presence_only,,AppState.DETERMINE_DISTANCE_ESTIMATE,,True,0.40036384016275356,1.0940317813003642,3.808734081595662,0,10.139135837554932,1.0462474989234827,5.957982731993613,0.17560431874527963,3,162.56520326472082,25.66640836471004,6.333772959129943,156.51727141117686,25.936856189927685,6.0345506124186405,66.78716072456334,46.364529998619105,20454.15625,2831.9073324613637,11731.249999999998,6185.932195549001,,,,,,,,,,,,,,1771527532187,48,False,52.85787582397461,16,
12.240280151367188,1771527532.2402802,presence_only,,AppState.DETERMINE_DISTANCE_ESTIMATE,,True,0.40036384016275356,1.0895665173940314,3.8493275214746903,0,10.139135837554932,1.0471093059515981,5.838406075547064,0.17934848864964134,2,237.3143517836627,25.555659956325105,9.28617582875767,80.36255735726682,25.77330738838774,3.118053734553153,157.8164628654237,27.97658059073858,36439.5625,2396.6476252974176,8193.5,18369.20129661033,,,,,,,,,,,,,,1771527532240,49,False,52.45018005371094,16,
12.292566537857056,1771527532.2925665,presence_only,,AppState.DETERMINE_DISTANCE_ESTIMATE,,True,0.6405821442604057,1.0892695118114266,3.902418131464845,2,10.139135837554932,1.086445484142569,6.556948630972586,0.16569376170569813,3,261.3441815881884,25.6480454103458,10.189633455365719,185.7057484301442,25.350721766180804,7.325461978386745,99.74200681304374,99.74200681304374,33840.9375,3864.744772964476,14396.999999999996,22793.277373853158,,,,,,,,,,,,,,1771527532292,50,False,52.286386489868164,16,
12.334901571273804,1771527532.3349016,presence_only,,AppState.DETERMINE_DISTANCE_ESTIMATE,,True,0.6405821442604057,1.0919712470323315,3.951862334569139,2,10.139135837554932,1.117660242339586,6.473516692888096,0.1726511717185828,3,316.06918002630374,25.56582518806973,12.362956317225942,125.36622912989765,25.40977501630836,4.933779580673265,81.50509779367223,37.00369441596506,32781.234375,2919.937019693164,11240.749999999985,39962.13598660688,,,,,,,,,,,,,,1771527532334,51,False,42.33503341674805,16,
12.387268781661987,1771527532.3872688,presence_only,,AppState.DETERMINE_DISTANCE_ESTIMATE,,True,0.5204729922115796,1.0947098710222574,4.001716551505577,1,10.139135837554932,1.120749616990397,6.594135832200374,0.16996156059564463,3,343.80372307466365,25.49670869908126,13.484239362767944,12.918766630371492,24.157186356703868,0.534779441573982,102.58921563049745,90.00066699599802,34244.859375,2914.143303797595,10298.5,49260.879126515174,,,,,,,,,,,,,,1771527532387,52,False,52.367210388183594,16,
12.440192461013794,1771527532.4401925,presence_only,,AppState.DETERMINE_DISTANCE_ESTIMATE,,True,0.7606912963092318,1.113831403265536,4.067202792577967,3,10.139135837554932,1.2956452791273494,7.537973569414613,0.17188243856579144,3,380.3176355446194,25.502033774040115,14.913227662526738,380.3176355446194,27.554441394705776,13.802407752816576,130.63463678180867,130.63463678180867,43866.515625,4400.004484611308,17472.500000000015,60415.458000214916,,,,,,,,,,,,,,1771527532440,53,False,52.92367935180664,16,
12.493061542510986,1771527532.4930615,presence_only,,AppState.DETERMINE_DISTANCE_ESTIMATE,,True,0.7606912963092318,1.129512511304307,4.1530511151139855,3,10.139135837554932,1.2786136917988207,8.788860532058967,0.14548116755173934,3,398.4368872544308,25.544237598532234,15.597916583023288,398.4368872544308,27.43415688707915,14.52338735540154,139.69786631218932,139.69786631218932,49921.734375,4898.209274562709,20351.750000000007,64602.165006205585,,,,,,,,,,,,,,1771527532493,54,False,52.86908149719238,16,
12.535307168960571,1771527532.5353072,presence_only,,AppState.DETERMINE_DISTANCE_ESTIMATE,,True,0.7606912963092318,1.1651803062483144,4.257845211222326,3,10.139135837554932,1.5043215403141073,10.021520497181037,0.15010911174478467,3,417.92065727988364,25.486577310730514,16.39767679152157,417.92065727988364,27.448286875287693,15.225746479679984,149.4907808995137,149.4907808995137,55698.09375,4370.337142739782,17098.0,71567.92405078183,,,,,,,,,,,,,,1771527532535,55,False,42.24562644958496,16,
12.587723731994629,1771527532.5877237,presence_only,,AppState.DETERMINE_DISTANCE_ESTIMATE,,True,0.7606912963092318,1.1873630617447066,4.378045785128816,3,10.139135837554932,1.3982840644541872,11.109277923892252,0.12586633207916156,3,428.9231064538258,25.401849335222558,16.885507065904434,428.9231064538258,27.568797845616952,15.558281098806063,150.7225258187192,150.7225258187192,57343.6875,2527.3970838653836,9725.499999999993,74497.15867957703,,,,,,,,,,,,,,1771527532587,56,False,52.41656303405762,16,
12.640300512313843,1771527532.6403005,presence_only,,AppState.DETERMINE_DISTANCE_ESTIMATE,,True,0.7606912963092318,1.2181516947409077,4.511307018304352,3,10.139135837554932,1.5109002373946407,12.107197309309893,0.12479355863045467,3,441.6706652727799,25.313654657680164,17.447921733471585,441.6706652727799,27.715810116502162,15.93569386571424,153.51815176947406,153.51815176947406,62163.75,4924.501951339853,16552.000000000022,79119.9765132117,,,,,,,,,,,,,,1771527532640,57,False,52.57678031921387,16,
12.692837476730347,1771527532.6928375,presence_only,,AppState.DETERMINE_DISTANCE_ESTIMATE,,True,0.7606912963092318,1.2511978308375773,4.653081646315942,3,10.139135837554932,1.5654114623369249,12.876010070988142,0.12157581840841282,3,445.28218756480703,25.47353130026513,17.480190802705565,445.28218756480703,27.94329419582159,15.935207367764665,147.5637405065754,147.5637405065754,65502.375,6123.745927101117,22570.0,79667.37389584859,,,,,,,,,,,,,,1771527532692,58,False,52.536964416503906,16,
12.735185146331787,1771527532.7351851,presence_only,,AppState.DETERMINE_DISTANCE_ESTIMATE,,True,0.7606912963092318,1.2771780436564164,4.806839378307223,3,10.139135837554932,1.5242065311338384,13.878545565792768,0.10982465877266068,3,468.464579770979,25.48115155518162,18.38474916402793,468.464579770979,27.85569769123679,16.81754967859007,160.3512396408545,160.3512396408545,73504.078125,6238.2989397643705,25297.750000000015,86506.6608286856,,,,,,,,,,,,,,1771527532735,59,False,42.34766960144043,16,
12.793789625167847,1771527532.7937896,presence_only,,AppState.DETERMINE_DISTANCE_ESTIMATE,,True,0.7606912963092318,1.2979050297352275,4.967214128883295,3,10.139135837554932,1.4949840935872936,14.589699163447655,0.10246846605516637,3,465.17658357472163,25.365922248372414,18.338642648257377,465.17658357472163,27.82466425035387,16.71813824499562,147.50135413447174,147.50135413447174,70110.546875,5449.763702746337,22443.499999999985,86718.62909374876,,,,,,,,,,,,,,1771527532793,60,False,58.60447883605957,16,
12.836169242858887,1771527532.8361692,presence_only,,AppState.DETERMINE_DISTANCE_ESTIMATE,,True,0.7606912963092318,1.3223057324164302,5.129124973609984,3,10.139135837554932,1.554315713195069,15.005686501937978,0.10358177967337569,3,463.5596054581331,25.412486075418883,18.24141109469356,463.5596054581331,27.954212842226287,16.582817339836502,137.0030475481082,137.0030475481082,68736.328125,6154.196946824397,23530.999999999993,87070.51114805037,,,,,,,,,,,,,,1771527532836,61,False,42.37961769104004,16,
12.905761480331421,1771527532.9057615,presence_only,,AppState.DETERMINE_DISTANCE_ESTIMATE,,True,0.7606912963092318,1.348985083727596,5.287533410465185,3,10.139135837554932,1.6026612120654293,15.108856495487698,0.10607428910573041,3,463.87014110901765,25.46156774429096,18.218443803202536,463.87014110901765,28.370148198932668,16.35064215526793,128.95403799586188,128.95403799586188,69869.703125,5655.807544309787,21926.75,87131.44204552323,,,,,,,,,,,,,,1771527532905,62,False,69.59223747253418,16,
12.938316106796265,1771527532.938316,presence_only,,AppState.DETERMINE_DISTANCE_ESTIMATE,,True,0.7606912963092318,1.3695271570109768,5.441684283039898,3,10.139135837554932,1.5648480086232541,15.153189255246815,0.10326855833191383,3,461.9454783846249,25.530797273251707,18.093656591386814,461.9454783846249,28.59200046543683,16.156458829345883,119.29592472733452,119.29592472733452,69946.390625,4055.010780434915,21027.750000000007,85686.2435749012,,,,,,,,,,,,,,1771527532938,63,False,32.55462646484375,16,
12.990908145904541,1771527532.9909081,presence_only,,AppState.DETERMINE_DISTANCE_ESTIMATE,,True,0.7606912963092318,1.3814652410021953,5.591983536738671,3,10.139135837554932,1.4949765063753035,15.211135773460219,0.09828171469519041,3,471.17574431548366,25.47475745001902,18.49578922277967,471.17574431548366,28.79304809491078,16.36421898598504,120.70161514597794,120.70161514597794,71149.0,5920.802774302443,21579.999999999993,89326.27543846762,,,,,,,,,,,,,,1771527532990,64,False,52.59203910827637,16,
13.043439626693726,1771527533.0434396,presence_only,,AppState.DETERMINE_DISTANCE_ESTIMATE,,True,0.7606912963092318,1.3909506369434903,5.736358363198788,3,10.139135837554932,1.4811409301809473,15.12072208310636,0.09795437823288869,3,463.82029453765824,25.396629311693523,18.263065103125147,463.82029453765824,28.888484174951927,16.055542814661184,106.44573810580744,106.44573810580744,68532.625,3807.170375176949,13082.0,86794.30852167589,,,,,,,,,,,,,,1771527533043,65,False,52.53148078918457,16,
13.085952758789062,1771527533.0859528,presence_only,,AppState.DETERMINE_DISTANCE_ESTIMATE,,True,0.7606912963092318,1.39961848960126,5.875917250167661,3,10.139135837554932,1.4820353099197354,15.086803790113276,0.09823388243391307,3,472.3090098455142,25.37791608498631,18.611024177289455,472.3090098455142,28.921480592618504,16.33073411703994,107.9373323982116,107.9373323982116,70343.609375,3980.2332374819252,12713.749999999985,90239.72131970574,,,,,,,,,,,,,,1771527533085,66,False,42.513132095336914,16,
13.13837742805481,1771527533.1383774,presence_only,,AppState.DETERMINE_DISTANCE_ESTIMATE,,True,0.7606912963092318,1.411737096135882,6.009197706591399,3,10.139135837554932,1.5269648297751879,14.938988286981859,0.10221340296542056,3,464.3103841316711,25.292060569561894,18.357950030852543,464.3103841316711,28.81961616875954,16.110914919778583,93.85451518191752,93.85451518191752,72149.3125,5055.802211707481,14596.0,86581.46696684492,,,,,,,,,,,,,,1771527533138,67,False,52.42466926574707,16,
13.190757989883423,1771527533.190758,presence_only,,AppState.DETERMINE_DISTANCE_ESTIMATE,,True,0.7606912963092318,1.4210974659549018,6.135805582646551,3,10.139135837554932,1.5100989693199969,14.745141154396912,0.10241332744158106,3,476.67230702155337,25.32707685067415,18.82066018961224,476.67230702155337,28.994967865214342,16.439828773770905,99.75006311681807,99.75006311681807,74872.4375,4470.405083801831,14369.5,91039.38675222227,,,,,,,,,,,,,,1771527533190,68,False,52.38056182861328,16,
13.243085384368896,1771527533.2430854,presence_only,,AppState.DETERMINE_DISTANCE_ESTIMATE,,True,0.7606912963092318,1.433417709560687,6.252614011645535,3,10.139135837554932,1.5505626754049857,14.312395612575406,0.10833704693952606,3,467.4397103504365,25.314129228678674,18.46556545987776,467.4397103504365,29.28981700012794,15.959120206604075,85.0068327939004,85.0068327939004,71941.375,3698.4591660751144,16116.000000000015,88274.96584988764,,,,,,,,,,,,,,1771527533243,69,False,52.32739448547363,16,
13.285309791564941,1771527533.2853098,presence_only,,AppState.DETERMINE_DISTANCE_ESTIMATE,,True,0.7606912963092318,1.452654475187451,6.360803016091524,3,10.139135837554932,1.6355640283105617,13.934033327310788,0.11737908111554947,3,466.17061153884424,25.271241711892877,18.446684054349944,466.17061153884424,29.370452791202844,15.872094817094595,78.63984522196307,78.63984522196307,67859.171875,4540.1812349552965,17297.249999999978,89619.90281139877,,,,,,,,,,,,,,1771527533285,70,False,42.22440719604492,16,
13.337619543075562,1771527533.3376195,presence_only,,AppState.DETERMINE_DISTANCE_ESTIMATE,,True,0.7606912963092318,1.4689818238652683,6.460447494249762,3,10.139135837554932,1.6242276748720392,13.53520544348469,0.12000022323516911,3,466.15182025950514,25.224906194441864,18.47982373642042,466.15182025950514,29.43500784532516,15.836646713097522,73.83466472285761,73.83466472285761,67685.75,4747.732124722814,19863.500000000007,89550.17008893412,,,,,,,,,,,,,,1771527533337,71,False,52.30975151062012,16,
13.390020847320557,1771527533.3900208,presence_only,,AppState.DETERMINE_DISTANCE_ESTIMATE,,True,0.7606912963092318,1.4693478468255523,6.55214520474013,3,10.139135837554932,1.4728281146313422,13.154380360046586,0.11196484168822995,3,466.61153878252946,25.21160772743782,18.507805761875623,466.61153878252946,29.423945176726768,15.858224856119682,69.77139840626387,69.77139840626387,65911.5,4394.183076096172,15500.250000000007,89442.42518875751,,,,,,,,,,,,,,1771527533390,72,False,52.40130424499512,16,
13.442368745803833,1771527533.4423687,presence_only,,AppState.DETERMINE_DISTANCE_ESTIMATE,,True,0.7606912963092318,1.4642491510970492,6.636863566018928,3,10.139135837554932,1.415769059625035,12.821303939371152,0.11042317272950096,3,479.4231967296743,25.254370223620192,18.9837716191509,479.4231967296743,29.618067332296363,16.186849443437893,77.55546347792045,77.55546347792045,67673.265625,5504.796645219932,19917.749999999985,95460.14450842347,,,,,,,,,,,,,,1771527533442,73,False,52.34789848327637,16,
13.484617710113525,1771527533.4846177,presence_only,,AppState.DETERMINE_DISTANCE_ESTIMATE,,True,0.7606912963092318,1.4645682110376943,6.7147486460076165,3,10.139135837554932,1.4676019388636268,12.478244565170636,0.11761285259966733,3,480.74712768902737,25.191691367603703,19.0835589661193,480.74712768902737,29.79606058256265,16.13458686395064,74.0772776471349,74.0772776471349,70010.3125,6959.011980597085,25968.999999999993,95822.33722930128,,,,,,,,,,,,,,1771527533484,74,False,42.24896430969238,16,
13.537049055099487,1771527533.537049,presence_only,,AppState.DETERMINE_DISTANCE_ESTIMATE,,True,0.7606912963092318,1.4573580220189755,6.783214992150445,3,10.139135837554932,1.3888011514444243,11.91819095286261,0.11652784863245733,3,459.75929928740976,25.096440017074727,18.319701876293458,459.75929928740976,29.819884658104915,15.417876512377163,49.85740445841077,49.85740445841077,66349.625,5229.108200287356,19527.25,85753.4307961299,,,,,,,,,,,,,,1771527533537,75,False,52.431344985961914,16,
13.589473485946655,1771527533.5894735,presence_only,,AppState.DETERMINE_DISTANCE_ESTIMATE,,True,0.7606912963092318,1.4500472679459246,6.840404587789148,3,10.139135837554932,1.3805341914527405,11.18681385633057,0.12340727297863233,3,441.9890455726816,25.111624898678663,17.600973546651595,441.9890455726816,29.771550351191056,14.846020457250159,53.725304814114125,30.133709715982036,61043.546875,5278.720759168027,16626.75,78812.59582456475,,,,,,,,,,,,,,1771527533589,76,False,52.42443084716797,16,
13.642024278640747,1771527533.6420243,presence_only,,AppState.DETERMINE_DISTANCE_ESTIMATE,,True,0.7606912963092318,1.4388143249722107,6.883648962467769,3,10.139135837554932,1.3320077744614107,10.213465812721513,0.13041682409823066,3,421.06454560138405,25.05243345318724,16.807331166905374,421.06454560138405,29.82798316151838,14.116426957438096,83.34796694728944,8.648560147228125,57429.78125,4669.242377713529,18598.749999999993,70501.80512494681,,,,,,,,,,,,,,1771527533642,77,False,52.5507926940918,16,
13.684386253356934,1771527533.6843863,presence_only,,AppState.DETERMINE_DISTANCE_ESTIMATE,,True,0.7606912963092318,1.433336858922735,6.915133057558887,3,10.139135837554932,1.3812552935080868,9.370892474666153,0.14739847854351748,3,424.8973451390936,25.077218105017277,16.94355982161911,424.8973451390936,29.8923371607615,14.214256410924785,43.048913572787484,11.721504118925907,57974.75,7874.546180872107,24672.75,72261.77349564794,,,,,,,,,,,,,,1771527533684,78,False,42.36197471618652,16,
13.737074613571167,1771527533.7370746,presence_only,,AppState.DETERMINE_DISTANCE_ESTIMATE,,True,0.7606912963092318,1.4302587349642553,6.934739300141734,3,10.139135837554932,1.400990910599864,8.483632464186579,0.16514045326090776,3,413.827419116351,25.072625721627716,16.505148830219134,413.827419116351,29.90394290410245,13.838557023386386,7.734351551514891,0.6119105234529343,55636.375,3941.5256573835086,11933.75,68856.05476338392,,,,,,,,,,,,,,1771527533737,79,False,52.6883602142334,16,
13.787389039993286,1771527533.787389,presence_only,,AppState.DETERMINE_DISTANCE_ESTIMATE,,True,0.7606912963092318,1.4233579284351927,6.944916149139268,3,10.139135837554932,1.3577427692701953,7.759064068941972,0.1749879569276903,3,408.60206133994234,25.066822629086396,16.300512728307204,408.60206133994234,29.79754729293711,13.712607192440982,13.293037470459609,4.332584136905098,54069.046875,3679.509271393604,14897.75,67096.64623014152,,,,,,,,,,,,,,1771527533787,80,False,50.31442642211914,16,
13.839789152145386,1771527533.8397892,presence_only,,AppState.DETERMINE_DISTANCE_ESTIMATE,,True,0.7606912963092318,1.423885704921376,6.947278422277272,3,10.139135837554932,1.4289039789446532,7.138622546455533,0.2001652236752547,3,403.086999177907,25.07823857130067,16.073178266320635,403.086999177907,29.79842245120402,13.527125465264117,14.618902606106076,9.248129175706254,53239.90625,4144.050833607553,17919.250000000007,65733.23707029237,,,,,,,,,,,,,,1771527533839,81,False,52.40011215209961,16,
13.892373323440552,1771527533.8923733,presence_only,,AppState.DETERMINE_DISTANCE_ESTIMATE,,True,0.7606912963092318,1.4161194321850783,6.942457152853246,3,10.139135837554932,1.3422751330347042,6.54711306008312,0.2050178636769479,3,406.6442317923617,25.16141868203416,16.16141907238934,406.6442317923617,29.709445388163957,13.687372028179249,7.148854355944991,5.344439161030721,52293.875,4485.8324426047175,14619.999999999993,66711.86515178013,,,,,,,,,,,,,,1771527533892,82,False,52.584171295166016,16,
13.951959133148193,1771527533.9519591,presence_only,,AppState.DETERMINE_DISTANCE_ESTIMATE,,True,0.7606912963092318,1.404897556786578,6.9304479945205175,3,10.139135837554932,1.2981962404547318,5.933687852904049,0.21878404668701745,3,411.5415237630949,25.227413100628958,16.313266925355943,411.5415237630949,29.6882425648789,13.862104597463953,24.039038066867583,0.4199252136899645,54915.4375,4628.380701494717,16091.999999999985,68148.08682712425,,,,,,,,,,,,,,1771527533951,83,False,59.5858097076416,16,
13.984569787979126,1771527533.9845698,presence_only,,AppState.DETERMINE_DISTANCE_ESTIMATE,,True,0.7606912963092318,1.3933358691244435,6.913774579948994,3,10.139135837554932,1.2834035049910597,5.513207755941012,0.2327870745257662,3,425.3821902859827,25.22184171991333,16.8656276172436,425.3821902859827,29.782017972537943,14.283188958650998,28.962801963581796,12.603696913297256,60560.171875,3131.6786142762526,10266.249999999978,71641.64235599029,,,,,,,,,,,,,,1771527533984,84,False,32.61065483093262,16,
14.037250995635986,1771527534.037251,presence_only,,AppState.DETERMINE_DISTANCE_ESTIMATE,,True,0.7606912963092318,1.3837470710065716,6.891908408361048,3,10.139135837554932,1.2925735955504118,5.033283823385654,0.25680522709409875,3,418.0716240221285,25.223304738445233,16.574815566032118,418.0716240221285,29.893298334315922,13.985463207591883,30.88541544584531,4.970888931622824,59930.046875,5004.574544244144,20680.5,68307.62310655766,,,,,,,,,,,,,,1771527534037,85,False,52.68120765686035,16,
14.089816570281982,1771527534.0898166,presence_only,,AppState.DETERMINE_DISTANCE_ESTIMATE,,True,0.7606912963092318,1.375628062943704,6.865569103411737,3,10.139135837554932,1.298429839219654,4.600388877770949,0.28224349580780345,3,418.60456429666414,25.265105908974768,16.568486425041954,418.60456429666414,30.021515219049295,13.94348557121151,27.45067053452017,5.168760322459491,59714.25,3621.5608837040154,11751.500000000015,68464.4270794718,,,,,,,,,,,,,,1771527534089,86,False,52.565574645996094,16,
14.14246940612793,1771527534.1424694,presence_only,,AppState.DETERMINE_DISTANCE_ESTIMATE,,True,0.7606912963092318,1.3616821180898218,6.836581047778499,3,10.139135837554932,1.2290794451355795,4.314620207686783,0.28486387809082914,3,426.40695424089887,25.328061638734717,16.835356779610436,426.40695424089887,30.03846364078347,14.195364960269382,40.84216237910604,12.18147662724158,63355.125,5595.081578940559,25558.25,69675.86213646003,,,,,,,,,,,,,,1771527534142,87,False,52.652835845947266,16,
14.184792757034302,1771527534.1847928,presence_only,,AppState.DETERMINE_DISTANCE_ESTIMATE,,True,0.6405821442604057,1.3560453466625058,6.804885357678444,2,10.139135837554932,1.3024490528347628,4.015664628873581,0.32434208851643215,3,421.53405204235867,25.306463930355765,16.657169219128257,203.44276106868486,26.007993346095887,7.822316714465084,62.08641690712771,27.822741086911265,67291.40625,4048.701400483055,13881.75,65593.81640101301,,,,,,,,,,,,,,1771527534184,88,False,42.32335090637207,16,
14.237208366394043,1771527534.2372084,presence_only,,AppState.DETERMINE_DISTANCE_ESTIMATE,,True,0.40036384016275356,1.3527290091944557,6.777664672351784,0,10.139135837554932,1.3211961717073415,4.355023678278998,0.30337290196458216,3,428.7378278155544,25.23728315693034,16.9882718806375,136.13277640781445,24.513632830117537,5.55334973586648,53.72598972002024,50.58519419392309,66565.125,6863.884744739127,24497.0,69059.53632566342,,,,,,,,,,,,,,1771527534237,89,False,52.41560935974121,16,
14.289530515670776,1771527534.2895305,presence_only,,AppState.DETERMINE_DISTANCE_ESTIMATE,,True,0.40036384016275356,1.3380386410882399,6.755802574788473,0,10.139135837554932,1.1983577447434028,4.78821379409049,0.25027239718746846,3,435.0054058572146,25.31333584856462,17.184831285865332,144.19665662299525,24.552748721359535,5.872933342558065,55.07856392337733,55.07856392337733,71443.6875,4656.896576332384,20695.750000000015,69059.70880868405,,,,,,,,,,,,,,1771527534289,90,False,52.3221492767334,16,
14.341901540756226,1771527534.3419015,presence_only,,AppState.DETERMINE_DISTANCE_ESTIMATE,,True,0.40036384016275356,1.3252504925006614,6.734732791181553,0,10.139135837554932,1.2036565307708598,4.8173824829519285,0.24985695754501164,3,438.36693124168255,25.251527998894993,17.36001604510846,121.42622502985094,24.47917246506401,4.960389294131027,30.341238113716088,30.341238113716088,66436.421875,5059.261738786869,21024.25,74024.01110272977,,,,,,,,,,,,,,1771527534341,91,False,52.37102508544922,16,
14.384165048599243,1771527534.384165,presence_only,,AppState.DETERMINE_DISTANCE_ESTIMATE,,True,0.40036384016275356,1.3307138915051082,6.712621704135471,0,10.139135837554932,1.3826617027861436,4.678401695895902,0.29554146744251,3,450.97564374365055,25.3240986796649,17.808161681504313,114.89711770209904,24.627153848180914,4.66546473074965,30.939030802552907,22.362466600887473,68288.546875,5684.109924563517,23774.25,80557.32005926955,,,,,,,,,,,,,,1771527534384,92,False,42.26350784301758,16,
14.43651032447815,1771527534.4365103,presence_only,,AppState.DETERMINE_DISTANCE_ESTIMATE,,True,0.5204729922115796,1.3394732279029082,6.69599623864252,1,10.139135837554932,1.42275990598914,5.149827947798012,0.2762732891535177,3,429.687445454542,25.342260151969896,16.955371891097343,36.535780835367405,24.03431390319365,1.520150771975747,72.40967336665581,72.40967336665581,54607.984375,4365.308083046614,14705.25,77219.10822935642,,,,,,,,,,,,,,1771527534436,93,False,52.34527587890625,16,
14.48877239227295,1771527534.4887724,presence_only,,AppState.DETERMINE_DISTANCE_ESTIMATE,,True,0.5204729922115796,1.342637958333897,6.683619993314833,1,10.139135837554932,1.3727292657874708,5.5202529325122764,0.24867144355903054,3,398.2878640584596,25.31047758283719,15.736086477988822,52.08504163865092,23.969976239142092,2.1729283799382757,53.398794433406636,53.398794433406636,47415.984375,4157.700583770688,16948.500000000007,65729.20764308247,,,,,,,,,,,,,,1771527534488,94,False,52.262067794799805,16,
14.541141510009766,1771527534.5411415,presence_only,,AppState.DETERMINE_DISTANCE_ESTIMATE,,True,0.5204729922115796,1.3556849513542384,6.673780613417867,1,10.139135837554932,1.4797400918728076,5.739039523206148,0.25783758512753796,3,389.9946814541193,25.322011021801046,15.401410302797476,55.35132817963811,23.9847776952734,2.3077690725579765,71.25088200323202,47.080479417817166,44969.4375,4548.229458485055,17151.999999999993,64449.90705416894,,,,,,,,,,,,,,1771527534541,95,False,52.369117736816406,16,
14.583393096923828,1771527534.583393,presence_only,,AppState.DETERMINE_DISTANCE_ESTIMATE,,True,0.5204729922115796,1.3527533493553299,6.666533393856269,1,10.139135837554932,1.3248787044197425,5.970800315942778,0.2218929848751195,3,383.98975104324074,25.22448601505081,15.222896942237035,48.72519400936234,24.07539167357765,2.023858829296372,66.35595985574824,50.43699631107444,42790.1875,2491.2706150363806,7887.5,61386.558147507065,,,,,,,,,,,,,,1771527534583,96,False,42.2515869140625,16,
14.63596773147583,1771527534.6359677,presence_only,,AppState.DETERMINE_DISTANCE_ESTIMATE,,True,0.5204729922115796,1.3442376793270512,6.663664188212825,1,10.139135837554932,1.2632678619660067,6.385351240798787,0.19783842957558861,3,386.5949966130576,25.251928197617396,15.309523834073971,30.677888005858552,24.204045795236922,1.2674694249102825,64.31503072784858,64.31503072784858,42604.71875,3895.2077937943086,13744.499999999985,62633.25469552802,,,,,,,,,,,,,,1771527534635,97,False,52.57463455200195,16,
14.68847107887268,1771527534.688471,presence_only,,AppState.DETERMINE_DISTANCE_ESTIMATE,,True,0.5204729922115796,1.3376542705609948,6.662556848042955,1,10.139135837554932,1.2750570346851902,6.5540375113957205,0.19454527568291474,3,382.82863741496664,25.257896308920685,15.156790285206805,42.45889556382737,24.202411889141242,1.7543249720959766,67.79905761429752,49.33579229453723,42502.578125,3641.7714769038184,11630.499999999985,61252.069024610544,,,,,,,,,,,,,,1771527534688,98,False,52.503347396850586,16,
14.740941047668457,1771527534.740941,presence_only,,AppState.DETERMINE_DISTANCE_ESTIMATE,,True,0.5204729922115796,1.3295768443449478,6.656603404322637,1,10.139135837554932,1.2527739946233447,6.067212476011137,0.20648263092320332,3,375.4738672664184,25.19738355060774,14.901303799951918,82.54234235378833,24.201557134401927,3.410621138631025,39.50483872102352,8.68906983527556,45493.5,4212.018307029302,16306.25,56105.78819172968,,,,,,,,,,,,,,1771527534740,99,False,52.46996879577637,16,
14.788836002349854,1771527534.788836,presence_only,,AppState.DETERMINE_DISTANCE_ESTIMATE,,True,0.5204729922115796,1.3352906010367889,6.650214483152004,1,10.139135837554932,1.3896188963144924,6.014511502581838,0.23104434923549966,3,387.1497661193276,25.208651958191904,15.35781313281054,125.95275962141518,24.15404271529785,5.214562261928477,63.120146167225585,32.607538538778684,55873.453125,4610.856013104723,14875.999999999993,56908.650443715065,,,,,,,,,,,,,,1771527534788,100,False,47.894954681396484,16,
14.841357231140137,1771527534.8413572,presence_only,,AppState.DETERMINE_DISTANCE_ESTIMATE,,True,0.40036384016275356,1.3367455716750778,6.642432156464779,0,10.139135837554932,1.350579915473831,5.868084165824533,0.23015687523866693,3,400.25902257944165,25.194044457078363,15.887049149470732,125.59833361255235,24.541424015038896,5.117809526067775,53.1911674271726,37.042898377006864,49417.0,3667.1252002590522,13692.249999999993,65231.0089255959,,,,,,,,,,,,,,1771527534841,101,False,52.5212287902832,16,
14.884124755859375,1771527534.8841248,presence_only,,AppState.DETERMINE_DISTANCE_ESTIMATE,,True,0.40036384016275356,1.323983063040828,6.637577733903069,0,10.139135837554932,1.2026328944983251,6.15455864366756,0.19540522138664024,3,403.6108167607132,25.124109580635945,16.064681434749268,145.54457274749203,24.48249551095022,5.944842210895121,53.51968270623979,53.51968270623979,51278.390625,3001.572723132969,9169.500000000015,65092.16103358543,,,,,,,,,,,,,,1771527534884,102,False,42.76752471923828,16,
14.936740636825562,1771527534.9367406,presence_only,,AppState.DETERMINE_DISTANCE_ESTIMATE,,True,0.40036384016275356,1.3125799153876907,6.636820174066436,0,10.139135837554932,1.204155002286379,6.561442339022647,0.1835198634515811,3,388.3422348988711,25.08343855486612,15.48201750864224,160.33730314948545,24.50071781061192,6.544187985933002,64.15360600401794,64.15360600401794,55396.90625,4582.1523044537635,18022.499999999993,56129.41655608722,,,,,,,,,,,,,,1771527534936,103,False,52.61588096618652,16,
15.006784677505493,1771527535.0067847,presence_only,,AppState.DETERMINE_DISTANCE_ESTIMATE,,True,0.40036384016275356,1.3177944001884894,6.642189474380167,0,10.139135837554932,1.3673754525954689,7.176439330005878,0.19053675360811725,3,399.77691533060033,25.071908160667405,15.945212975126548,182.95051414248607,24.591417435430927,7.439608335526615,81.4845199953649,81.4845199953649,62013.640625,4206.382267579333,13921.25,58470.04066825015,,,,,,,,,,,,,,1771527535006,104,False,70.04404067993164,16,
15.039345502853394,1771527535.0393455,presence_only,,AppState.DETERMINE_DISTANCE_ESTIMATE,,True,0.40036384016275356,1.3224428834413513,6.654718863252402,0,10.139135837554932,1.3666422052492895,7.901403497179692,0.17296195613401258,3,411.4644672538565,25.12766430436801,16.374958780627914,198.44855284178817,24.59735587071455,8.067881518516867,91.07833520536761,91.07833520536761,69615.296875,5036.223289841951,17231.750000000007,58931.96162832237,,,,,,,,,,,,,,1771527535039,105,False,32.56082534790039,16,
15.092021942138672,1771527535.092022,presence_only,,AppState.DETERMINE_DISTANCE_ESTIMATE,,True,0.40036384016275356,1.3167088229782937,6.672878798033656,0,10.139135837554932,1.2621874727041311,8.479807442022222,0.14884624222720377,3,410.7202610201985,25.112366914246294,16.35529866246263,198.34137435555397,24.573494618682922,8.071354010702496,85.43290275286245,85.43290275286245,70988.25,4826.28667429733,21365.249999999993,57212.34549416201,,,,,,,,,,,,,,1771527535092,106,False,52.67643928527832,16,
15.134503602981567,1771527535.1345036,presence_only,,AppState.DETERMINE_DISTANCE_ESTIMATE,,True,0.40036384016275356,1.310887481823329,6.69401240798499,0,10.139135837554932,1.2555362377581436,8.796824209454996,0.14272608019902716,3,422.17504145200246,25.10723762665915,16.814874169467267,190.44079214417272,24.58440155839698,7.746407480534335,72.81221257276789,72.81221257276789,70158.875,4770.97903098122,20159.499999999993,63375.887159024125,,,,,,,,,,,,,,1771527535134,107,False,42.48166084289551,16,
15.195012331008911,1771527535.1950123,breathing_no_rate,,AppState.ESTIMATE_BREATHING_RATE,0.0000;3.0000,True,0.40036384016275356,1.299893905728639,6.715775248319549,0,10.139135837554932,1.1953633349601822,8.881195997278276,0.13459486033096416,3,428.01983197335613,25.07819590459077,17.06740921813822,181.08306968074072,24.587662829680962,7.3647939183053115,66.04474284078005,59.59142961631902,72730.5,4108.277201273059,14159.0,64960.21459859344,0,0.0,0.0,0.0,0.0,0.0,0.0,0.0,,0.0,120.0,0,3,1771527535195,108,False,60.50872802734375,16,0.0
15.239206314086914,1771527535.2392063,breathing_no_rate,,AppState.ESTIMATE_BREATHING_RATE,0.0000;3.0000,True,0.40036384016275356,1.2959214417746654,6.739193220902886,0,10.139135837554932,1.2581499358616326,9.06930100788958,0.13872622979746893,3,423.8683693450715,25.059332703810224,16.914591235851567,191.77001403047868,24.556498902076218,7.809338570102738,71.22627574505894,65.99988067875852,75176.125,5004.246800374905,20968.749999999978,61466.70989489135,0,0.0,0.0,3.092162985914023e-05,0.9999676612240112,0.0003092162985914022,2.435608606249351e-05,0.00042185978533758957,,0.0,120.0,0,3,1771527535239,109,False,44.19398307800293,16,-0.00042185978533758957
15.29335904121399,1771527535.293359,breathing_no_rate,,AppState.ESTIMATE_BREATHING_RATE,0.0000;3.0000,True,0.40036384016275356,1.2934356533822915,6.763355044759554,0,10.139135837554932,1.2697999522031307,9.167476653317614,0.13851139196575887,3,433.7736394855041,25.09023334099976,17.288545450049256,191.89857347046643,24.560298904053617,7.813364740075728,62.102591608303726,62.102591608303726,76358.625,6046.495345316783,23143.25,65922.81242096877,0,0.0,0.0,0.00018569452629436573,1.0000050196649524,0.0018556998890588935,0.00014317169188143104,0.002443660027166699,,0.0,120.0,0,3,1771527535293,110,False,54.152727127075195,16,-0.002443660027166699
15.337357521057129,1771527535.3373575,breathing_no_rate,,AppState.ESTIMATE_BREATHING_RATE,0.0000;3.0000,True,0.40036384016275356,1.2882642635768644,6.784543115623769,0,10.139135837554932,1.2390929726910367,8.89277382330949,0.13933706143563707,3,436.7125279073752,25.11605158740901,17.387785909347187,171.19620505431772,24.573789936144294,6.966617908438601,46.32011322621801,38.87980948557376,73262.25,4786.746436287647,17616.750000000007,69014.07671580883,0,0.0,0.0,0.0005812200778179505,1.0000225000680503,0.005803134270564478,0.00046422289415631396,0.007648622662336131,,0.0,120.0,0,3,1771527535337,111,False,43.99847984313965,16,-0.007648622662336131
15.39150333404541,1771527535.3915033,breathing_no_rate,,AppState.ESTIMATE_BREATHING_RATE,0.0000;3.0000,True,0.40036384016275356,1.2808989912343471,6.801254837343628,0,10.139135837554932,1.2108675369380235,8.46408507488118,0.14305947141155861,3,436.4411830361567,25.12810871183074,17.36864433467307,161.6057727349181,24.59847971151293,6.5697463674029954,34.66005285471982,27.50626243937137,72215.421875,5372.310706383961,17682.999999999993,69378.72497549477,0,0.0,0.0,0.0013925546969397746,1.0000165336536613,0.013909396850571373,0.0010994262082127406,0.01726182283404201,,0.0,120.0,0,3,1771527535391,112,False,54.14581298828125,16,-0.01726182283404201
15.435542106628418,1771527535.435542,breathing_no_rate,,AppState.ESTIMATE_BREATHING_RATE,0.0000;3.0000,True,0.40036384016275356,1.265866963665499,6.81227655431116,0,10.139135837554932,1.1229374557378788,7.908946577329465,0.14198318886294295,3,444.3329313771938,25.111019060752362,17.69473912167809,151.18614354496907,24.59221346563401,6.147724105847323,28.36276350363181,16.04641217521973,71165.578125,3454.6034625902053,10841.5,73842.01263744365,0,0.0,0.0,0.0032652924643301667,1.0000462167929394,0.03255508459955325,0.002145356390156877,0.03190838159550827,,0.0,120.0,0,3,1771527535435,113,False,44.03877258300781,16,-0.03190838159550827
15.48969054222107,1771527535.4896905,breathing_no_rate,,AppState.ESTIMATE_BREATHING_RATE,0.0000;3.0000,True,0.40036384016275356,1.2544956614203018,6.818052618083562,0,10.139135837554932,1.146373545028603,7.392775776815994,0.15506672723236165,3,462.8944475053141,25.065043714655914,18.467729510329356,119.93282625078089,24.540935838882092,4.887051864414846,44.06756562307663,14.281120445812604,70153.59375,4152.853578296908,14924.250000000007,84751.52240956653,0,0.0,0.0,0.006489133665677148,1.0000703705996363,0.06459719838558847,0.003677708696199055,0.05173872982586026,,0.0,120.0,0,3,1771527535489,114,False,54.14843559265137,16,-0.05173872982586026
15.5439932346344,1771527535.5439932,breathing_no_rate,,AppState.ESTIMATE_BREATHING_RATE,0.0000;3.0000,True,0.40036384016275356,1.24805119171986,6.820983680487527,0,10.139135837554932,1.1867750346000134,7.112626832229957,0.1668546744299082,3,453.373828231185,25.01988895654914,18.120537185453436,105.14285297275322,24.54127634651626,4.28432700418185,34.263047151518634,27.30126792491174,65107.171875,4901.212828791996,17514.999999999993,82533.19802286588,0,0.0,0.0,0.011365874125212791,1.0000990258695812,0.11293589987580951,0.005737355892836328,0.07627262560112687,,0.0,120.0,0,3,1771527535543,115,False,54.30269241333008,16,-0.07627262560112687
15.588114023208618,1771527535.588114,breathing_no_rate,,AppState.ESTIMATE_BREATHING_RATE,0.0000;3.0000,True,0.40036384016275356,1.2468531734035124,6.825155840214139,0,10.139135837554932,1.2354620175757594,7.2402892098060505,0.1706371087679545,3,458.11600008212986,24.953947091798177,18.358458418561938,78.59511057470432,24.47302720524094,3.21149933403668,66.83494662520798,50.57072404237984,62604.34375,4756.043352832628,18310.0,86634.63037028268,0,0.0,0.0,0.01814865329172003,1.0001331705238938,0.1799377240538554,0.008394213337430496,0.10613043613388994,,0.0,120.0,0,3,1771527535588,116,False,44.12078857421875,16,-0.10613043613388994
15.642460823059082,1771527535.6424608,breathing_no_rate,,AppState.ESTIMATE_BREATHING_RATE,0.0000;3.0000,True,0.5204729922115796,1.2498973621862692,6.833227903794331,1,10.139135837554932,1.2788425196352817,7.636404956731859,0.1674665666257594,3,450.9197631646898,24.946881908585752,18.07519532096015,43.94887832755234,24.294805215356,1.8089825349974251,74.22498302307474,74.22498302307474,60609.5625,4594.547883514353,17291.250000000007,84808.41309862271,0,0.0,0.0,0.02710741557032438,1.0001726661801642,0.2680808802148981,0.011831536384996046,0.14441859541816898,,0.0,120.0,0,3,1771527535642,117,False,54.34679985046387,16,-0.14441859541816898
15.687711715698242,1771527535.6877117,breathing_no_rate,,AppState.ESTIMATE_BREATHING_RATE,0.0000;3.0000,True,0.5204729922115796,1.2516198261832607,6.844347875645601,1,10.139135837554932,1.2679975856295813,7.950794341474731,0.15948061678009767,3,449.36601607848587,24.87734100421775,18.063265522799895,48.31055946943691,24.254737964520967,1.9917988616538431,65.61007786278097,65.61007786278097,59968.03125,3958.2209396186986,14388.000000000007,83656.5725124118,0,0.0,0.0,0.0385631485036023,1.000215840279628,0.38031997920575417,0.016429136632892624,0.19743197102250362,,0.0,120.0,0,3,1771527535687,118,False,45.250892639160156,16,-0.19743197102250362
15.742725610733032,1771527535.7427256,breathing_no_rate,,AppState.ESTIMATE_BREATHING_RATE,0.0000;3.0000,True,0.40036384016275356,1.2624636163763894,6.853283368223804,0,10.139135837554932,1.3655699730721527,7.742372325986328,0.1763761693960916,3,444.82955390941595,24.864908299270212,17.889852982268263,78.59796832615967,24.35453012950056,3.2272422380970913,39.655114440041814,39.655114440041814,62457.734375,4780.85832666056,17546.749999999985,80687.07136156934,0,0.0,0.0,0.052855922298367795,1.000257136707416,0.5199063207485101,0.02272351369416883,0.271905246790214,,0.0,120.0,0,3,1771527535742,119,False,55.01389503479004,16,-0.271905246790214
15.785064935684204,1771527535.785065,breathing_no_rate,,AppState.ESTIMATE_BREATHING_RATE,0.0000;3.0000,True,0.40036384016275356,1.2806359158986718,6.8616040006002255,0,10.139135837554932,1.4534241719564092,7.689513855902955,0.18901379189942616,3,437.2430852798018,24.87829861778335,17.575280849377663,71.49284273617884,24.362203516813562,2.9345803093674805,43.91351262597736,43.91351262597736,62697.046875,3564.147313456826,12661.0,77591.91402320177,0,0.0,0.0,0.07017287011076634,1.0002780025858187,0.6893199980885788,0.031096084327386676,0.3676717500244743,,0.0,120.0,0,3,1771527535785,120,False,42.339324951171875,16,-0.3676717500244743
15.83925724029541,1771527535.8392572,breathing_no_rate,,AppState.ESTIMATE_BREATHING_RATE,0.0000;3.0000,True,0.40036384016275356,1.287803144985729,6.865383575381522,0,10.139135837554932,1.3559515382697156,7.24145441576099,0.18724850841168664,3,446.3292690450067,24.820994348938143,17.98192541170773,98.3007184612605,24.252203652063336,4.053269544800477,17.12937013926546,16.064258899025674,65180.40625,3011.1996906795166,10846.249999999978,78920.7855995949,0,0.0,0.0,0.09048210902219089,1.000169919835805,0.8936017674858391,0.041610301711521455,0.47888957433668433,,0.0,120.0,0,3,1771527535839,121,False,54.192304611206055,16,-0.47888957433668433
15.893857717514038,1771527535.8938577,breathing_no_rate,,AppState.ESTIMATE_BREATHING_RATE,0.0000;3.0000,True,0.40036384016275356,1.2971875835448297,6.865377356966791,0,10.139135837554932,1.386417940480104,6.864758619518965,0.20196164455601687,3,445.30405693750424,24.779471656303578,17.970684084632367,93.666379373818,24.226332206108967,3.866304588456546,23.856486307051796,19.438483280564967,66394.46875,4461.0845276777645,17187.750000000007,78630.35533928502,7,0.2734375,16.40625,0.1178131847454689,1.0001475601460392,1.1741551758057724,0.054139693677038456,0.5999223006989436,,0.0,120.0,0,3,1771527535893,122,False,54.60047721862793,16,-0.5999223006989436
15.938275575637817,1771527535.9382756,breathing_no_rate,,AppState.ESTIMATE_BREATHING_RATE,0.0000;3.0000,True,0.40036384016275356,1.3008896270380217,6.863141471173948,0,10.139135837554932,1.336089885445287,6.640668971550994,0.20119808576033144,3,446.515174189243,24.823803453551903,17.987379532984747,84.5825456654622,24.196010057283896,3.4957228676016356,26.785900295013818,26.785900295013818,64402.171875,5211.7249826403695,21983.750000000022,79724.79551954677,0,0.0,0.0,0.1599259894015691,1.000094579611973,1.582579224596446,0.06847266786760106,0.7260991282455689,,0.0,120.0,0,3,1771527535938,123,False,44.4178581237793,16,-0.7260991282455689
15.992511749267578,1771527535.9925117,breathing_no_rate,,AppState.ESTIMATE_BREATHING_RATE,0.0000;3.0000,True,0.40036384016275356,1.3142155576535193,6.86173070683194,0,10.139135837554932,1.4409229294187094,6.72135847916729,0.21437971708702044,3,442.59296781156615,24.84411274950127,17.814802736420365,62.23082661551266,24.24401854156767,2.566852789121891,46.14615891898948,46.14615891898948,61388.03125,5444.464940764238,24550.500000000007,80266.1863318957,0,0.0,0.0,0.2119763328707085,1.0002485977647,2.0822194950297557,0.08435492883719128,0.8533313144765284,,0.0,120.0,0,3,1771527535992,124,False,54.23617362976074,16,-0.8533313144765284
16.05453133583069,1771527536.0545313,breathing_no_rate,,AppState.ESTIMATE_BREATHING_RATE,0.0000;3.0000,True,0.40036384016275356,1.3184987753386337,6.8581136550431925,0,10.139135837554932,1.3592250308804317,6.498213987857993,0.2091690167807638,3,431.8810464482668,24.822052815365286,17.399086596235335,79.91149889878176,24.256123706648754,3.2944876049417173,31.912630058731224,26.73252972995253,57529.59375,4057.082467421745,14598.999999999985,75938.87500223119,0,0.0,0.0,0.27260936245302486,1.000348958244943,2.6624805508916296,0.10151240533218969,0.9781126341887985,,0.0,120.0,0,3,1771527536054,125,False,62.01958656311035,16,-0.9781126341887985
16.08894944190979,1771527536.0889494,breathing_no_rate,,AppState.ESTIMATE_BREATHING_RATE,0.0000;3.0000,True,0.40036384016275356,1.3229956572895394,6.853447059227285,0,10.139135837554932,1.3657535035952175,6.389116886721104,0.21376248511276805,3,435.7428283976685,24.82268968447139,17.554214870305007,71.94054076979127,24.26430815574658,2.964870883812466,32.59076624244628,32.59076624244628,58949.453125,4557.438902856678,15480.499999999993,77561.86294266953,0,0.0,0.0,0.3414750010319446,1.000439924336321,3.316722405697062,0.1196477923126248,1.096926492836903,,0.0,120.0,0,3,1771527536088,126,False,34.41810607910156,16,-1.096926492836903
16.143271684646606,1771527536.1432717,breathing_no_rate,,AppState.ESTIMATE_BREATHING_RATE,0.0000;3.0000,True,0.40036384016275356,1.3241611639256075,6.846895949736313,0,10.139135837554932,1.3352431879051818,6.195055096135739,0.2155337066368508,3,439.9721981628498,24.78602318725563,17.75081846818097,76.87754060842477,24.238728562904953,3.171682062684871,25.970226400676438,25.970226400676438,60900.5,5928.102937491894,19915.500000000022,78272.58218782366,0,0.0,0.0,0.4180843250169336,1.000532188906154,4.037631613263836,0.13846111658230204,1.2069656084494913,,0.0,120.0,0,3,1771527536143,127,False,54.322242736816406,16,-1.2069656084494913
16.187477827072144,1771527536.1874778,breathing_no_rate,,AppState.ESTIMATE_BREATHING_RATE,0.0000;3.0000,True,0.40036384016275356,1.3267241224661548,6.834540314331202,0,10.139135837554932,1.351093583030374,5.605144295176943,0.24104528119854185,3,436.5582587481881,24.819240884202586,17.589508912356273,102.78029510806046,24.24464624507926,4.239298609056077,7.278036205590496,0.06336426366394221,62642.984375,6265.510936909862,23008.0,75665.85473986536,0,0.0,0.0,0.5019110498357348,1.0006297405089395,4.817596994216909,0.15769822786266557,1.30735422886921,,0.0,120.0,0,3,1771527536187,128,False,44.20614242553711,16,-1.30735422886921
16.244009017944336,1771527536.244009,breathing_no_rate,,AppState.ESTIMATE_BREATHING_RATE,0.0000;3.0000,True,0.40036384016275356,1.3347134717163311,6.819352860346227,0,10.139135837554932,1.4106788564097472,5.308188532650682,0.2657552284488206,3,432.774705028494,24.808318535491654,17.444741544732526,118.34703009053501,24.20877444575699,4.88860063324638,14.559537448237691,14.559537448237691,64017.890625,5246.6099642477075,16412.5,73288.63289900972,0,0.0,0.0,0.5924807484237525,1.0007346768169059,5.64938233855202,0.17713653581607497,1.3973497683000935,,0.0,120.0,0,3,1771527536244,129,False,56.53119087219238,16,-1.3973497683000935
16.291725158691406,1771527536.2917252,breathing_no_rate,,AppState.ESTIMATE_BREATHING_RATE,0.0000;3.0000,True,0.40036384016275356,1.3300760794775466,6.805782978605105,0,10.139135837554932,1.285982214713059,5.4555684371475905,0.23571919760385363,3,438.46962640672155,24.90020782280382,17.609074972762205,149.6020241340337,24.315251831275894,6.152600234863825,60.955816274553555,43.02537809523365,72438.96875,4807.937823663166,18774.499999999985,70124.56359955703,0,0.0,0.0,0.6893374048651789,1.0008482771628524,6.525797711425494,0.19657288570704226,1.4761653438156193,,0.0,120.0,0,3,1771527536291,130,False,47.71614074707031,16,-1.4761653438156193
16.33898615837097,1771527536.3389862,breathing_no_rate,,AppState.ESTIMATE_BREATHING_RATE,0.0000;3.0000,True,0.40036384016275356,1.3184729279632885,6.797950112861152,0,10.139135837554932,1.2081463117602051,6.018573443960554,0.2007363244477485,3,433.4772061841891,24.894183460468753,17.412790696876066,179.8800924400752,24.297142703036272,7.403343456109071,78.41780055055293,68.84078903365912,76861.21875,5802.47666469551,20879.5,65074.33395946942,0,0.0,0.0,0.7920375323466968,1.0009713545226846,7.439681959665705,0.21584544579194428,1.5441849378163153,,0.0,120.0,0,3,1771527536338,131,False,47.26099967956543,16,-1.5441849378163153
16.396617889404297,1771527536.396618,breathing_no_rate,,AppState.ESTIMATE_BREATHING_RATE,0.0000;3.0000,True,0.5204729922115796,1.3163456912396891,6.796352260759133,1,10.139135837554932,1.2961192183465908,6.637364645067054,0.19527618075264278,3,439.55483961759535,24.867208054158386,17.67608324354753,218.99294544859205,24.250334488118646,9.030512364555477,98.04824641091146,98.04824641091146,84139.34375,4877.893577850578,20592.249999999985,64813.113115960005,0,0.0,0.0,0.9002415648557742,1.0011046560385168,8.384688027341785,0.23481302873838183,1.6013652296870609,,0.0,120.0,0,3,1771527536396,132,False,57.631731033325195,16,-1.6013652296870609
16.443321704864502,1771527536.4433217,breathing_no_rate,,AppState.ESTIMATE_BREATHING_RATE,0.0000;3.0000,True,0.5204729922115796,1.3143980583198378,6.802826871530821,1,10.139135837554932,1.2958793180113186,7.4470560388137415,0.17401229574253746,3,438.6934169354493,24.894330611770705,17.622221852810178,219.5694828807045,24.291096838168,9.039092978570705,92.62058295133225,92.62058295133225,84945.625,5652.727646344731,21999.000000000015,63496.84990039614,0,0.0,0.0,1.0135293764100664,1.0012485526825157,9.35374640400525,0.25332392647289614,1.6464373591199708,,0.0,120.0,0,3,1771527536443,133,False,46.70381546020508,16,-1.6464373591199708
16.488043069839478,1771527536.488043,breathing_no_rate,,AppState.ESTIMATE_BREATHING_RATE,0.0000;3.0000,True,0.5204729922115796,1.3178330764878448,6.817947103842471,1,10.139135837554932,1.3504943694655873,8.322422819024238,0.16227178054643157,3,445.93757007707933,24.90725263465111,17.903924475346773,234.41680460506666,24.28376775928933,9.653230376729384,100.9253413975932,100.9253413975932,90173.0,6713.053680609891,26686.5,64895.87380459045,0,0.0,0.0,1.1315112914224388,1.0014032662465586,10.340108437334884,0.2712189221112795,1.6780964204323023,,0.0,120.0,0,3,1771527536488,134,False,44.721364974975586,16,-1.6780964204323023
16.54299235343933,1771527536.5429924,breathing_no_rate,,AppState.ESTIMATE_BREATHING_RATE,0.0000;3.0000,True,0.5204729922115796,1.315074301265733,6.84109785322329,1,10.139135837554932,1.2888429506928745,9.144616708873814,0.14094007344247228,3,446.67156645711174,24.933635875816705,17.91441764305329,242.3294825748613,24.25191794334921,9.99217806735673,102.21204456195005,102.21204456195005,93354.671875,5403.591913543731,20645.24999999997,63198.50931785321,0,0.0,0.0,1.2537599459803261,1.0015688935016007,11.336772711251317,0.2883517658007574,1.69591012107457,,0.0,120.0,0,3,1771527536542,135,False,54.949283599853516,16,-1.69591012107457
16.58747434616089,1771527536.5874743,breathing_no_rate,,AppState.ESTIMATE_BREATHING_RATE,0.0000;3.0000,True,0.5204729922115796,1.31216214225068,6.871588959187175,1,10.139135837554932,1.2844723676595844,9.905479411806407,0.12967291275159687,3,443.36618965027094,24.934326456429243,17.781358177339854,251.0419692252672,24.26160088600891,10.347296140696546,104.17153117257118,104.17153117257118,93730.375,3971.5388508423252,16423.49999999997,62701.28097244854,0,0.0,0.0,1.3799184118222492,1.0017455207291102,12.33746325667087,0.3045966582662114,1.6999161790978095,,0.0,120.0,0,3,1771527536587,136,False,44.48199272155762,16,-1.6999161790978095
16.643611192703247,1771527536.6436112,breathing_no_rate,,AppState.ESTIMATE_BREATHING_RATE,0.0000;3.0000,True,0.5204729922115796,1.3127446629613997,6.908060168289309,1,10.139135837554932,1.3182834632436278,10.536975866575242,0.1251102289510121,3,450.36135664874706,24.943947792723073,18.054935023640347,255.221625504188,24.31305447986639,10.4973081726543,101.7548505981959,101.7548505981959,94500.9375,6370.888506580635,25379.25,65735.84512704166,0,0.0,0.0,1.5095381116197368,1.0019327540375187,13.335570151013163,0.31982819897261866,1.6999161790978095,,0.0,120.0,0,3,1771527536643,137,False,56.1368465423584,16,-1.6891671880952865
16.687770128250122,1771527536.6877701,breathing_no_rate,,AppState.ESTIMATE_BREATHING_RATE,0.0000;3.0000,True,0.5204729922115796,1.3159880836650046,6.9491741228521,1,10.139135837554932,1.346827604351436,11.040046863421598,0.12199473615386669,3,453.0121281833964,24.93580630209476,18.167133746430068,256.0788223989833,24.31947551776845,10.529783925700025,96.36510506078926,96.36510506078926,95423.390625,5533.058243955678,26341.500000000015,66782.69856833499,0,0.0,0.0,1.6421563446356184,1.0021301164370533,14.324715568342922,0.333922058262931,1.6999161790978095,,0.0,120.0,0,3,1771527536687,138,False,44.158935546875,16,-1.6625760857611915
16.74207854270935,1771527536.7420785,breathing_no_rate,,AppState.ESTIMATE_BREATHING_RATE,0.0000;3.0000,True,0.5204729922115796,1.3198821545620192,6.991967023656804,1,10.139135837554932,1.356908273267323,11.249896314416146,0.12061518037352058,3,452.375004317491,24.97680901580999,18.111801391964512,247.34794887465713,24.379363675637226,10.145791832610094,82.299127005624,82.299127005624,95251.234375,6402.75498166411,22319.0,66112.17984668794,0,0.0,0.0,1.7773138890918303,1.0023368974615767,15.299117926058788,0.3467804407852315,1.6999161790978095,,0.0,120.0,0,3,1771527536742,139,False,54.308414459228516,16,-1.620438192278296
16.792946577072144,1771527536.7929466,breathing_no_rate,,AppState.ESTIMATE_BREATHING_RATE,0.0000;3.0000,True,0.5204729922115796,1.3171077009047583,7.0351712531439325,1,10.139135837554932,1.2907272745661262,11.33402809057778,0.11388071955858789,3,449.340393312798,24.969407606872878,17.995636915756087,244.04923939647915,24.387298048057257,10.007227488078097,74.1909329447748,74.1909329447748,92832.140625,5439.479870131735,21005.0,65782.89287643209,0,0.0,0.0,1.9146458415138135,1.0025523330903683,16.254310974678,0.35833166573475833,1.6999161790978095,,0.0,120.0,0,3,1771527536792,140,False,50.86803436279297,16,-1.5631610816272694
16.837114810943604,1771527536.8371148,breathing_no_rate,,AppState.ESTIMATE_BREATHING_RATE,0.0000;3.0000,True,0.5204729922115796,1.3177510904935097,7.075782865074221,1,10.139135837554932,1.323868652273171,11.116672095091529,0.11908857622405049,3,435.6716976405513,24.99829682340464,17.42805522715555,228.80095914626318,24.39339762939646,9.379626512591905,55.35426938889165,55.35426938889165,86606.421875,5154.180429908594,17850.000000000015,63437.54924101191,0,0.0,0.0,2.053683043851406,1.0027752785857096,17.185811626551523,0.3685238919544443,1.6999161790978095,,0.0,120.0,0,3,1771527536837,141,False,44.16823387145996,16,-1.490799410350469
16.891839265823364,1771527536.8918393,breathing_no_rate,,AppState.ESTIMATE_BREATHING_RATE,0.0000;3.0000,True,0.5204729922115796,1.3238999383029646,7.112503928222565,1,10.139135837554932,1.3823652243531641,10.766280312317736,0.12839766234241531,3,450.4814134969944,25.016328292740177,18.007495272986088,222.1093216892303,24.406163277137615,9.100542316218538,45.70008837381786,45.70008837381786,87279.234375,4384.142440792964,16490.75,69926.83029778251,0,0.0,0.0,2.1939883263750906,1.0030041765238977,18.09049502572192,0.37733503974150884,1.6999161790978095,,0.0,120.0,0,3,1771527536891,142,False,54.72445487976074,16,-1.404123207785746
16.936230659484863,1771527536.9362307,breathing_no_rate,,AppState.ESTIMATE_BREATHING_RATE,0.0000;3.0000,True,0.5204729922115796,1.3450371416289648,7.1465299246466145,1,10.139135837554932,1.5460166872367773,10.532144923789327,0.14679029753929276,3,448.4134880330877,25.035353834587724,17.911210321927562,230.93834573593446,24.42533958455708,9.454867349008747,51.20942204797262,51.20942204797262,87602.46875,5956.431698353341,19589.25,69974.49102380124,0,0.0,0.0,2.335208523056759,1.0032373945417434,18.966767181676712,0.38478073327623985,1.6999161790978095,,0.0,120.0,0,3,1771527536936,143,False,44.39139366149902,16,-1.3047391099995533
16.99066925048828,1771527536.9906693,breathing_no_rate,,AppState.ESTIMATE_BREATHING_RATE,0.0000;3.0000,True,0.5204729922115796,1.3655700622507378,7.17813883546743,1,10.139135837554932,1.560803887318274,10.323251802853752,0.15119304623913304,3,454.3459971830389,25.077050929923985,18.11799953808596,236.38403109400178,24.51004857809111,9.64437219825239,53.20598809595191,53.20598809595191,91318.46875,4081.746987231501,14309.0,70177.33117360203,0,0.0,0.0,2.476889111170309,1.0034730117033583,19.813303210241223,0.3909151228324187,1.6999161790978095,,0.0,120.0,0,3,1771527536990,144,False,54.43859100341797,16,-1.1947912652615351
17.034700393676758,1771527537.0347004,breathing_no_rate,,AppState.ESTIMATE_BREATHING_RATE,0.0000;3.0000,True,0.5204729922115796,1.3833921127825413,7.2068243325966055,1,10.139135837554932,1.5528500851754823,10.061055201490644,0.15434266624350393,3,435.9282346685633,25.09758714523101,17.369328458892436,231.5891094697676,24.47565019244186,9.46202072833272,45.463838025165444,45.463838025165444,88109.953125,5082.682850113116,18394.25,62735.05373370964,0,0.0,0.0,2.6187292410881864,1.003708875591039,20.63113978801268,0.3958296653122366,1.6999161790978095,,0.0,120.0,0,3,1771527537034,145,False,44.03114318847656,16,-1.077008451514508
17.107285499572754,1771527537.1072855,breathing_no_rate,,AppState.ESTIMATE_BREATHING_RATE,0.0000;3.0000,True,0.5204729922115796,1.3949029060472231,7.234426429610419,1,10.139135837554932,1.5043513493554999,9.980858084194073,0.15072364886012188,3,453.5310637445356,25.112310529442084,18.06010893321617,246.70235260582743,24.49407535974069,10.071919391627414,56.88919510914309,56.88919510914309,94641.03125,4984.430429060923,17573.25,67719.50286943775,0,0.0,0.0,2.760604110548119,1.0039428857040906,21.423450620368737,0.3996448563910615,1.6999161790978095,,0.0,120.0,0,3,1771527537107,146,False,72.5851058959961,16,-0.9541835198694615
17.1418240070343,1771527537.141824,breathing_no_rate,,AppState.ESTIMATE_BREATHING_RATE,0.0000;3.0000,True,0.5204729922115796,1.407850623690472,7.256846149435067,1,10.139135837554932,1.5309618209697025,9.487626955056239,0.1613640405615277,3,435.5845434944289,25.12696713297145,17.33534099726354,219.89828969889695,24.44890029243384,8.994199618784256,28.25357252160839,28.25357252160839,83499.34375,6894.480497830198,25622.5,63872.977249963966,0,0.0,0.0,2.9022260883010826,1.0041722316793886,22.193760256210226,0.40250493677582533,1.6999161790978095,,0.0,120.0,0,3,1771527537141,147,False,34.53850746154785,16,-0.8296166986769734
17.18626618385315,1771527537.1862662,breathing_no_rate,,AppState.ESTIMATE_BREATHING_RATE,0.0000;3.0000,True,0.5204729922115796,1.4135178203084178,7.273973371414572,1,10.139135837554932,1.4674034069481507,8.978146231036535,0.16344169152781732,3,436.37743930140334,25.099958173678438,17.385584321078014,217.09168749919928,24.390851943047203,8.900537299689622,28.126233778880618,23.89777836483779,81378.5625,5311.424793031646,18256.25,64365.21119785844,0,0.0,0.0,3.0434888002567724,1.0043943213255428,22.947517845496204,0.40457584756454595,1.6999161790978095,,0.0,120.0,0,3,1771527537186,148,False,44.442176818847656,16,-0.7081085305925036
17.240752696990967,1771527537.2407527,breathing_no_rate,,AppState.ESTIMATE_BREATHING_RATE,0.0000;3.0000,True,0.5204729922115796,1.4115055549296338,7.285696340474859,1,10.139135837554932,1.392372267747176,8.452141531098,0.16473603316502436,3,424.43413155783077,25.08608187043238,16.919108122706458,214.67840228176192,24.35189893050037,8.815674000850297,41.015135556305154,20.17653374929941,77279.890625,5555.93433226522,22709.0,60635.25263366186,0,0.0,0.0,3.1842801446460633,1.0046064579057001,23.690842965877323,0.40602833142071737,1.6999161790978095,,0.0,120.0,0,3,1771527537240,149,False,54.48651313781738,16,-0.5943204902376842
17.285130500793457,1771527537.2851305,breathing_no_rate,,AppState.ESTIMATE_BREATHING_RATE,0.0000;3.0000,True,0.5204729922115796,1.4097481143476331,7.290033026239989,1,10.139135837554932,1.393037785920754,7.721536873769292,0.18040939368852987,3,405.1819855401397,25.083794261877088,16.15313781056605,199.49252022319033,24.350441632649794,8.192562715064366,68.40045111914671,4.68682465898209,69173.46875,5147.332647287907,17518.750000000007,56631.233607637856,0,0.0,0.0,3.3246469028863648,1.0048063723835499,24.430877339052884,0.4070214859503682,1.6999161790978095,,0.0,120.0,0,3,1771527537285,150,False,44.377803802490234,16,-0.49218414509831565
17.339290618896484,1771527537.3392906,breathing_no_rate,,AppState.ESTIMATE_BREATHING_RATE,0.0000;3.0000,True,0.5204729922115796,1.4001046261286272,7.287047637741122,1,10.139135837554932,1.3084111390367912,6.989998994284242,0.18718330859839927,3,401.81911061602085,25.0683836012025,16.028919813590104,194.31748546193674,24.364040473735265,7.975585398630321,77.41268126163499,0.4584882472045422,67370.578125,5139.543414119123,16478.500000000007,55966.900726260305,0,0.0,0.0,3.4646960747236335,1.0049927158336305,25.17411157075372,0.40769526534024086,1.6999161790978095,,0.0,120.0,0,3,1771527537339,151,False,54.160118103027344,16,-0.4058100623211449
17.393609046936035,1771527537.393609,breathing_no_rate,,AppState.ESTIMATE_BREATHING_RATE,0.0000;3.0000,True,0.6405821442604057,1.3960034504212206,7.2972532960662395,2,10.139135837554932,1.3570081104313534,8.312724804116524,0.16324468116592866,3,386.261796947679,25.06179536383226,15.41237534361554,46.1756581571936,25.755510509022802,1.7928457733044842,164.42727903502697,164.42727903502697,60407.765625,6076.887441793258,22514.25,55829.33530837835,0,0.0,0.0,3.6049825424002586,1.0051655104060182,25.928342078515534,0.40816527999789987,1.6999161790978095,,0.0,120.0,0,3,1771527537393,152,False,54.31842803955078,16,-0.3391753594740827
17.437878370285034,1771527537.4378784,breathing_no_rate,,AppState.ESTIMATE_BREATHING_RATE,0.0000;3.0000,True,0.6405821442604057,1.3798983575647903,7.325462555717682,2,10.139135837554932,1.2267657886844263,10.132307398713452,0.12107467137437224,3,367.9207306778187,25.041814736764913,14.692255115319856,23.5625,25.718415606245753,0.9161723008069611,175.6535594114855,175.6535594114855,53624.078125,3740.579146250651,13210.000000000007,50735.08694157804,0,0.0,0.0,3.7461630819724374,1.0053282206574743,26.69701783994761,0.4085213866827906,1.6999161790978095,,0.0,120.0,0,3,1771527537437,153,False,44.26932334899902,16,-0.29537818883566586
17.492409706115723,1771527537.4924097,breathing_no_rate,,AppState.ESTIMATE_BREATHING_RATE,0.0000;3.0000,True,0.6405821442604057,1.3692074449442726,7.366343977583804,2,10.139135837554932,1.2675546989558055,11.434079521057699,0.11085760742791248,3,370.7278788495006,25.080950911310836,14.781252917628853,35.251883814911224,25.747777197394715,1.3691233827015195,153.98216285128527,153.98216285128527,54477.046875,3879.8557683191007,14656.5,51671.23033003077,0,0.0,0.0,3.8893598501327187,1.005485512785899,27.48496325715961,0.40882830571604295,1.6999161790978095,,0.0,120.0,0,3,1771527537492,154,False,54.53133583068848,16,-0.27433201276201186
17.53717303276062,1771527537.537173,breathing_no_rate,,AppState.ESTIMATE_BREATHING_RATE,0.0000;3.0000,True,0.6405821442604057,1.3637687935855147,7.416038712739163,2,10.139135837554932,1.3120562911345437,12.360706272907727,0.10614735615101295,3,380.6231424421011,25.075515964183875,15.179075197119678,46.230781479983655,25.68675147846283,1.7997908967564957,134.29733652519292,134.29733652519292,54732.765625,3396.3651382175635,11466.250000000015,55475.66714943192,0,0.0,0.0,4.035324127677537,1.0056416473317646,28.294569659981267,0.4091305415291128,1.6999161790978095,,0.0,120.0,0,3,1771527537537,155,False,44.76332664489746,16,-0.2723324019951313
17.59168314933777,1771527537.5916831,breathing_no_rate,,AppState.ESTIMATE_BREATHING_RATE,0.0000;3.0000,True,0.6405821442604057,1.358311899008542,7.4684695112762025,2,10.139135837554932,1.3064259339830435,12.685377657970948,0.10298675917300379,3,381.0794905593845,25.069141562289982,15.201138403455289,73.76474958440514,25.65608057381012,2.875137118832933,100.26369676732278,100.26369676732278,53638.890625,4444.280208320392,15718.0,55589.90197619878,0,0.0,0.0,4.184706251553331,1.0057989111130872,29.130016524167104,0.4094599942891991,1.6999161790978095,,0.0,120.0,0,3,1771527537591,156,False,54.51011657714844,16,-0.28443992937308393
17.635809183120728,1771527537.6358092,breathing_no_rate,,AppState.ESTIMATE_BREATHING_RATE,0.0000;3.0000,True,0.6405821442604057,1.3504321316926107,7.520832802927195,2,10.139135837554932,1.2755086884051456,12.731023958204661,0.10018901012930227,3,382.88669689119524,25.062850462903995,15.27706106065773,85.79975324119529,25.608736025116748,3.3504095303139323,82.85739821684531,82.85739821684531,51634.75,4265.7806858035965,17847.0,56623.57979996745,0,0.0,0.0,4.337882171359383,1.0059573931176462,29.996192904331533,0.4098419481435018,1.6999161790978095,,0.0,120.0,0,3,1771527537635,157,False,44.126033782958984,16,-0.30639951113692077
17.690030336380005,1771527537.6900303,breathing_no_rate,,AppState.ESTIMATE_BREATHING_RATE,0.0000;3.0000,True,0.6405821442604057,1.3478123385205394,7.57184451303567,2,10.139135837554932,1.3229024754138285,12.64755217851657,0.10459751077812071,3,397.6680904425825,25.079466776527127,15.85632158650676,88.26880996422236,25.596807884458315,3.4484303808198034,83.13238110005938,75.4943611688825,50672.78125,2822.2024683677373,10867.75,63747.18469127461,0,0.0,0.0,4.494973290913297,1.0061162732765407,30.896717945487918,0.4102990005534428,1.6999161790978095,,0.0,120.0,0,3,1771527537690,158,False,54.221153259277344,16,-0.3353419435859126
17.744232177734375,1771527537.7442322,breathing_no_rate,,AppState.ESTIMATE_BREATHING_RATE,0.0000;3.0000,True,0.6405821442604057,1.3522427537522006,7.6169975838355946,2,10.139135837554932,1.3943686124280217,12.109765755924295,0.11514414402530698,3,404.6434580281757,25.077902102656743,16.135458873538408,115.24574626097919,25.62173123421083,4.497968743915399,101.45309848413545,45.5637214080607,49895.703125,4416.817848628015,17266.500000000015,67437.96854283441,0,0.0,0.0,4.656592455087086,1.0062780709020762,31.833265978001503,0.41085082337018713,1.6999161790978095,,0.0,120.0,0,3,1771527537744,159,False,54.20184135437012,16,-0.36869874239274647
17.78634524345398,1771527537.7863452,breathing_no_rate,,AppState.ESTIMATE_BREATHING_RATE,0.0000;3.0000,True,0.6405821442604057,1.3461613431270996,7.6555171723266735,2,10.139135837554932,1.2883372722111577,11.48824832679262,0.11214392616273659,3,401.7521633809207,25.07848258779436,16.01979553421756,123.75159405538984,25.5908545436521,4.835774195795704,102.94044301144669,34.80181880546489,48674.828125,4492.981694333423,15282.749999999985,66005.6271069223,0,0.0,0.0,4.8241236932635765,1.0064490825167904,32.807054395919224,0.41151248276929564,1.6999161790978095,,0.0,120.0,0,3,1771527537786,160,False,42.11306571960449,16,-0.40402638935687596
17.84053087234497,1771527537.8405309,breathing_no_rate,,AppState.ESTIMATE_BREATHING_RATE,0.0000;3.0000,True,0.6405821442604057,1.3393154374650005,7.688299197970961,2,10.139135837554932,1.2742222939671486,10.95013806788676,0.11636586552161088,3,393.5142994939955,25.061360729961585,15.702032452205826,118.54431199450272,25.599601739801173,4.630709227228499,104.634140774495,37.573377615694426,46290.859375,2949.2223418438375,9369.249999999993,64027.44829592884,0,0.0,0.0,4.998663685548722,1.0066347875265966,33.81755659683306,0.41229547132349126,1.6999161790978095,,0.0,120.0,0,3,1771527537840,161,False,54.18562889099121,16,-0.43989732855859864
17.88475203514099,1771527537.884752,breathing_no_rate,,AppState.ESTIMATE_BREATHING_RATE,0.0000;3.0000,True,0.6405821442604057,1.3353438453036108,7.7149236569552615,2,10.139135837554932,1.2975806286838514,10.364079512905393,0.12519979482431595,3,397.3403079382961,25.059751039577876,15.855716495144138,124.0271045225599,25.58016957094253,4.848564595075959,97.13245506218063,30.13693497972143,46948.3125,3424.5670272632638,12183.999999999993,65438.50753780522,0,0.0,0.0,5.1809760720355715,1.0068354894225824,34.8681721855015,0.4132076093011377,1.6999161790978095,,0.0,120.0,0,3,1771527537884,162,False,44.22116279602051,16,-0.47528077296534876
17.939003705978394,1771527537.9390037,breathing_no_rate,,AppState.ESTIMATE_BREATHING_RATE,0.0000;3.0000,True,0.5204729922115796,1.3404809411492344,7.744117114161112,1,10.139135837554932,1.389326153681549,10.648890433983661,0.13046675258460208,3,417.9853139241258,25.054887090654688,16.68278577329326,61.070911651947696,24.500684953465978,2.492620584503933,82.57076343333871,82.57076343333871,53365.515625,3772.4789475770576,13619.750000000015,72186.66740959758,0,0.0,0.0,5.371436332637994,1.0070492289427806,35.961831875477415,0.4142443276267101,1.6999161790978095,,0.0,120.0,0,3,1771527537939,163,False,54.251670837402344,16,-0.5072971278876491
17.993311405181885,1771527537.9933114,breathing_no_rate,,AppState.ESTIMATE_BREATHING_RATE,0.0000;3.0000,True,0.5204729922115796,1.3467997518417643,7.777445153566602,1,10.139135837554932,1.4068811014025329,11.093612847732803,0.12681901924883177,3,420.0295051020226,25.040061626731436,16.774299973640925,44.03478738452134,24.49011371853402,1.7980638182744706,93.54289708250965,93.54289708250965,52497.65625,3367.660470697489,13738.249999999993,73612.62364666475,0,0.0,0.0,5.570467942680155,1.0072719312653875,37.10455084022443,0.4154002716088663,1.6999161790978095,,0.0,120.0,0,3,1771527537993,164,False,54.30769920349121,16,-0.5363830763031264
18.037593841552734,1771527538.0375938,breathing_no_rate,,AppState.ESTIMATE_BREATHING_RATE,0.0000;3.0000,True,0.5204729922115796,1.3579848421575467,7.81095413313315,1,10.139135837554932,1.464336393712296,11.145125524107746,0.13138805753362204,3,418.5868758767408,25.025965073198584,16.72610325458729,60.85192709561465,24.51810605394207,2.481917932782122,84.39670524469301,72.05475234738086,53217.0,5440.4952755930235,17731.000000000015,72717.14207152795,0,0.0,0.0,5.778300733257107,1.0074992687342426,38.301358286853436,0.41670500436915814,1.6999161790978095,,0.0,120.0,0,3,1771527538037,165,False,44.28243637084961,16,-0.5707035167879014
18.091869592666626,1771527538.0918696,breathing_no_rate,,AppState.ESTIMATE_BREATHING_RATE,0.0000;3.0000,True,0.5204729922115796,1.36737182329181,7.845853051832438,1,10.139135837554932,1.4566263558757266,11.31832454479544,0.1286962880399854,3,408.3348905157383,25.05970549790473,16.29448081636814,46.815003270853246,24.56452400168106,1.9057972898535989,88.28718784741267,80.8504812239967,49534.359375,4229.997609123837,13389.5,69586.69986426127,0,0.0,0.0,5.995291652984528,1.0077260676093114,39.559335926881005,0.41822163973807097,1.6999161790978095,,0.0,120.0,0,3,1771527538091,166,False,54.2757511138916,16,-0.6163471291976734
18.154919624328613,1771527538.1549196,breathing_no_rate,,AppState.ESTIMATE_BREATHING_RATE,0.0000;3.0000,True,0.5204729922115796,1.3698122914557693,7.8836912175587734,1,10.139135837554932,1.3930170728593503,11.648620239081362,0.11958644407224837,3,395.4208843514085,25.036040819647678,15.794066129868973,30.59118030576787,24.575706163379238,1.2447731959827726,91.16449530473378,91.16449530473378,46287.5625,3159.3411441064336,11363.5,65159.91296602716,0,0.0,0.0,6.221309813350387,1.0079450762198479,40.883593269432886,0.4200033258460336,1.6999161790978095,,0.0,120.0,0,3,1771527538154,167,False,63.050031661987305,16,-0.6693550126491925
18.189328908920288,1771527538.189329,breathing_no_rate,,AppState.ESTIMATE_BREATHING_RATE,0.0000;3.0000,True,0.5204729922115796,1.3707462210720502,7.918381228706955,1,10.139135837554932,1.3796263338767043,11.370066246245417,0.12133846046947538,3,405.55367728113373,25.06382955534754,16.180834471818585,63.664710103007614,24.608189640605538,2.5871350566710714,54.55443226191067,54.55443226191067,50251.1875,4718.006945221282,17472.750000000015,67479.83586026655,0,0.0,0.0,6.455892966469858,1.0081457937554457,42.2795680286173,0.42204240764405854,1.6999161790978095,,0.0,120.0,0,3,1771527538189,168,False,34.409284591674805,16,-0.7177047014470818
18.243664026260376,1771527538.243664,breathing_no_rate,,AppState.ESTIMATE_BREATHING_RATE,0.0000;3.0000,True,0.5204729922115796,1.3617956292014592,7.9462299231305495,1,10.139135837554932,1.2766904305936744,10.717198225484882,0.11912539113428475,3,397.53400011822885,25.035540623250142,15.878786325595303,89.26691453864642,24.588544959397712,3.630426878956019,27.189638491651422,27.189638491651422,50841.046875,2197.649458474662,6846.999999999993,62783.379307942254,0,0.0,0.0,6.6989851353316565,1.00832400279553,43.74621691504688,0.42426218985656045,1.6999161790978095,,0.0,120.0,0,3,1771527538243,169,False,54.33511734008789,16,-0.7507220308257525
18.287890434265137,1771527538.2878904,breathing_no_rate,,AppState.ESTIMATE_BREATHING_RATE,0.0000;3.0000,True,0.5204729922115796,1.3523023241419032,7.964011696718192,1,10.139135837554932,1.2620368283826318,9.733312986808546,0.12966158901531216,3,416.0312722996314,25.00682846866016,16.63670676209046,118.54406485564766,24.57429184517652,4.823905632670011,23.601150107834883,1.9604257129672362,59098.3125,4618.452206654977,17968.499999999985,67128.38393933405,0,0.0,0.0,6.950584785979538,1.0084781188731222,45.28036235897638,0.4265518411338165,1.6999161790978095,,0.0,120.0,0,3,1771527538287,170,False,44.22640800476074,16,-0.7644738254704002
18.342254877090454,1771527538.3422549,breathing_no_rate,,AppState.ESTIMATE_BREATHING_RATE,0.0000;3.0000,True,0.5204729922115796,1.3410045921040732,7.974721322761569,1,10.139135837554932,1.2335820056652655,9.04033803875106,0.13645308397109832,3,404.66487388486047,24.99758301366561,16.188160017208514,132.0954318854365,24.553562875488126,5.37988855425653,23.37626290799571,14.567446745850972,57380.1875,5739.1669422840705,20554.250000000015,62404.02454899932,0,0.0,0.0,7.2108353200124995,1.0086052357983706,46.882626335073056,0.42879096359385216,1.6999161790978095,,0.0,120.0,0,3,1771527538342,171,False,54.36444282531738,16,-0.7580007820106008
18.386508464813232,1771527538.3865085,breathing_no_rate,,AppState.ESTIMATE_BREATHING_RATE,0.0000;3.0000,True,0.5204729922115796,1.3227088449750262,7.980658300686648,1,10.139135837554932,1.1487468080943815,8.571392551705419,0.13402102412539704,3,416.25151088314385,24.982989719341184,16.661397036249483,143.57560073006835,24.518821646388748,5.85573005076935,31.593061404123148,24.46185681200228,61930.640625,4197.160464946013,13411.999999999993,65063.20916346787,0,0.0,0.0,7.47959542555476,1.0087053429573356,48.547799571793504,0.4308656899860652,1.6999161790978095,,0.0,120.0,0,3,1771527538386,172,False,44.25358772277832,16,-0.7314818550224944
18.440946102142334,1771527538.440946,breathing_no_rate,,AppState.ESTIMATE_BREATHING_RATE,0.0000;3.0000,True,0.5204729922115796,1.3060283343538601,7.982633365421401,1,10.139135837554932,1.147424502359468,8.17915395241383,0.140286453696174,3,420.577820533846,24.977386439395715,16.83834381701558,147.12075185030832,24.47354415754621,6.011419960150457,26.301962856878276,26.301962856878276,63801.328125,5097.731485148833,15269.499999999985,66151.8940871029,0,0.0,0.0,7.756734602758361,1.0087774635700193,50.27290803604475,0.4326784102712207,1.6999161790978095,,0.0,120.0,0,3,1771527538440,173,False,54.43763732910156,16,-0.6852803603626924
18.48504400253296,1771527538.485044,breathing_no_rate,,AppState.ESTIMATE_BREATHING_RATE,0.0000;3.0000,True,0.5204729922115796,1.2901356736649543,7.97725958058135,1,10.139135837554932,1.139022980349162,7.44256351084979,0.15304175483832277,3,417.94199096585163,24.99577531596065,16.72050519202183,125.23042823631164,24.54812437517582,5.1014255230778005,19.76741284960289,4.143062043076611,60845.09375,3420.6497656638207,13048.750000000007,66448.7600464886,0,0.0,0.0,8.041629063697997,1.0088209669950028,52.051639978714114,0.4341544869892551,1.6999161790978095,,0.0,120.0,0,3,1771527538485,174,False,44.097900390625,16,-0.619559163778358
18.539518356323242,1771527538.5395184,breathing_no_rate,,AppState.ESTIMATE_BREATHING_RATE,0.0000;3.0000,True,0.5204729922115796,1.276548551050045,7.965809437524559,1,10.139135837554932,1.1473576790531275,6.826510661603819,0.1680738133668268,3,434.8733157843213,25.0164030054473,17.38352694718919,127.93353071517255,24.57507654826589,5.205824301653872,21.339092560022152,6.429375297915385,63784.140625,4491.568620385408,16338.5,73207.09067728599,0,0.0,0.0,8.334006503115688,1.0088374300531497,53.87830719159939,0.4352529920765001,1.6999161790978095,,0.0,120.0,0,3,1771527538539,175,False,54.4743537902832,16,-0.5352705499023589
18.593857526779175,1771527538.5938575,breathing_no_rate,,AppState.ESTIMATE_BREATHING_RATE,0.0000;3.0000,True,0.5204729922115796,1.2639843121237597,7.948753976159068,1,10.139135837554932,1.1445193577791768,6.251721357431947,0.18307267585358994,3,410.5045533014829,25.02934334794916,16.40093180146165,115.56797580320425,24.620323198803987,4.694007258366305,7.854634118786976,5.5747895704643895,57548.6875,3919.9974395120794,14253.000000000007,65200.17730378739,0,0.0,0.0,8.632585747204503,1.0088215544916337,55.749345335287266,0.43597655496219856,1.6999161790978095,,0.0,120.0,0,3,1771527538593,176,False,54.33917045593262,16,-0.4348756253784774
18.638306379318237,1771527538.6383064,breathing_no_rate,,AppState.ESTIMATE_BREATHING_RATE,0.0000;3.0000,True,0.5204729922115796,1.250874282577121,7.926304074097676,1,10.139135837554932,1.1262197698418732,5.692520110768531,0.19784203616840335,3,413.02247214891344,25.014643847979823,16.51122736915392,118.49909348281952,24.631811746422876,4.810815164467859,12.225163761142085,2.4827271819649894,58664.671875,4280.217138839482,15989.999999999993,65577.80205456243,0,0.0,0.0,8.93711764497602,1.008779279946886,57.65435144797698,0.4363733027509863,1.6999161790978095,,0.0,120.0,0,3,1771527538638,177,False,44.4488525390625,16,-0.3222279676395607
18.692455053329468,1771527538.692455,breathing_no_rate,,AppState.ESTIMATE_BREATHING_RATE,0.0000;3.0000,True,0.5204729922115796,1.2402779326864095,7.898877472275848,1,10.139135837554932,1.1395243205225443,5.16990773554067,0.22041482722572373,3,417.3111567673455,25.02220386898386,16.6776339500592,122.3515043838857,24.635506171807293,4.966470082881328,16.1370449201778,1.2862984290441517,60303.31250000001,3959.113355107901,12461.250000000007,67106.14966932172,0,0.0,0.0,9.24699597358326,1.0087108006560948,59.588582732036684,0.4365268948806963,1.6999161790978095,,0.0,120.0,0,3,1771527538692,178,False,54.14867401123047,16,-0.20055218800486974
18.736563682556152,1771527538.7365637,breathing_no_rate,,AppState.ESTIMATE_BREATHING_RATE,0.0000;3.0000,True,0.5204729922115796,1.2312424765250507,7.866968115504079,1,10.139135837554932,1.1453303600703872,4.691960525626747,0.24410485842126523,3,412.57796611670864,25.01429525461309,16.493687385581175,120.24598810875145,24.624232158839998,4.8832380773627655,11.924787283143417,0.7693444944809045,59223.484375,4323.891737042235,18180.0,65292.033090108285,0,0.0,0.0,9.561326904446018,1.0086155736654512,61.54658648893163,0.4365467873723745,1.6999161790978095,,0.0,120.0,0,3,1771527538736,179,False,44.10862922668457,16,-0.07218229206407017
18.786537885665894,1771527538.786538,breathing_no_rate,,AppState.ESTIMATE_BREATHING_RATE,0.0000;3.0000,True,0.5204729922115796,1.2233606645306883,7.834408253971671,1,10.139135837554932,1.1484177797619806,4.594674898324251,0.24994538349838002,3,421.87365740527105,25.023643334602774,16.859002174357393,145.5947125155993,24.665027382342792,5.902880635515727,23.08300619131569,23.08300619131569,64462.796875,3887.7912443341756,13944.75,66578.49972587831,0,0.0,0.0,9.880223580001266,1.0085007209405428,63.52207551597629,0.43656071883182135,1.7603239480073627,,0.0,120.0,0,3,1771527538786,180,False,49.97420310974121,16,0.06040776890955323
18.84076499938965,1771527538.840765,breathing_no_rate,,AppState.ESTIMATE_BREATHING_RATE,0.0000;3.0000,True,0.5204729922115796,1.2228887361711418,7.805686638481609,1,10.139135837554932,1.218401484674422,4.947861962580722,0.2462480751570272,3,430.42563418376926,25.010236479921254,17.20997858265411,176.9592334762445,24.658516589067542,7.176394120460746,68.06174656595078,51.132803627734546,74233.640625,3364.392666645923,10248.5,66173.99326190988,0,0.0,0.0,10.204085935115511,1.0083790129220989,65.50488640145844,0.43670636333603935,1.89525169908755,,0.0,120.0,0,3,1771527538840,181,False,54.22711372375488,16,0.19533551998974058
18.884993076324463,1771527538.884993,breathing_no_rate,,AppState.ESTIMATE_BREATHING_RATE,0.0000;3.0000,True,0.5204729922115796,1.2190781529830184,7.782465660899449,1,10.139135837554932,1.1828458631271614,5.471959040692158,0.21616497018979441,3,437.5129149879464,24.99976860197454,17.500678583716567,194.67104665627605,24.672476849590804,7.890210935657012,89.14229139293047,64.65340955216107,82130.421875,5571.392938147536,18006.25,65399.66833216942,0,0.0,0.0,10.531998697850598,1.0082486451534627,67.49551893171271,0.4371250771837857,2.0312250944963015,,0.0,120.0,0,3,1771527538884,182,False,44.22807693481445,16,0.3313089153984921
18.939191341400146,1771527538.9391913,breathing_no_rate,,AppState.ESTIMATE_BREATHING_RATE,0.0000;3.0000,True,0.5204729922115796,1.2160847036212192,7.766248578113173,1,10.139135837554932,1.1876219934293566,6.152635326665543,0.1930265536930447,3,431.2059986610228,24.969906333137075,17.269027480151525,212.92464923066095,24.67178694691541,8.630288907737652,77.85969707305995,77.85969707305995,82717.765625,4117.47813866839,15290.75,61033.562655850066,0,0.0,0.0,10.863394140440176,1.00810620140576,69.5000959989793,0.43795092703120386,2.1655387895540565,,0.0,120.0,0,3,1771527538939,183,False,54.198265075683594,16,0.4656226104562472
18.993603229522705,1771527538.9936032,breathing_no_rate,,AppState.ESTIMATE_BREATHING_RATE,0.0000;3.0000,True,0.5204729922115796,1.211173831779394,7.7540632976542865,1,10.139135837554932,1.1644796321690727,6.541617737611578,0.17801095672340939,3,419.5069138658504,24.96508155113814,16.803746985153413,202.53322451205383,24.68341889680147,8.205233859645483,63.360855889274404,63.360855889274404,78453.703125,5124.721808165198,17914.0,57479.52515050969,0,0.0,0.0,11.198919233449217,1.0079616192982457,71.51359051628447,0.4392844857836339,2.2923294544472346,,0.0,120.0,0,3,1771527538993,184,False,54.411888122558594,16,0.5924132753494252
19.03779888153076,1771527539.037799,breathing_no_rate,,AppState.ESTIMATE_BREATHING_RATE,0.0000;3.0000,True,0.5204729922115796,1.2073055130075176,7.741212411522263,1,10.139135837554932,1.170524254056313,6.46253853233206,0.18112452993805134,3,399.9305506116031,24.992609077510316,16.001952791534677,176.8511247136981,24.691986149804265,7.162288348681004,41.495017703956734,35.384902435644705,65218.90625,3876.8166708039553,11404.250000000015,55365.11126344701,0,0.0,0.0,11.536552011662142,1.007793926886098,73.54750952420935,0.441153409318758,2.402512315588468,,0.0,120.0,0,3,1771527539037,185,False,44.19565200805664,16,0.7025961364906587
19.09207248687744,1771527539.0920725,breathing_no_rate,,AppState.ESTIMATE_BREATHING_RATE,0.0000;3.0000,True,0.5204729922115796,1.2001118670945459,7.729586306173946,1,10.139135837554932,1.131712293860836,6.572779135611404,0.17218170127716936,3,395.236425486379,24.97210409100598,15.827117491989844,91.79250122559033,24.66912893761915,3.7209461855740904,46.64962316737616,46.64962316737616,49850.921875,2849.4155496110475,9220.500000000007,62509.807129192595,0,0.0,0.0,11.877451393855207,1.007612516906023,75.59288954751246,0.44349227750421916,2.487774602734129,,0.0,120.0,0,3,1771527539092,186,False,54.27360534667969,16,0.7878584236363195
19.13619041442871,1771527539.1361904,breathing_no_rate,,AppState.ESTIMATE_BREATHING_RATE,0.0000;3.0000,True,0.5204729922115796,1.195065743933131,7.724437562022467,1,10.139135837554932,1.1470855298801803,7.212133228337318,0.1590494092946172,3,406.3104185841166,24.968459601204934,16.27294695217144,51.60017562954607,24.64715857594419,2.093554738509074,81.55507779768544,81.55507779768544,49977.765625,4955.171088012459,17938.999999999985,67823.47226797746,0,0.0,0.0,12.222664243785637,1.0074223761487227,77.64368844105074,0.4461713982487599,2.545525381278256,,0.0,120.0,0,3,1771527539136,187,False,44.11792755126953,16,0.8456092021804468
19.209399700164795,1771527539.2093997,breathing_no_rate,,AppState.ESTIMATE_BREATHING_RATE,0.0000;3.0000,True,0.5204729922115796,1.1988950869174488,7.720397218120787,1,10.139135837554932,1.235305751142739,7.318379632956014,0.168794980983377,3,419.3904849972755,24.96236230678891,16.80091330404313,78.62276427663937,24.641617990466035,3.1906494250445836,51.21259320531641,51.21259320531641,57088.65625,5572.716521474144,22809.749999999978,70598.56200106461,0,0.0,0.0,12.571328072324354,1.007208866014498,79.70623492685098,0.4490500786988755,2.5791868821601933,,0.0,120.0,0,3,1771527539209,188,False,73.20928573608398,16,0.8792707030623838
19.243858575820923,1771527539.2438586,breathing_no_rate,,AppState.ESTIMATE_BREATHING_RATE,0.0000;3.0000,True,0.5204729922115796,1.2049791801991343,7.710863253180387,1,10.139135837554932,1.2628287587043752,6.7622257966529595,0.1867474994908746,3,429.9282143931124,24.9499132929173,17.23165164257013,119.94741686464116,24.65314239332796,4.865400724421966,14.173071014595564,9.285970407007568,62763.78125,3717.075757436676,15260.500000000007,71881.71745218652,0,0.0,0.0,12.922910842298007,1.0069590955645586,81.78803623781523,0.45201107344037794,2.594573208342509,,0.0,120.0,0,3,1771527539243,189,False,34.45887565612793,16,0.8946570292446995
19.288068771362305,1771527539.2880688,breathing_no_rate,,AppState.ESTIMATE_BREATHING_RATE,0.0000;3.0000,True,0.5204729922115796,1.205474448369289,7.698327480845315,1,10.139135837554932,1.2101836225328018,6.451007687046104,0.1875960595699344,3,426.2920250544221,24.94401117890513,17.08995485849696,152.3789606745301,24.665844424649737,6.177731361837056,37.00730430670478,21.736488717986276,70369.75,4943.791859020009,17370.25,65496.58335245972,0,0.0,0.0,13.27742222242507,1.006671895317921,83.88596529297737,0.4549596799193114,2.5956225773488533,,0.0,120.0,0,3,1771527539288,190,False,44.210195541381836,16,0.8957063982510438
19.3426251411438,1771527539.3426251,breathing_no_rate,,AppState.ESTIMATE_BREATHING_RATE,0.0000;3.0000,True,0.5204729922115796,1.2017511132432532,7.690218112821991,1,10.139135837554932,1.166348406923264,6.8833292367058325,0.16944538996248856,3,422.24800639701067,24.957048802882777,16.918987886553236,203.62301449308228,24.706963311600347,8.241523327524279,68.5375433075468,68.5375433075468,78849.609375,6081.38506656838,26990.750000000015,58146.62666371862,0,0.0,0.0,13.633826305694114,1.0063334491227014,86.00813450652504,0.4578140923892797,2.5956225773488533,,0.0,120.0,0,3,1771527539342,191,False,54.55636978149414,16,0.8840983267608359
19.386895656585693,1771527539.3868957,breathing_no_rate,,AppState.ESTIMATE_BREATHING_RATE,0.0000;3.0000,True,0.5204729922115796,1.2029471605719344,7.686427013333456,1,10.139135837554932,1.2143195755946983,7.309209454979995,0.16613555582282685,3,417.99013613511266,24.96478518067826,16.743189780854877,210.79323770581448,24.755889953179487,8.514872141376063,72.98827372287374,71.09873599532949,82269.1875,5879.020593323241,19903.75,54662.24930969913,0,0.0,0.0,13.992439045626096,1.005946327333041,88.15120556043648,0.4605048304324598,2.5956225773488533,,0.0,120.0,0,3,1771527539386,192,False,44.27051544189453,16,0.860980080154341
19.44131326675415,1771527539.4413133,breathing_no_rate,,AppState.ESTIMATE_BREATHING_RATE,0.0000;3.0000,True,0.5204729922115796,1.2031160096047886,7.685182853007901,1,10.139135837554932,1.204721482257721,7.561387863816635,0.15932544445488986,3,421.31175826963334,24.992239455513044,16.857703328376136,205.76922183905444,24.776782963862498,8.304920866073235,62.05214204976036,62.05214204976036,79119.765625,5682.0463148389235,24599.999999999985,57836.25947021982,0,0.0,0.0,14.353687450344896,1.0055107727724093,90.31622836745015,0.4629743129745114,2.5956225773488533,,0.0,120.0,0,3,1771527539441,193,False,54.41761016845703,16,0.8271364378249166
19.485407829284668,1771527539.4854078,breathing_no_rate,,AppState.ESTIMATE_BREATHING_RATE,0.0000;3.0000,True,0.5204729922115796,1.204932657614974,7.681907418698715,1,10.139135837554932,1.2222059499226312,7.355998975410648,0.1661509135390072,3,434.0585402987136,25.012935125248507,17.35336289435356,180.75065914471793,24.844632827560922,7.275239702352549,36.61668700279378,34.7790035629711,77394.828125,6225.646547572608,27065.000000000015,65389.32871902686,0,0.0,0.0,14.71676322367964,1.0050210877354124,92.50453280304065,0.4651780445520096,2.5956225773488533,,0.0,120.0,0,3,1771527539485,194,False,44.09456253051758,16,0.7833387502882568
19.539818286895752,1771527539.5398183,breathing_no_rate,,AppState.ESTIMATE_BREATHING_RATE,0.0000;3.0000,True,0.5204729922115796,1.2062450130675626,7.674464513111953,1,10.139135837554932,1.2187233243403117,6.933889204818254,0.17576331091614159,3,426.8715135289541,25.056175508911764,17.036579000657603,165.78610089509917,24.87040861848507,6.665998272549962,30.621124095216715,18.608157141322835,73311.40625,5949.712135811568,22427.750000000015,64301.88002867163,0,0.0,0.0,15.082793795747792,1.004482765375319,94.71449470140465,0.4670911874167251,2.5956225773488533,,0.0,120.0,0,3,1771527539539,195,False,54.410457611083984,16,0.7314842915199524
19.59415864944458,1771527539.5941586,breathing_no_rate,,AppState.ESTIMATE_BREATHING_RATE,0.0000;3.0000,True,0.5204729922115796,1.2108255059963475,7.662150171614775,1,10.139135837554932,1.254378353233929,6.436862930711401,0.1948741749733703,3,424.11181087656587,25.041103555213034,16.93662621235948,136.41861699379598,24.8388396466922,5.4921493487104485,10.104307232342165,10.104307232342165,66189.046875,4811.668578520496,19238.499999999985,67449.37779175486,0,0.0,0.0,15.451230340748754,1.003889159659745,96.95050160473728,0.46871107178638827,2.5956225773488533,,0.0,120.0,0,3,1771527539594,196,False,54.340362548828125,16,0.6743644680983526
19.638230562210083,1771527539.6382306,breathing_no_rate,,AppState.ESTIMATE_BREATHING_RATE,0.0000;3.0000,True,0.5204729922115796,1.2231491316904455,7.647054389085447,1,10.139135837554932,1.340326255553086,6.14501144761949,0.21811615271346604,3,427.18427668864405,25.031043034993672,17.066179626409077,124.73020885094355,24.810303450058978,5.027355231546743,26.221778681376378,20.465991645220285,64168.015625,4999.687252303847,18705.25,70579.43081546569,0,0.0,0.0,15.82235004257009,1.0032400540667392,99.21416273279348,0.47005242111615403,2.5956225773488533,,0.0,120.0,0,3,1771527539638,197,False,44.07191276550293,16,0.6146242222724524
19.692293643951416,1771527539.6922936,breathing_no_rate,,AppState.ESTIMATE_BREATHING_RATE,0.0000;3.0000,True,0.5204729922115796,1.2324197474530023,7.636127832743633,1,10.139135837554932,1.320567839455858,6.548926371284691,0.20164646300568473,3,423.8086703484251,25.041500683424662,16.92425209212905,76.71938008906224,24.8025406573447,3.093206504360688,64.3080043131375,64.3080043131375,56179.75,4875.483994403785,17169.499999999993,72699.14322079119,0,0.0,0.0,16.195017598652907,1.002526646347327,101.50993294733327,0.47114049703773153,2.5956225773488533,,0.0,120.0,0,3,1771527539692,198,False,54.06308174133301,16,0.5542804394354455
19.73639726638794,1771527539.7363973,breathing_no_rate,,AppState.ESTIMATE_BREATHING_RATE,0.0000;3.0000,True,0.5204729922115796,1.2380435039903452,7.636723230939642,1,10.139135837554932,1.2915160479240002,7.695965847606758,0.16781727899140952,3,431.5050423372825,25.045448564332112,17.228880577310616,17.571505698146645,24.83188573552076,0.707618659516618,116.78941523671008,115.93997987907551,51764.46875,4926.026933603381,22799.250000000007,79051.99836635294,0,0.0,0.0,16.5691035160676,1.001745371872679,103.84038610444107,0.47200195813873796,2.5956225773488533,,0.0,120.0,0,3,1771527539736,199,False,44.10362243652344,16,0.49370452838987844
19.789230346679688,1771527539.7892303,breathing_no_rate,,AppState.ESTIMATE_BREATHING_RATE,0.0000;3.0000,True,0.5204729922115796,1.2432153233906864,7.642657245006256,1,10.139135837554932,1.29239069900756,8.233096589637919,0.15697504393148662,3,421.97548803218416,25.053031893961176,16.843290257298342,45.02104542600049,24.845151342118797,1.8120656543502875,101.96326496019518,83.10321029926254,49691.078125,4033.636297319422,13439.500000000015,75353.6671864485,0,0.0,0.0,16.94273985319362,1.0008788112923601,106.2135579730225,0.47265411290721937,2.5956225773488533,,0.0,120.0,0,3,1771527539789,200,False,52.83308029174805,16,0.4299053249173283
19.84349513053894,1771527539.8434951,breathing_no_rate,,AppState.ESTIMATE_BREATHING_RATE,0.0000;3.0000,True,0.40036384016275356,1.248335104308721,7.645801641478703,0,10.139135837554932,1.2970156807619198,7.958671710813166,0.1629688631127656,3,426.33395434213304,25.039882380821464,17.026196363112486,80.36666461444074,24.283264412526698,3.3095494594900288,55.12557152940468,55.12557152940468,54897.546875,5256.176753516665,23798.0,74532.9672823173,1,0.0390625,2.34375,17.31561033069686,1.0000959790018806,108.64378104327142,0.4731014546979483,2.5956225773488533,,0.0,120.0,0,3,1771527539843,201,False,54.26478385925293,16,0.35626225840143383
19.887712955474854,1771527539.887713,breathing_no_rate,,AppState.ESTIMATE_BREATHING_RATE,0.0000;3.0000,True,0.40036384016275356,1.249230305818875,7.643995237252515,0,10.139135837554932,1.2577421789348828,7.4642565114124775,0.16850200376197622,3,411.22827640192736,25.02719996961818,16.43125387117646,117.72811964968267,24.2785633672216,4.849056258566679,46.791855849273176,16.68265076173458,56099.46875,4315.149298433768,18776.25,66317.0429078381,1,0.0390625,2.34375,17.703436764784822,1.0011880998648097,111.13618081843245,0.47335312431653237,2.5956225773488533,,0.0,120.0,0,3,1771527539887,202,False,44.217824935913086,16,0.2673165892201607
19.94196605682373,1771527539.941966,breathing_no_rate,,AppState.ESTIMATE_BREATHING_RATE,0.0000;3.0000,True,0.5204729922115796,1.2463053671593074,7.63964166950734,1,10.139135837554932,1.2184940794660337,7.206458050895346,0.16908362897436996,3,409.2340501626178,25.031519104256397,16.34875008751196,164.41812647180964,24.900665997257885,6.602961000453272,40.31420019225328,34.50190042122887,59304.859375,3867.073076558466,13375.499999999993,63455.16616881915,1,0.0390625,2.34375,18.092141187880177,1.002396094811758,113.68746579247824,0.47344721840539034,2.5956225773488533,,0.0,120.0,0,3,1771527539941,203,False,54.25310134887695,16,0.16348239866620004
19.98616361618042,1771527539.9861636,breathing_no_rate,,AppState.ESTIMATE_BREATHING_RATE,0.0000;3.0000,True,0.5204729922115796,1.247959037997893,7.6356766610257285,1,10.139135837554932,1.2636826892585604,7.24115501293715,0.17451396729200425,3,416.7501171640507,24.992636672576793,16.674916000545693,179.50096839919834,24.87096106681193,7.217291197946871,46.56606141850034,46.56606141850034,68047.578125,4485.250855859708,17007.000000000015,62522.870646192954,1,0.0390625,2.34375,18.482363033654135,1.0037208892755205,116.2965212982601,0.4734554852722308,2.5956225773488533,,0.0,120.0,0,3,1771527539986,204,False,44.19755935668945,16,0.04846004094772868
20.040287971496582,1771527540.040288,breathing_no_rate,,AppState.ESTIMATE_BREATHING_RATE,0.0000;3.0000,True,0.5204729922115796,1.2416852235362015,7.629292444654692,1,10.139135837554932,1.1820317130745066,6.9940575955651365,0.16900514426061006,3,407.9087865258604,24.99132699708371,16.3220138953461,163.7604123597947,24.874777430095417,6.58339206505146,28.948872349628118,28.948872349628118,61160.875,4701.437164746807,18617.0,61471.57433116507,1,0.0390625,2.34375,18.876199786049074,1.0051532958235105,118.95985295079461,0.47347482307756567,2.5956225773488533,,0.0,120.0,0,3,1771527540040,205,False,54.12435531616211,16,-0.0741179208461377
20.094725608825684,1771527540.0947256,breathing_no_rate,,AppState.ESTIMATE_BREATHING_RATE,0.0000;3.0000,True,0.5204729922115796,1.2339242379066668,7.617763853210814,1,10.139135837554932,1.160130210322424,6.470659397401412,0.17929087885680342,3,395.3925660024478,25.006280937654658,15.811730139816623,124.30296280660409,24.908779323343264,4.990327353581844,29.27998109117992,9.868823115822579,53478.4375,2851.5190393948383,9509.250000000015,60338.202343222976,1,0.0390625,2.34375,19.273870915777078,1.0030189499763351,121.67829735906719,0.4736155366674674,2.5956225773488533,,0.0,120.0,0,3,1771527540094,206,False,54.43763732910156,16,-0.19995135744555464
20.13885235786438,1771527540.1388524,breathing_no_rate,,AppState.ESTIMATE_BREATHING_RATE,0.0000;3.0000,True,0.5204729922115796,1.2304649046990772,7.604457178350896,1,10.139135837554932,1.1975724162537325,6.28043194091177,0.1906831293341251,3,402.8556755371581,25.00270438940435,16.112484043596815,104.67468205110536,24.90000812404231,4.203801120282868,39.63258761263853,27.70134290267471,53915.875,4059.3776818697834,18075.749999999993,63942.23312545717,1,0.0390625,2.34375,19.67364279990683,1.000671782449777,124.46486162851774,0.4739847687611002,2.5956225773488533,,0.0,120.0,0,3,1771527540138,207,False,44.12674903869629,16,-0.32398353879500297
20.193049430847168,1771527540.1930494,breathing_no_rate,,AppState.ESTIMATE_BREATHING_RATE,0.0000;3.0000,True,0.5204729922115796,1.2242782477337588,7.592727263309144,1,10.139135837554932,1.165453459679059,6.425590941742018,0.18137685234935297,3,395.39243263022877,24.98873650399878,15.822826118124617,80.67900323194381,24.8975531169567,3.2404390443395106,50.17494632524998,48.549746850095104,49199.6875,4184.709038664607,17449.75,63273.66111617789,2,0.078125,4.6875,20.110456746873453,1.001792478768082,127.32568253164082,0.47466789429586165,2.5956225773488533,,0.0,120.0,0,3,1771527540193,208,False,54.197072982788086,16,-0.4409247751330242
20.25635814666748,1771527540.2563581,breathing_no_rate,,AppState.ESTIMATE_BREATHING_RATE,0.0000;3.0000,True,0.5204729922115796,1.2213568465132278,7.585695687743182,1,10.139135837554932,1.1935791939645477,6.88604805929339,0.17333297466321973,3,399.07057059184405,24.959873543349566,15.988485273483525,55.26081624894804,24.86172709283852,2.222726363312198,69.46482298233235,69.46482298233235,48179.96875,3295.1709872115807,12867.000000000007,65494.77721110758,2,0.078125,4.6875,20.567807577806636,1.004325932142679,130.25299960260338,0.47570479833858526,2.5956225773488533,,0.0,120.0,0,3,1771527540256,209,False,63.3087158203125,16,-0.5437219750258742
20.290984869003296,1771527540.2909849,breathing_no_rate,,AppState.ESTIMATE_BREATHING_RATE,0.0000;3.0000,True,0.5204729922115796,1.2196116884368426,7.579066651423684,1,10.139135837554932,1.2030181461504679,6.919472013445934,0.17385981815359616,3,409.4653192350361,24.97961205550644,16.3919807204685,76.46205145364594,24.8805701544863,3.073163154051984,45.325337720408,45.325337720408,52008.828125,4394.911880265944,14095.0,68374.5545666389,2,0.078125,4.6875,21.030985308493896,1.0069729081031997,133.25380274597882,0.4770858963544437,2.5956225773488533,,0.0,120.0,0,3,1771527540290,210,False,34.62672233581543,16,-0.6283066141548018
20.33538055419922,1771527540.3353806,breathing_no_rate,,AppState.ESTIMATE_BREATHING_RATE,0.0000;3.0000,True,0.5204729922115796,1.2201718175112863,7.567314913785601,1,10.139135837554932,1.225497710683018,6.398007225697969,0.191543658401821,3,426.9275406904549,24.958034984362676,17.105815459463788,131.4492535163285,24.8876040494025,5.281715879524474,31.178398397327413,9.073657481495786,64302.296875,3753.9615805950875,14137.250000000007,70097.59444193255,2,0.078125,4.6875,21.501563235144303,1.0096842238727233,136.32384945417073,0.4788094502632058,2.5956225773488533,,0.0,120.0,0,3,1771527540335,211,False,44.39568519592285,16,-0.7030370888574201
20.390023469924927,1771527540.3900235,breathing_no_rate,,AppState.ESTIMATE_BREATHING_RATE,0.0000;3.0000,True,0.5204729922115796,1.2278785778559511,7.553547290003334,1,10.139135837554932,1.3011570134318537,6.183657250667128,0.2104186827433003,3,446.8666476492176,25.024261128264605,17.8573363401579,151.73128488383665,24.996890539634506,6.070006372880056,59.096268075629325,27.568537118015584,74899.78125,5615.962105821533,23518.249999999993,74642.37159855283,2,0.078125,4.6875,21.977879750555772,1.012488933021235,139.46795931873518,0.48092073276060937,2.5956225773488533,,0.0,120.0,0,3,1771527540390,212,False,54.64291572570801,16,-0.7796656086390017
20.444652557373047,1771527540.4446526,breathing_no_rate,,AppState.ESTIMATE_BREATHING_RATE,0.0000;3.0000,True,0.5204729922115796,1.2344038352231483,7.539587064777911,1,10.139135837554932,1.2964481482955466,6.150533021346695,0.21078630804601312,3,450.93749999999994,24.988658142682844,18.045686863502006,162.57137855416002,24.972291145819913,6.510070605790715,44.64903067661422,36.070342923545695,75516.734375,5495.40625308763,19513.25,75590.47403687764,2,0.078125,4.6875,22.459933589447488,1.015368223477621,142.68377758157015,0.48347325958396226,2.5956225773488533,,0.0,120.0,0,3,1771527540444,213,False,54.62908744812012,16,-0.859355840221024
20.488828897476196,1771527540.488829,breathing_no_rate,,AppState.ESTIMATE_BREATHING_RATE,0.0000;3.0000,True,0.5204729922115796,1.2339723771754771,7.52339744254494,1,10.139135837554932,1.2298699308379728,5.91251653903499,0.20801124572087784,3,451.67304442760366,24.996627492465933,18.069359338401554,151.12584005142867,24.99433115325314,6.046404647467931,51.917199892706435,23.12566529066919,75904.546875,3692.088803927118,14224.0,75996.00174698717,2,0.078125,4.6875,22.94878194157681,1.0182694867688251,145.95610381095554,0.4865025866516124,2.5956225773488533,,0.0,120.0,0,3,1771527540488,214,False,44.176340103149414,16,-0.9388888250429245
20.543342113494873,1771527540.543342,breathing_no_rate,,AppState.ESTIMATE_BREATHING_RATE,0.0000;3.0000,True,0.5204729922115796,1.2415635471052202,7.505090318813545,1,10.139135837554932,1.3137429106464131,5.683516251628722,0.23114967077621795,3,438.9682372122726,25.047173884229643,17.525659350779403,151.89503468678626,25.0299594633742,6.068528992345451,39.76219274892847,22.440159254610847,72803.640625,5471.061188032294,18380.999999999993,71730.60459903647,2,0.078125,4.6875,23.443463063740683,1.0212074058494183,149.28756483040306,0.4900336803362526,2.5956225773488533,,0.0,120.0,0,3,1771527540543,215,False,54.51321601867676,16,-1.017090120665273
20.58786940574646,1771527540.5878694,breathing_no_rate,,AppState.ESTIMATE_BREATHING_RATE,0.0000;3.0000,True,0.5204729922115796,1.2486270427497508,7.484967227548388,1,10.139135837554932,1.3157891040284204,5.482702877450476,0.23998913185685697,3,438.0357612398787,25.049727361574995,17.486647854471926,153.4481284506266,25.041946612578432,6.1276437817906215,29.926497265988132,22.532562251338703,71467.515625,5495.511370419689,23369.25,71471.14033369266,2,0.078125,4.6875,23.94443834209809,1.0241492634799712,152.66818122332023,0.4940853484776282,2.5956225773488533,,0.0,120.0,0,3,1771527540587,216,False,44.527292251586914,16,-1.0937079660082956
20.642216205596924,1771527540.6422162,breathing_no_rate,,AppState.ESTIMATE_BREATHING_RATE,0.0000;3.0000,True,0.5204729922115796,1.2671556946825004,7.462955619437614,1,10.139135837554932,1.4433322677482825,5.27278226943934,0.2737325748950413,3,436.8461542694407,25.054378638576274,17.43592050530409,152.48793497355783,25.02352156033621,6.093783986390093,20.259059575676105,20.259059575676105,70016.96875,6944.456313016771,25815.000000000015,72442.4525841528,2,0.078125,4.6875,24.451229395222743,1.024511333342453,156.09285008205927,0.49867154157169813,2.5956225773488533,,0.0,120.0,0,3,1771527540642,217,False,54.34679985046387,16,-1.1687140103422915
20.686272144317627,1771527540.6862721,breathing_no_rate,,AppState.ESTIMATE_BREATHING_RATE,0.0000;3.0000,True,0.5204729922115796,1.2781488003622568,7.4374824569521865,1,10.139135837554932,1.3826748982693728,4.902881562052112,0.28201270630095304,3,433.91746136938303,25.03936289427564,17.32941301997957,141.37512433681536,25.01734085681963,5.65108518688252,10.92123841680771,8.589432346846735,67470.96875,6097.380384534897,21825.0,71305.03363376737,2,0.078125,4.6875,24.96367931092857,1.0229612341252223,159.55444953294813,0.5037919848756018,2.5956225773488533,,0.0,120.0,0,3,1771527540686,218,False,44.055938720703125,16,-1.2409340415273524
20.740485429763794,1771527540.7404854,breathing_no_rate,,AppState.ESTIMATE_BREATHING_RATE,0.0000;3.0000,True,0.5204729922115796,1.2811402339512339,7.409231374697937,1,10.139135837554932,1.3095837775059775,4.598225147870766,0.2848020127565058,3,430.4317282174375,25.05261730778821,17.18110818171666,144.50437925889997,25.047458505151905,5.7692232217256,17.185206649713024,11.005262612289613,67988.828125,5646.6330411075705,22332.500000000007,69200.83285757746,2,0.078125,4.6875,25.48191046758381,1.0214425492855033,163.04545191465834,0.5094218775207581,2.5956225773488533,,0.0,120.0,0,3,1771527540740,219,False,54.21328544616699,16,-1.3081611451051123
20.79033660888672,1771527540.7903366,breathing_no_rate,,AppState.ESTIMATE_BREATHING_RATE,0.0000;3.0000,True,0.5204729922115796,1.2808415617531805,7.377785343595386,1,10.139135837554932,1.2780016873514124,4.248879043909356,0.30078561282713023,3,436.3989448457684,25.060621205114895,17.413732136028827,139.58621887564686,25.039453463443884,5.574651182936552,10.992648697355776,5.716524132869807,66711.21875,5933.198926297974,21710.499999999993,72768.668483814,2,0.078125,4.6875,26.006147707018922,1.01997163558939,166.55905652694324,0.5155196156419342,2.5956225773488533,,0.0,120.0,0,3,1771527540790,220,False,49.851179122924805,16,-1.3692872030549228
20.84450125694275,1771527540.8445013,breathing_no_rate,,AppState.ESTIMATE_BREATHING_RATE,0.0000;3.0000,True,0.5204729922115796,1.2851363190985483,7.343927402380887,1,10.139135837554932,1.3259722975605666,3.975034036634187,0.33357508011421777,3,431.9203123841249,25.053200689907513,17.24012503284183,124.90335326263263,25.023825156400132,4.991377316496946,8.420477515606024,8.420477515606024,64879.75,5793.561549659025,22532.999999999985,72255.2996006851,2,0.078125,4.6875,26.53651686213171,1.018563481355547,170.0878744603592,0.5220495757659492,2.5956225773488533,,0.0,120.0,0,3,1771527540844,221,False,54.16464805603027,16,-1.425687775685824
20.88907504081726,1771527540.889075,breathing_no_rate,,AppState.ESTIMATE_BREATHING_RATE,0.0000;3.0000,True,0.5204729922115796,1.2887770636257307,7.310286444432,1,10.139135837554932,1.3233944711163061,3.9629830944328863,0.333938964473869,3,418.7647385465973,25.09088952130827,16.689912016641507,107.75935284234033,25.017362615269338,4.307382616433839,24.008132205775738,24.008132205775738,59259.75,4056.3209383242197,14650.999999999985,68799.35958169642,2,0.078125,4.6875,27.071767407820946,1.0171921860214659,173.63252599570524,0.5289795568134591,2.5956225773488533,,0.0,120.0,0,3,1771527540889,222,False,44.57378387451172,16,-1.4782028246309218
20.943389892578125,1771527540.94339,breathing_no_rate,,AppState.ESTIMATE_BREATHING_RATE,0.0000;3.0000,True,0.5204729922115796,1.285933437309116,7.282790395579121,1,10.139135837554932,1.2588952943638443,4.546910621381754,0.2768682736289222,3,409.87815453192917,25.06952501991151,16.349657769344777,64.4741045401175,25.02016531500385,2.5768856330808254,63.196611323752094,63.196611323752094,51558.34375,4452.596094796658,16659.749999999993,68537.04056442108,2,0.078125,4.6875,27.61174577340208,1.0158742959802591,177.18832342165683,0.5362856576404686,2.5956225773488533,,0.0,120.0,0,3,1771527540943,223,False,54.31485176086426,16,-1.5280315832115272
20.987544536590576,1771527540.9875445,breathing_no_rate,,AppState.ESTIMATE_BREATHING_RATE,0.0000;3.0000,True,0.5204729922115796,1.2807523282871356,7.266539318798831,1,10.139135837554932,1.2314886238640774,5.649543636618549,0.2179801950132713,3,390.1040776590909,25.037982410448112,15.580491720479987,21.137200618814212,24.96158753428032,0.8467891150328168,100.04783687593971,100.04783687593971,42095.8125,3180.449635934949,11356.250000000007,64802.69261153488,2,0.078125,4.6875,28.150508570384556,1.0144976247530622,180.77319095303693,0.5440099162273531,2.5956225773488533,,0.0,120.0,0,3,1771527540987,224,False,44.15464401245117,16,-1.5821961663607016
21.041783094406128,1771527541.041783,breathing_no_rate,,AppState.ESTIMATE_BREATHING_RATE,0.0000;3.0000,True,0.5204729922115796,1.2699907110998545,7.256602793407278,1,10.139135837554932,1.1676656826205887,6.267910236523717,0.1862926618875611,3,391.8144939333536,24.992482016262965,15.67729422242725,41.37934267240116,24.909461911264806,1.6611897446097375,82.50373566965264,74.9471855780931,41939.828125,2976.084934417236,10785.750000000022,65256.31390709229,2,0.078125,4.6875,28.688790461423494,1.013140498821386,184.3738820477525,0.5522710005891989,2.5956225773488533,,0.0,120.0,0,3,1771527541041,225,False,54.23855781555176,16,-1.648314515324956
21.085999011993408,1771527541.085999,breathing_no_rate,,AppState.ESTIMATE_BREATHING_RATE,0.0000;3.0000,True,0.5204729922115796,1.257588231539564,7.24850901324241,1,10.139135837554932,1.1396613389420331,6.443171142032538,0.1768789488347567,3,379.37278108906287,24.98186804016592,15.185925266434051,62.87155184381884,24.891689634712186,2.5258049077398437,98.44158154465687,50.20067860748161,39849.328125,3871.77654608356,14286.500000000015,60795.38442149835,2,0.078125,4.6875,29.227680681865916,1.0118605157460605,187.97958621058254,0.561200209309928,2.62276315797657,,0.0,120.0,0,3,1771527541085,226,False,44.21591758728027,16,-1.7270567597255262
21.140233755111694,1771527541.1402338,breathing_no_rate,,AppState.ESTIMATE_BREATHING_RATE,0.0000;3.0000,True,0.6405821442604057,1.2512503166915085,7.241338874482446,2,10.139135837554932,1.1909873184784812,6.527904092760337,0.18244559070910374,3,381.52577116428193,24.99921652028091,15.261509129276236,98.92756977961199,25.09872709520589,3.9415373297782343,64.14039884102215,64.14039884102215,45869.671875,4290.353041926178,15691.5,58966.29378375861,2,0.078125,4.6875,29.76541302506947,1.0106328128545519,191.59477293417956,0.5709202943077939,2.712652257900495,,0.0,120.0,0,3,1771527541140,227,False,54.23474311828613,16,-1.8169458596494512
21.194543838500977,1771527541.1945438,breathing_no_rate,,AppState.ESTIMATE_BREATHING_RATE,0.0000;3.0000,True,0.6405821442604057,1.2435028316045516,7.236267715260818,2,10.139135837554932,1.1698371716605709,6.7316831467498375,0.1737807834956709,3,374.01665341432323,24.985440600725195,14.96938394548456,105.83071683117336,25.062294791742442,4.222706568028236,53.75269197760605,53.75269197760605,46669.1875,2865.355064303768,12115.749999999993,54695.992494826714,2,0.078125,4.6875,30.298145525744346,1.0094239311064404,195.2269296236592,0.5815472510252363,2.8125180261251495,,0.0,120.0,0,3,1771527541194,228,False,54.31008338928223,16,-1.9168116278741056
21.238569974899292,1771527541.23857,breathing_no_rate,,AppState.ESTIMATE_BREATHING_RATE,0.0000;3.0000,True,0.6405821442604057,1.2426187812706608,7.2351075189486345,2,10.139135837554932,1.2342129372401403,7.119667019057709,0.17335262081261438,3,370.55166327551416,24.988253930092206,14.829033845155815,87.246104855747,25.073547332459526,3.4796075599291445,67.9334645936614,67.9334645936614,42884.390625,3847.7908109402015,12431.25,55939.135441392194,2,0.078125,4.6875,30.83043434765685,1.0083085008333514,198.86092120195514,0.593140142291189,2.9169453664734655,,0.0,120.0,0,3,1771527541238,229,False,44.02613639831543,16,-2.0212389682224217
21.312394380569458,1771527541.3123944,breathing_no_rate,,AppState.ESTIMATE_BREATHING_RATE,0.0000;3.0000,True,0.6405821442604057,1.2451998299489706,7.231425428875953,2,10.139135837554932,1.2697412975479645,6.865054398240857,0.1849572084510173,3,402.4670114587033,24.96585180738759,16.120700168679583,125.41991966988337,25.078564518471087,5.0010804873822385,27.947905218167563,27.947905218167563,50728.84375,3500.6886162705096,11607.25,65576.88906134437,2,0.078125,4.6875,31.36388838827466,1.007290060503509,202.49499086940133,0.6056889529505467,3.0201272131404284,,0.0,120.0,0,3,1771527541312,230,False,73.82440567016602,16,-2.1244208148893846
21.336638689041138,1771527541.3366387,breathing_no_rate,,AppState.ESTIMATE_BREATHING_RATE,0.0000;3.0000,True,0.6405821442604057,1.236372300034324,7.222985176274308,2,10.139135837554932,1.1524372153534326,6.3831730088784795,0.18054300166546358,3,407.71778114585584,24.97175411493624,16.32715824659119,141.2448284451505,25.084023865970067,5.630868045502766,28.633937883529413,11.38495775509665,51881.46875,3202.3343937409027,12453.749999999985,66829.63117412901,2,0.078125,4.6875,31.89645857776647,1.0063135909411256,206.138054990092,0.6191505455500467,3.1197763383782116,,0.0,120.0,0,3,1771527541336,231,False,24.244308471679688,16,-2.2240699401271677
21.392048358917236,1771527541.3920484,breathing_no_rate,,AppState.ESTIMATE_BREATHING_RATE,0.0000;3.0000,True,0.6405821442604057,1.228098256740814,7.212464352492575,2,10.139135837554932,1.1494259065806804,6.16563361887168,0.18642462031414095,3,414.0849192043825,24.98652829835429,16.572327065344385,124.9226323069603,25.10420074054561,4.976164491077483,74.40554962031756,26.020363700903786,48912.15625,4473.758392590444,19187.499999999993,71783.84698373429,2,0.078125,4.6875,32.42881656960213,1.005417940134944,209.78075176069274,0.6333557793729826,3.2060404786539873,,0.0,120.0,0,3,1771527541392,232,False,55.40966987609863,16,-2.3103340804029435
21.44239616394043,1771527541.4423962,breathing_no_rate,,AppState.ESTIMATE_BREATHING_RATE,0.0000;3.0000,True,0.5204729922115796,1.2149025728645573,7.2016955726451455,1,10.139135837554932,1.0894336303307934,6.130193003857619,0.17771604082734696,3,412.26118560476925,24.97411048195997,16.507542316114055,34.945549162232375,24.86828537490141,1.405225516516564,90.27109892728218,65.12756573592014,47040.171875,2879.624535690847,10298.999999999993,71970.98692735571,2,0.078125,4.6875,32.95556245519498,1.0044753148927612,213.44219175964344,0.6479232234202508,3.2620301408186143,,0.0,120.0,0,3,1771527541442,233,False,50.34780502319336,16,-2.3663237425675705
21.49089026451111,1771527541.4908903,breathing_no_rate,,AppState.ESTIMATE_BREATHING_RATE,0.0000;3.0000,True,0.5204729922115796,1.2058703782084372,7.190880716100593,1,10.139135837554932,1.119989273228224,6.11479347755216,0.1831606050403212,3,425.4050138177147,24.979727415294857,17.030010245036266,60.31816683222394,24.88253564904834,2.424116564346478,73.31054482208421,37.33469744204356,51164.96875,3577.0447440011076,12221.75,76344.30747926958,2,0.078125,4.6875,33.47839083345158,1.003492125004133,217.11792607017196,0.6623974147916196,3.28102597906194,,0.0,120.0,0,3,1771527541490,234,False,48.49410057067871,16,-2.3853195808108962
21.538375854492188,1771527541.5383759,breathing_no_rate,,AppState.ESTIMATE_BREATHING_RATE,0.0000;3.0000,True,0.40036384016275356,1.2035875865460492,7.176136525659908,0,10.139135837554932,1.1818820456592998,5.709077290006855,0.20701804957537415,3,427.7078624774158,24.982590089390406,17.12023697022249,72.72854602045884,24.423485206559484,2.9778119462634316,23.529632397593588,23.529632397593588,56079.9375,2982.05221714531,11704.500000000007,74727.00413438499,2,0.078125,4.6875,33.998718737168055,1.0024629729360468,220.80661137150912,0.676364513637952,3.28102597906194,,0.0,120.0,0,3,1771527541538,235,False,47.4855899810791,16,-2.3684564711695097
21.59562039375305,1771527541.5956204,breathing_no_rate,,AppState.ESTIMATE_BREATHING_RATE,0.0000;3.0000,True,0.5204729922115796,1.204113351768606,7.158524314481797,1,10.139135837554932,1.2091125020296933,5.406094625441516,0.22365729525263126,3,416.8081140120115,24.99506009378354,16.67561959969039,124.41929173665152,24.862442090490486,5.004306949365836,25.18148681300221,25.18148681300221,55616.09375,3637.3783408295517,12160.75,69601.14835385121,2,0.078125,4.6875,34.51561359507457,1.0013695346557934,224.50877350529032,0.6894562752053145,3.28102597906194,,0.0,120.0,0,3,1771527541595,236,False,57.24453926086426,16,-2.31609586014588
21.643295288085938,1771527541.6432953,breathing_no_rate,,AppState.ESTIMATE_BREATHING_RATE,0.0000;3.0000,True,0.5204729922115796,1.2006335833212254,7.142363194730716,1,10.139135837554932,1.1675467898325766,5.534318311920762,0.21096487838560887,3,434.31017951603434,24.971841670790326,17.391996362313034,143.82303851000367,24.855132194906734,5.786452366312063,41.87091889967731,41.87091889967731,62674.625,5107.756083735546,20705.999999999993,73837.9687527708,2,0.078125,4.6875,35.03093228049657,1.0002099682740857,228.22404327429967,0.701369966401231,3.28102597906194,,0.0,120.0,0,3,1771527541643,237,False,47.67489433288574,16,-2.2295654968857157
21.690192699432373,1771527541.6901927,breathing_no_rate,,AppState.ESTIMATE_BREATHING_RATE,0.0000;3.0000,True,0.5204729922115796,1.2078972771199932,7.13002421865016,1,10.139135837554932,1.2769628889038824,5.902285816171874,0.21635056797634872,3,431.3322792885434,24.969936152301667,17.274064164217343,164.3775784018307,24.86861124300564,6.6098414901014015,58.62504493268378,58.62504493268378,67587.6875,3382.233311849029,12953.250000000007,70590.58555370152,3,0.1171875,7.03125,35.580894609251,1.001050666544267,231.9577549700785,0.7118834095158766,3.28102597906194,,0.0,120.0,0,3,1771527541690,238,False,46.89741134643555,16,-2.111266845352721
21.737608194351196,1771527541.7376082,breathing_no_rate,,AppState.ESTIMATE_BREATHING_RATE,0.0000;3.0000,True,0.5204729922115796,1.2275809908249662,7.120600739090623,1,10.139135837554932,1.4147402746377675,6.182956670030165,0.22881290455526557,3,439.2125455360423,24.961083412878146,17.59589270439455,164.33665189558295,24.8677116547565,6.60843483190145,55.01756241091317,55.01756241091317,70479.265625,5838.200802064332,19786.5,73030.83959249487,3,0.1171875,7.03125,36.14164644053097,1.0024121393541376,235.70977619001084,0.7208604980314621,3.28102597906194,,0.0,120.0,0,3,1771527541737,239,False,47.41549491882324,16,-1.9643219347819367
21.795283555984497,1771527541.7952836,breathing_no_rate,,AppState.ESTIMATE_BREATHING_RATE,0.0000;3.0000,True,0.5204729922115796,1.2427861469423798,7.11190388284236,1,10.139135837554932,1.3873618185788739,6.246559438772071,0.22210015480609865,3,430.72672056943486,24.977093541304455,17.244869577795352,154.76546015261286,24.87292151126368,6.222246955441291,42.67963061888072,42.67963061888072,66784.703125,4270.725736243078,12370.500000000007,70352.13981823609,3,0.1171875,7.03125,36.70667560466101,1.003870688791374,239.47988608192102,0.7282561714308364,3.28102597906194,,0.0,120.0,0,3,1771527541795,240,False,57.67536163330078,16,-1.7930861890828482
21.843090057373047,1771527541.84309,breathing_no_rate,,AppState.ESTIMATE_BREATHING_RATE,0.0000;3.0000,True,0.5204729922115796,1.2587995215784151,7.103154218618507,1,10.139135837554932,1.4110600031738803,6.232555336970486,0.2264015201882452,3,431.0110433982521,25.016844977418224,17.228832963152666,153.152255227437,24.911939633859582,6.147745116286697,38.566333321779496,38.566333321779496,63937.25,4670.696993624183,17648.499999999985,72314.30911417294,3,0.1171875,7.03125,37.27468622411923,1.0054513523120931,243.27157428140927,0.7341110533647294,3.28102597906194,,0.0,120.0,0,3,1771527541843,241,False,47.806501388549805,16,-1.6026840716597475
21.890997171401978,1771527541.8909972,breathing_no_rate,,AppState.ESTIMATE_BREATHING_RATE,0.0000;3.0000,True,0.5204729922115796,1.261096974042475,7.090866226954782,1,10.139135837554932,1.282941914698096,5.868200816438154,0.21862610953695727,3,424.82588345109104,25.02901288791681,16.973337515807895,130.56734672669887,24.914383547671818,5.240641273408484,15.00848798486308,15.00848798486308,59722.09375,3287.5324533509825,13449.999999999993,70862.24735719786,3,0.1171875,7.03125,37.84835082069126,1.0071296685096227,247.08401842992575,0.738540871928814,3.28102597906194,,0.0,120.0,0,3,1771527541890,242,False,47.907114028930664,16,-1.3989546994560107
21.938642263412476,1771527541.9386423,breathing_no_rate,,AppState.ESTIMATE_BREATHING_RATE,0.0000;3.0000,True,0.5204729922115796,1.2580498825144704,7.078961546075009,1,10.139135837554932,1.2290771248000922,5.894435877986631,0.20851480108243958,3,423.4845499690632,25.017925698599036,16.927244690627987,75.33428108271825,24.882607576385062,3.027587878337436,53.01620075392257,37.77573634725009,53474.734375,4886.105699030629,18045.249999999985,73854.80512547458,3,0.1171875,7.03125,38.42915179336485,1.0088867961637407,250.9170262179643,0.741719085515964,3.28102597906194,,0.0,120.0,0,3,1771527541938,243,False,47.64509201049805,16,-1.188012917766266
21.99579668045044,1771527541.9957967,breathing_no_rate,,AppState.ESTIMATE_BREATHING_RATE,0.0000;3.0000,True,0.5204729922115796,1.256929207132613,7.072180514440014,1,10.139135837554932,1.246273453599575,6.397462215907658,0.19480747386140662,3,409.41109573691335,25.02973184034127,16.356990891156673,38.96472763923803,24.887485565738046,1.565635368617315,79.60122841872217,69.63138164584845,45658.953125,4775.555259125264,14080.249999999993,71678.9918254167,3,0.1171875,7.03125,39.01256412486632,1.0107838182464768,254.77813425565634,0.7438590316914885,3.28102597906194,,0.0,120.0,0,3,1771527541995,244,False,57.15441703796387,16,-0.9765844372650347
22.043330192565918,1771527542.0433302,breathing_no_rate,,AppState.ESTIMATE_BREATHING_RATE,0.0000;3.0000,True,0.5204729922115796,1.2546122729357605,7.060414007392118,1,10.139135837554932,1.2325820934978846,5.889636750720281,0.20927981562493891,3,387.5750129007287,24.9982461230613,15.504088205919382,101.95606437333682,24.86383095273199,4.100577443719851,83.06623267693269,6.235804090867802,43113.0625,4612.159721103416,15515.25,62876.28494603696,3,0.1171875,7.03125,39.59804078368445,1.0127511014121136,258.65351972181344,0.7451951353682684,3.28102597906194,,0.0,120.0,0,3,1771527542043,245,False,47.533512115478516,16,-0.7725666471314714
22.09121060371399,1771527542.0912106,breathing_no_rate,,AppState.ESTIMATE_BREATHING_RATE,0.0000;3.0000,True,0.6405821442604057,1.2510410401053575,7.0514056790663435,2,10.139135837554932,1.217084572901809,6.155069503723996,0.19773693407811244,3,383.59534750176516,24.95639664400861,15.37062232814311,72.78771037235612,25.07730214355322,2.9025335322270935,71.40624089483825,71.40624089483825,44441.796875,2515.130655184036,8600.499999999993,60688.10796231544,3,0.1171875,7.03125,40.18710413169104,1.0147616249955882,262.5423076996487,0.7459511359923904,3.28102597906194,,0.0,120.0,0,3,1771527542091,246,False,47.88041114807129,16,-0.5815429937173724
22.139143705368042,1771527542.1391437,breathing_no_rate,,AppState.ESTIMATE_BREATHING_RATE,0.0000;3.0000,True,0.6405821442604057,1.256590876657037,7.041576971514209,2,10.139135837554932,1.3093605648296505,6.0636123795007935,0.21593737901852994,3,388.34662553252605,24.931423325963394,15.576592657368593,109.67724311018216,25.06803842442336,4.375182503268797,32.9237118910834,32.41535754493427,49018.890625,4680.557043144634,15808.0,60540.710730052975,3,0.1171875,7.03125,40.78079852076607,1.0167582958132677,266.4369573796315,0.7463164801869697,3.28102597906194,,0.0,120.0,0,3,1771527542139,247,False,47.933101654052734,16,-0.4044222955018045
22.196922540664673,1771527542.1969225,breathing_no_rate,,AppState.ESTIMATE_BREATHING_RATE,0.0000;3.0000,True,0.5204729922115796,1.262948580953813,7.02974327623746,1,10.139135837554932,1.323399743814281,5.852280734804723,0.2261340157039315,3,379.7077875238405,24.91584138264983,15.239613291687222,169.374630995908,24.76104164632635,6.8403677603036845,54.61461475937581,54.61461475937581,51509.03125,3443.0021464230094,12599.750000000007,54978.85091465179,3,0.1171875,7.03125,41.37608261604935,1.0187794233896112,270.34214905908175,0.7464445772791981,3.28102597906194,,0.0,120.0,0,3,1771527542196,248,False,57.77883529663086,16,-0.23951097105547173
22.242604970932007,1771527542.242605,breathing_no_rate,,AppState.ESTIMATE_BREATHING_RATE,0.0000;3.0000,True,0.5204729922115796,1.2632253348882663,7.022928346186865,1,10.139135837554932,1.2658568031640693,6.344837127053735,0.19950973959080462,3,398.46628817567495,24.91184848385348,15.99505104641048,187.31128002605715,24.753050658689588,7.567199800996412,68.1343987200738,68.1343987200738,58311.15625,5355.466399707727,22339.5,59272.66899856853,3,0.1171875,7.03125,41.972811033148346,1.020788286564878,274.25167549485946,0.7464605596234579,3.28102597906194,,0.0,120.0,0,3,1771527542242,249,False,45.682430267333984,16,-0.084605183964031
22.286829471588135,1771527542.2868295,breathing_no_rate,,AppState.ESTIMATE_BREATHING_RATE,0.0000;3.0000,True,0.5204729922115796,1.2625918333044663,7.02215268872946,1,10.139135837554932,1.256568289958157,6.944974125337511,0.18093203330921817,3,402.0098189488038,24.930278837127297,16.125363922283423,202.85405005816375,24.769139908381085,8.189789827192774,78.58296715640563,78.58296715640563,62314.375,4839.647416619058,15530.000000000015,58832.558048625775,3,0.1171875,7.03125,42.57176710437337,1.0227448902032397,278.16050475921685,0.7464692489745163,3.28102597906194,,0.0,120.0,0,3,1771527542286,250,False,44.22450065612793,16,0.06238411146840697
22.361119508743286,1771527542.3611195,breathing_no_rate,,AppState.ESTIMATE_BREATHING_RATE,0.0000;3.0000,True,0.5204729922115796,1.2605733542120012,7.027023545353043,1,10.139135837554932,1.2413809849772555,7.51167783844001,0.1652601471350906,3,417.316599875023,24.91078987447814,16.75244349782036,209.11317584623882,24.75880079522543,8.44601390702731,79.67697166095994,79.67697166095994,69142.046875,5261.874067005167,20327.25,62023.92688000306,3,0.1171875,7.03125,43.173704584766895,1.0246407549718983,282.0701680529949,0.7465619072169634,3.28102597906194,,0.0,120.0,0,3,1771527542361,251,False,74.29003715515137,16,0.20372160625573885
22.38551115989685,1771527542.3855112,breathing_no_rate,,AppState.ESTIMATE_BREATHING_RATE,0.0000;3.0000,True,0.5204729922115796,1.2635012956603056,7.03578310704423,1,10.139135837554932,1.2913411348656483,7.907366794939818,0.16330861691261256,3,428.1314643672548,24.92801732029447,17.17470983949969,206.2811056089481,24.755654666286848,8.332686345052977,72.1666430014827,72.1666430014827,72869.890625,4510.942592193828,16054.750000000015,65507.16914590722,3,0.1171875,7.03125,43.77819538711536,1.0264804217430423,285.9822628850512,0.7468224361582386,3.28102597906194,,0.0,120.0,0,3,1771527542385,252,False,24.391651153564453,16,0.34164448271410097
22.440980672836304,1771527542.4409807,breathing_no_rate,,AppState.ESTIMATE_BREATHING_RATE,0.0000;3.0000,True,0.5204729922115796,1.267623364008696,7.045515649734692,1,10.139135837554932,1.306817358164244,8.013911757874373,0.16306859839292745,3,428.2829909213066,24.910499800473644,17.192870248872744,192.90173178330983,24.724360934309175,7.802091721926952,55.20834549913931,55.20834549913931,70698.828125,6145.687625353875,21909.25,66508.87621385019,3,0.1171875,7.03125,44.38385584715188,1.025062289355468,289.89584738537866,0.7473315836641284,3.28102597906194,,0.0,120.0,0,3,1771527542440,253,False,55.469512939453125,16,0.4777273676296592
22.486279726028442,1771527542.4862797,breathing_no_rate,,AppState.ESTIMATE_BREATHING_RATE,0.0000;3.0000,True,0.5204729922115796,1.2733705223383012,7.054173436722255,1,10.139135837554932,1.328016411475365,7.915630456795356,0.1677714009712931,3,426.56143314884906,24.95216206499592,17.095169229048675,183.84250435155087,24.733427713261328,7.43295698741938,43.33959529780981,43.33959529780981,68541.359375,5690.971186592925,20273.250000000007,67075.94548588153,3,0.1171875,7.03125,44.99057233788861,1.023383888261088,293.80741712759465,0.748170338285347,3.28102597906194,,0.0,120.0,0,3,1771527542486,254,False,45.29905319213867,16,0.6134392752529414
22.541025161743164,1771527542.5410252,breathing_no_rate,,AppState.ESTIMATE_BREATHING_RATE,0.0000;3.0000,True,0.5204729922115796,1.2692967663035966,7.05612973917984,1,10.139135837554932,1.2305621416635941,7.250783463958899,0.16971436915894295,3,417.33917654738576,24.947638645077312,16.728604356829855,134.86497877506972,24.709758400673973,5.457964282076236,18.225310651650034,5.294697424945923,59067.125,5061.437285062912,16012.50000000003,67467.07688828389,3,0.1171875,7.03125,45.60040206223188,1.021819695277156,297.7216959935223,0.7494224366594472,3.28102597906194,,0.0,120.0,0,3,1771527542541,255,False,54.74543571472168,16,0.7500266952394511
22.585533618927002,1771527542.5855336,breathing_no_rate,,AppState.ESTIMATE_BREATHING_RATE,0.0000;3.0000,True,0.5204729922115796,1.264667150440157,7.058943092604908,1,10.139135837554932,1.2206472260337764,7.338874102856414,0.1663262250802686,3,426.65806164011474,24.92621743943714,17.11683943460907,86.82860721703419,24.68769753985547,3.5170799979764102,50.08431457232389,50.08431457232389,56013.96875,2778.814939461324,10648.999999999993,74089.69923214408,3,0.1171875,7.03125,46.21291749471775,1.020354999125344,301.64108533474376,0.7511736515797117,3.28102597906194,,0.0,120.0,0,3,1771527542585,256,False,44.50845718383789,16,0.8878963214838275
22.6400945186615,1771527542.6400945,breathing_no_rate,,AppState.ESTIMATE_BREATHING_RATE,0.0000;3.0000,True,0.5204729922115796,1.2566148511515314,7.065602039572374,1,10.139135837554932,1.1800509165966024,7.728172811948446,0.15269468542673417,3,426.69972609552957,24.905103206744492,17.133023803846072,62.50112498987519,24.65509501056332,2.5350186223400057,69.88166391313905,69.88166391313905,53975.40625,5008.383695486097,18884.250000000007,75209.00908080755,3,0.1171875,7.03125,46.8291903269183,1.0190102571442783,305.5632111260655,0.7535131150197649,3.412961494980102,,0.0,120.0,0,3,1771527542640,257,False,54.56089973449707,16,1.0276419141692057
22.6945378780365,1771527542.6945379,breathing_no_rate,,AppState.ESTIMATE_BREATHING_RATE,0.0000;3.0000,True,0.5204729922115796,1.2461643787912389,7.076305927014098,1,10.139135837554932,1.1467978186098813,8.141351647356904,0.14086086293070624,3,413.46140331504944,24.908690426537227,16.599082337060832,53.428763905783924,24.6434369664962,2.168072739863945,74.14736475607282,74.14736475607282,49734.65625,5264.147376412056,21849.000000000007,71315.33698734209,3,0.1171875,7.03125,47.44475885464157,1.0177150047656336,309.4924908828916,0.7565848887023856,3.564982156212668,,0.0,120.0,0,3,1771527542694,258,False,54.443359375,16,1.1796625754017716
22.738646507263184,1771527542.7386465,breathing_no_rate,,AppState.ESTIMATE_BREATHING_RATE,0.0000;3.0000,True,0.5204729922115796,1.2386545050975637,7.0861592724598985,1,10.139135837554932,1.1672481331547664,8.066575355424646,0.14470181974127452,3,397.7550528041724,24.883446055923066,15.984725423250174,80.30316093560701,24.59994550350958,3.2643633670199024,44.39502585489792,44.39502585489792,48246.9375,4524.774544193474,14877.5,64695.757832107534,3,0.1171875,7.03125,48.05703981714688,1.0164995856695773,313.4107945225049,0.760664451428393,3.7480059556664935,,0.0,120.0,0,3,1771527542738,259,False,44.10862922668457,16,1.3626863748555975
22.788458347320557,1771527542.7884583,breathing_no_rate,,AppState.ESTIMATE_BREATHING_RATE,0.0000;3.0000,True,0.5204729922115796,1.2346563030599762,7.091710731663789,1,10.139135837554932,1.196640070904318,7.644085548659266,0.15654456810176046,3,373.15737401430243,24.876821398548138,15.00020312165285,101.38927535124216,24.579251090673534,4.124994491210873,45.13806256542155,21.889882860495618,42608.984375,3035.840110338012,10827.250000000007,57086.484182194436,3,0.1171875,7.03125,48.6669388620073,1.0154221052328098,317.31447670742534,0.7661493040135742,3.970344663289966,,0.0,120.0,0,3,1771527542788,260,False,49.81184005737305,16,1.58502508247907
22.842740058898926,1771527542.84274,breathing_no_rate,,AppState.ESTIMATE_BREATHING_RATE,0.0000;3.0000,True,0.5204729922115796,1.2344239063807252,7.090834782401066,1,10.139135837554932,1.2322142016115438,7.003677100803625,0.17593817985900825,3,384.0199071174566,24.86900565515759,15.44170733751765,117.68154193627818,24.559557130660338,4.79168013109536,99.24140776392014,5.256837707204824,45038.015625,4782.705948640593,17924.000000000007,60581.78660755419,3,0.1171875,7.03125,49.27219426524797,1.0144722713786138,321.2050553040456,0.7735226869536272,4.2307944133248885,,0.0,120.0,0,3,1771527542842,261,False,54.28171157836914,16,1.845474832513992
22.887049436569214,1771527542.8870494,breathing_no_rate,,AppState.ESTIMATE_BREATHING_RATE,0.0000;3.0000,True,0.5204729922115796,1.237771371825725,7.087302876321853,1,10.139135837554932,1.2696001844504463,6.735875278190013,0.1884833272333266,3,385.0266072380583,24.855433067322757,15.490641670965658,95.61368397096726,24.55605116341253,3.893691348449945,61.142242848755544,25.661189242090984,46038.546875,4003.633192975659,16063.749999999978,60503.88628944204,3,0.1171875,7.03125,49.88059109046005,1.0137712927111298,325.088986374933,0.7833486256165536,4.527588613172448,,0.0,120.0,0,3,1771527542887,262,False,44.309377670288086,16,2.1422690323615514
22.941510438919067,1771527542.9415104,breathing_no_rate,,AppState.ESTIMATE_BREATHING_RATE,0.0000;3.0000,True,0.5204729922115796,1.2438201075547752,7.077786258715766,1,10.139135837554932,1.3013334947128041,6.130874876408677,0.21225902024326354,3,393.48664307858024,24.862262554719408,15.82666268593729,118.55090217391853,24.570676708186582,4.824893655842789,21.349221429746194,2.5581377799441753,51765.90625,4754.03150286927,14725.249999999993,60962.66571227894,3,0.1171875,7.03125,50.491321285271916,1.0133486233880282,328.9523106255663,0.7962742607643788,4.860251646576399,,0.0,120.0,0,3,1771527542941,263,False,54.461002349853516,16,2.4749320657655036
22.986119508743286,1771527542.9861195,breathing_no_rate,,AppState.ESTIMATE_BREATHING_RATE,0.0000;3.0000,True,0.5204729922115796,1.241101250527188,7.077236466907958,1,10.139135837554932,1.2152494553985036,7.022531723871917,0.1730500484738883,3,401.98883010756657,24.86545704893748,16.166557055446415,19.616040948672595,24.576016090963076,0.7981782269050309,95.31418338317214,95.31418338317214,45960.078125,2623.878261393855,10412.749999999993,67806.20116242213,3,0.1171875,7.03125,51.11128108700368,1.01323728550475,332.82295531392384,0.8128971391936849,5.218112931203006,,0.0,120.0,0,3,1771527542986,264,False,44.60906982421875,16,2.83279335039211
23.040241718292236,1771527543.0402417,breathing_no_rate,,AppState.ESTIMATE_BREATHING_RATE,0.0000;3.0000,True,0.5204729922115796,1.2375295433516167,7.078794524549825,1,10.139135837554932,1.2035685659167508,7.233822558294829,0.1663807144910225,3,333.61615410715655,24.86723537822125,13.415892398956501,54.718169971226196,24.563298046733202,2.227639377452239,68.84226301170827,56.54639085905858,34940.296875,3158.2042195421736,10733.749999999993,45878.29328115157,3,0.1171875,7.03125,51.73218515463752,1.013350912508774,336.68136982166635,0.8335387959131586,5.578366654520323,,0.0,120.0,0,3,1771527543040,265,False,54.122209548950195,16,3.1930470737094274
23.094600915908813,1771527543.094601,breathing_no_rate,,AppState.ESTIMATE_BREATHING_RATE,0.0000;3.0000,True,0.5204729922115796,1.22567343482781,7.080575773945736,1,10.139135837554932,1.11294161941018,7.257811573210761,0.15334396712155,3,291.903270847125,24.845478944502215,11.748747991029102,160.08592663394867,24.55697907145209,6.518958466415453,103.82463410268491,45.849158649744766,44371.578125,2640.991664955653,9549.0,25197.99844514158,3,0.1171875,7.03125,52.34096238692441,1.0135183510478958,340.5146396471125,0.8583438471532698,5.933582634201288,,0.0,120.0,0,3,1771527543094,266,False,54.35919761657715,16,3.548263053390392
23.13865089416504,1771527543.138651,breathing_no_rate,,AppState.ESTIMATE_BREATHING_RATE,0.0000;3.0000,True,0.5204729922115796,1.212368806707365,7.082515601965096,1,10.139135837554932,1.0858639861363848,7.275530106412223,0.14924877914120918,3,227.13793303849533,24.872545624131327,9.13207423405002,64.63010739005468,24.6033383229011,2.6268836585996653,158.32634424860325,46.58664529812276,25141.78125,2898.6238557004817,10078.499999999993,17863.719619320476,3,0.1171875,7.03125,52.95091370195866,1.0138090679622096,344.3646756468216,0.8874313674603843,6.288405744607372,,0.0,120.0,0,3,1771527543138,267,False,44.049978256225586,16,3.903086163796476
23.192816495895386,1771527543.1928165,breathing_no_rate,,AppState.ESTIMATE_BREATHING_RATE,0.0000;3.0000,True,0.5204729922115796,1.2111580600499414,7.085399304478765,1,10.139135837554932,1.1996458789301325,7.372330107670237,0.16272275674678316,3,264.2889192011273,24.846997972693785,10.636653952358246,57.71725261999223,24.563852025791107,2.349682474761761,113.79829560004612,50.24249170276534,21244.953125,2224.5198906497762,6722.000000000007,29681.693641246988,3,0.1171875,7.03125,53.55659674927303,1.0142076380195315,348.19953037638896,0.9207558070302566,6.637030679674445,,0.0,120.0,0,3,1771527543192,268,False,54.16560173034668,16,4.251711098863549
23.236912965774536,1771527543.236913,breathing_no_rate,,AppState.ESTIMATE_BREATHING_RATE,0.0000;3.0000,True,0.5204729922115796,1.2337790524103924,7.085048837456828,1,10.139135837554932,1.448866956693782,7.050177076718762,0.20550788167757544,3,388.1620805555973,24.83945468141205,15.626835835105563,82.35375295030579,24.54025006223819,3.355864456885606,55.89534919506812,24.047118336280363,48262.140625,5521.571238793207,18319.749999999985,62884.783474397256,3,0.1171875,7.03125,54.170784027072614,1.0148186740339795,352.04273054578164,0.9579306643727438,6.962651824563812,,0.0,120.0,0,3,1771527543236,269,False,44.09646987915039,16,4.577332243752916
23.29105496406555,1771527543.291055,breathing_no_rate,,AppState.ESTIMATE_BREATHING_RATE,0.0000;3.0000,True,0.7606912963092318,1.249934888974077,7.085701434512044,3,10.139135837554932,1.4035499458671246,7.150635385336108,0.1962832489752054,3,197.66121782294573,24.851947634189294,7.953550390677063,197.66121782294573,31.476999189523166,6.279544521590099,170.01781101294404,170.01781101294404,13801.0625,1751.8504179063777,6129.000000000002,15914.99790592833,3,0.1171875,7.03125,54.763334066826246,1.0152489781191423,355.87170718909886,0.9983706027907322,7.25705549640988,,0.0,120.0,0,3,1771527543291,270,False,54.141998291015625,16,4.8717359155989834
23.335055589675903,1771527543.3350556,breathing_no_rate,,AppState.ESTIMATE_BREATHING_RATE,0.0000;3.0000,True,0.7606912963092318,1.2549545916836762,7.101879195793195,3,10.139135837554932,1.3026835913106327,8.711579924712927,0.14953471154705905,3,172.2017802608324,24.8749325397479,6.922703407486504,172.2017802608324,31.399568014763,5.484208578104796,183.57674421432907,183.57674421432907,12828.640625,2851.7398307447093,10104.0,10621.340428808347,3,0.1171875,7.03125,55.34865146987816,1.01568682313429,359.6895144670484,1.041412936573728,7.517484151819483,,0.0,120.0,0,3,1771527543335,271,False,44.00062561035156,16,5.132164571008587
23.411280393600464,1771527543.4112804,breathing_no_rate,,AppState.ESTIMATE_BREATHING_RATE,0.0000;3.0000,True,0.7606912963092318,1.2499768508053293,7.1288258443637025,3,10.139135837554932,1.2026468381989321,9.810039832632299,0.12259347144298353,3,188.2352251838109,24.890756891351202,7.562454850123686,188.2352251838109,31.335438734537888,6.0071035472795575,157.34339225172417,157.34339225172417,19576.953125,2781.047262580948,9108.750000000002,10399.481685117378,3,0.1171875,7.03125,55.90868294852632,1.015884759269413,363.48509142447926,1.0859733751400291,7.71815936041924,,0.0,120.0,0,3,1771527543411,272,False,76.22480392456055,16,5.332839779608344
23.435915231704712,1771527543.4359152,breathing_no_rate,,AppState.ESTIMATE_BREATHING_RATE,0.0000;3.0000,True,0.7606912963092318,1.2398699969467166,7.164557091607072,3,10.139135837554932,1.1437706755416959,10.719845968312116,0.10669655877668274,1,201.98089327953772,24.86935258285091,8.121678785104178,185.92068201251845,31.27122581723422,5.94542353706225,149.93808326335756,149.93808326335756,31624.890625,3867.8555508519003,15825.75,9310.403200223524,3,0.1171875,7.03125,56.47834999770948,1.0162230059974011,367.29566728112866,1.1307415233539566,7.8416430991829555,,0.0,120.0,0,3,1771527543435,273,False,24.634838104248047,16,5.456323518372059
23.49083948135376,1771527543.4908395,breathing_no_rate,,AppState.ESTIMATE_BREATHING_RATE,0.0000;3.0000,True,0.7606912963092318,1.2397956914077715,7.197550556020709,3,10.139135837554932,1.2390891696781443,10.480427759685455,0.118228873665468,3,269.0460288222073,24.89784218182266,10.805997838954315,269.0460288222073,31.220677567591785,8.617558931292043,102.43622429020468,62.74522850931692,33028.03125,2561.8835003442164,9214.499999999993,28057.726257054765,3,0.1171875,7.03125,57.03402121867367,1.0162938443248728,371.1317594274365,1.174678371931001,7.897838556169827,,0.0,120.0,0,3,1771527543490,274,False,54.92424964904785,16,5.5125189753589305
23.535270929336548,1771527543.535271,breathing_no_rate,,AppState.ESTIMATE_BREATHING_RATE,0.0000;3.0000,True,0.40036384016275356,1.2436564798922918,7.234435166170006,0,10.139135837554932,1.280366138371676,10.904484613148993,0.11741647438434194,1,411.2806314580107,24.88552965279111,16.52689885165275,409.22552614664687,24.591484026063917,16.640944714693823,291.93119866658435,291.93119866658435,117050.46875,5509.042093511899,23342.250000000015,53392.17394931751,3,0.1171875,7.03125,57.551741362155184,1.0160563089131518,374.89115850946877,1.216768039166459,7.897838556169827,,0.0,120.0,0,3,1771527543535,275,False,44.431447982788086,16,5.495139224474367
23.589561462402344,1771527543.5895615,breathing_no_rate,,AppState.ESTIMATE_BREATHING_RATE,0.0000;3.0000,True,0.40036384016275356,1.2568789396654105,7.3069518324683935,0,10.139135837554932,1.382602476314659,14.522420559612463,0.09520468509667988,1,477.6336241370053,24.940419738805005,19.150985794144443,440.0262776244164,24.652090960708783,17.84945051143506,326.878201969963,303.08427754799783,152568.578125,8018.846944912205,31098.50000000003,67388.34872437228,3,0.1171875,7.03125,58.053504259063594,1.0156696498288182,378.6236383475058,1.2559916802343563,7.897838556169827,,0.0,120.0,0,3,1771527543589,276,False,54.2905330657959,16,5.39418130064976
23.643659114837646,1771527543.643659,breathing_no_rate,,AppState.ESTIMATE_BREATHING_RATE,0.0000;3.0000,True,0.40036384016275356,1.269632602595716,7.366069704802371,0,10.139135837554932,1.3908986632488334,13.248347266844616,0.10498657946751722,1,137.66345398289263,24.96259408923882,5.514789588183205,128.97241105174393,24.66632245485749,5.228684222488017,184.85033047556533,7.484406582049189,18259.265625,5183.699777810692,17536.25,1880.7740211681923,3,0.1171875,7.03125,58.59050224039684,1.015472882416961,382.4561658217333,1.2918605781182249,7.897838556169827,,0.0,120.0,0,3,1771527543643,277,False,54.097652435302734,16,5.236085918260879
23.687809228897095,1771527543.6878092,breathing_no_rate,,AppState.ESTIMATE_BREATHING_RATE,0.0000;3.0000,True,0.5204729922115796,1.3664594111144392,7.602374318728993,1,10.139135837554932,2.2871208476636333,31.114880324611423,0.07350569321589348,1,1504.6246417296243,25.218423521017726,59.663707385037966,1504.6246417296243,24.77580398320712,60.72959903495845,1272.195210492136,1272.195210492136,1183311.6875,35911.59002398503,153043.75,796525.3587959615,3,0.1171875,7.03125,58.99882496202383,1.0125120246129864,385.9860508594807,1.3244406380886027,7.897838556169827,,0.0,120.0,0,3,1771527543687,278,False,44.15011405944824,16,5.056854274880492
23.742366552352905,1771527543.7423666,breathing_no_rate,,AppState.ESTIMATE_BREATHING_RATE,0.0000;3.0000,True,0.5204729922115796,1.515482921708028,7.956475371340446,1,10.139135837554932,2.9324479280075693,43.18982518989893,0.06789673065464276,0,1289.5044000143039,25.383885663891903,50.80011850974413,1279.1625220481171,24.81413891909364,51.549744529410006,1021.9570697322813,983.0087863070922,997513.484375,24171.93676825799,97579.0,688923.5617345514,3,0.1171875,7.03125,59.409788773964934,1.0092411738007008,389.5968451452833,1.3540027762487759,7.897838556169827,,0.0,120.0,0,3,1771527543742,279,False,54.55732345581055,16,4.8738233739698025
23.794893264770508,1771527543.7948933,breathing_no_rate,,AppState.ESTIMATE_BREATHING_RATE,0.0000;3.0000,True,0.5204729922115796,1.6556163079914066,8.351470462909187,1,10.139135837554932,2.9880510613191578,47.653811236026925,0.06270329662525392,0,1023.8965878721591,25.535159884882304,40.09752014273636,917.1658834761027,25.008034776764934,36.67484836879587,710.3032972351699,583.2054064081001,531873.921875,25172.949987399465,83756.24999999988,437058.69365402096,3,0.1171875,7.03125,59.83763997767226,1.0059346369480129,393.264596284815,1.3808666251560842,7.897838556169827,,0.0,120.0,0,3,1771527543794,280,False,52.52671241760254,16,4.694756171961248
23.839022636413574,1771527543.8390226,breathing_no_rate,,AppState.ESTIMATE_BREATHING_RATE,0.0000;3.0000,True,0.40036384016275356,1.8213457003797966,8.802387534639251,0,10.139135837554932,3.397155776214483,53.66901193538099,0.06329827313089827,0,1198.226236268114,25.664051395719834,46.68889637671398,1198.226236268114,25.722274968081635,46.58321387623726,830.7771731365326,830.7771731365326,668396.15625,29915.4103477198,127576.25,575395.4835494815,3,0.1171875,7.03125,60.2295712995452,1.002660869947075,396.88126648238006,1.4051841215793066,7.897838556169827,,0.0,120.0,0,3,1771527543839,281,False,44.129371643066406,16,4.508318280755722
23.893327713012695,1771527543.8933277,breathing_no_rate,,AppState.ESTIMATE_BREATHING_RATE,0.0000;3.0000,True,0.40036384016275356,1.9271684247311671,9.237897147018526,0,10.139135837554932,2.9333660151644274,52.57146650282849,0.05579768285426861,0,676.2176517216923,25.74504806937922,26.265930825730702,676.2176517216923,25.859954485969663,26.149220489248172,289.9709946923145,289.9709946923145,180403.59375,11739.898452657542,48656.99999999997,181602.28223346567,2,0.078125,4.6875,60.71774364665912,1.000733020409029,400.6082577235038,1.426889885586304,7.897838556169827,,0.0,120.0,0,3,1771527543893,282,False,54.305076599121094,16,4.29437993370014
23.93764305114746,1771527543.937643,breathing_no_rate,,AppState.ESTIMATE_BREATHING_RATE,0.0000;3.0000,True,0.40036384016275356,1.997607643928864,9.627730066382291,0,10.139135837554932,2.667367121991337,48.41643040330189,0.05509218874083573,0,459.41311491537766,25.80219230996802,17.80519691422073,459.41311491537766,25.94734670335618,17.70559125562726,172.80981678337866,68.71214027370212,108689.359375,7376.0476739794985,24343.75,82933.45984468106,2,0.078125,4.6875,61.397893561486875,1.0044446962052611,404.33416281151676,1.4459700859483846,7.897838556169827,,0.0,120.0,0,3,1771527543937,283,False,44.315338134765625,16,4.05517239593153
23.991905450820923,1771527543.9919055,breathing_no_rate,,AppState.ESTIMATE_BREATHING_RATE,0.0000;3.0000,True,0.40036384016275356,2.071426418057496,10.01982437661642,0,10.139135837554932,2.7733198262289025,49.033534989626396,0.05655965507604276,0,779.4225276206096,25.86302650543044,30.136555264590488,779.4225276206096,26.01660531492335,29.958655948997595,365.05648417908014,365.05648417908014,312695.0,13049.239789878564,50810.0,253316.8089073636,2,0.078125,4.6875,62.055473926525735,1.008103771244228,408.0226148294927,1.4625968553405921,7.897838556169827,,0.0,120.0,0,3,1771527543991,284,False,54.262399673461914,16,3.808939686892262
24.03603458404541,1771527544.0360346,breathing_no_rate,,AppState.ESTIMATE_BREATHING_RATE,0.0000;3.0000,True,0.40036384016275356,2.140079051431711,10.424330901336507,0,10.139135837554932,2.79285107843669,50.67306719919415,0.05511509827109872,0,896.9134943829589,25.966791205294037,34.540790475704135,896.9134943829589,26.183297180133827,34.25517757286974,453.1703337267791,453.1703337267791,357353.796875,12776.475580516006,51036.0,327649.0943742622,2,0.078125,4.6875,62.66682712076395,1.0117006412765452,411.61891994276755,1.4769894241509334,7.897838556169827,,0.0,120.0,0,3,1771527544036,285,False,44.129133224487305,16,3.5626477991032357
24.090359926223755,1771527544.09036,breathing_no_rate,,AppState.ESTIMATE_BREATHING_RATE,0.0000;3.0000,True,0.40036384016275356,2.249490598377501,10.835126333554529,0,10.139135837554932,3.289811905329409,51.70961416820412,0.06362089445425935,1,958.4644498167369,26.060110944602428,36.77898577705307,886.1218965949322,26.27494884614466,33.724971331056594,506.71157478371487,415.44705916046394,545179.171875,12695.166506304786,44882.25,358186.4320716265,2,0.078125,4.6875,63.327692757008265,1.0156904225499974,415.2235676419129,1.4892052770583706,7.897838556169827,,0.0,120.0,0,3,1771527544090,286,False,54.32534217834473,16,3.2970258490703235
24.144674062728882,1771527544.144674,breathing_no_rate,,AppState.ESTIMATE_BREATHING_RATE,0.0000;3.0000,True,0.40036384016275356,2.294767635082276,11.222069788851355,0,10.139135837554932,2.725276729547037,49.723266043227795,0.054808884177538965,1,340.7866474240152,26.08425181324909,13.064842720075761,247.0034871337852,26.332349972714873,9.380229542002356,210.0544107385262,210.0544107385262,85486.5,6538.606937237281,25883.5,23787.84961148594,2,0.078125,4.6875,64.03174088111112,1.019650874702013,418.9077440498552,1.4992525526963665,7.897838556169827,,0.0,120.0,0,3,1771527544144,287,False,54.31413650512695,16,3.001292698891888
24.188913106918335,1771527544.188913,breathing_no_rate,,AppState.ESTIMATE_BREATHING_RATE,0.0000;3.0000,True,0.40036384016275356,2.352176286965082,11.621868287555232,0,10.139135837554932,2.8980368055688364,51.40215207345142,0.056379678449479886,0,971.0208264051292,26.257994608874185,36.98000707334984,971.0208264051292,26.622638499553382,36.47350079087561,482.67326123473856,482.67326123473856,406565.578125,26414.224707017296,118574.25,369114.8982135111,2,0.078125,4.6875,64.66319973881136,1.02284058608837,422.56768630261564,1.5073387478350169,7.897838556169827,,0.0,120.0,0,3,1771527544188,288,False,44.239044189453125,16,2.7006601392029213
24.243566274642944,1771527544.2435663,breathing_no_rate,,AppState.ESTIMATE_BREATHING_RATE,0.0000;3.0000,True,0.40036384016275356,2.4408681937110295,12.020166370128255,0,10.139135837554932,3.2841802838665317,51.65115750065985,0.0635838661265431,1,945.3769420183676,26.430421086517722,35.76851609317871,895.4097961966911,26.7902974509311,33.42291356799206,453.93555270011643,382.28059587065604,563452.09375,11478.188200845263,40456.24999999988,331618.2966488846,2,0.078125,4.6875,65.32925394004961,1.0265821359084142,426.1616709611827,1.5137845274692037,7.897838556169827,,0.0,120.0,0,3,1771527544243,289,False,54.653167724609375,16,2.4170329877966283
24.287832736968994,1771527544.2878327,breathing_no_rate,,AppState.ESTIMATE_BREATHING_RATE,0.0000;3.0000,True,0.40036384016275356,2.524233444749076,12.378925943122718,0,10.139135837554932,3.3168979242783228,48.075802421884596,0.06899308502647986,1,749.2584693590389,26.524567518055413,28.24771671850133,620.7630007700202,26.843966518442826,23.124861235406755,242.1213747468924,101.08113755926286,323195.328125,13801.045669372857,44402.75,188733.1034102342,2,0.078125,4.6875,66.00139519963295,1.0304294971863046,429.71768618689885,1.5188349565450248,7.897838556169827,,0.0,120.0,0,3,1771527544287,290,False,44.266462326049805,16,2.1435505325021103
24.342637300491333,1771527544.3426373,breathing_no_rate,,AppState.ESTIMATE_BREATHING_RATE,0.0000;3.0000,True,0.40036384016275356,2.6799128551432863,12.797850450224816,0,10.139135837554932,4.160164366138299,54.48118801005793,0.07635964849543883,1,1468.107779805352,26.70894585871547,54.96689339655548,1385.626849344729,27.11557443592327,51.10077430105708,902.4675299000068,813.2269222223996,1261460.484375,52866.04840489758,210472.0,852466.6343510309,2,0.078125,4.6875,66.62482181428808,1.0340555399446627,433.1777421059858,1.522695970472749,7.897838556169827,,0.0,120.0,0,3,1771527544342,291,False,54.80456352233887,16,1.8769704263109592
24.387041091918945,1771527544.387041,breathing_no_rate,,AppState.ESTIMATE_BREATHING_RATE,0.0000;3.0000,True,0.5204729922115796,2.884065043025995,13.313661849737345,1,10.139135837554932,4.825211812666874,64.63732594335066,0.0746505481495495,1,1840.6139706800282,27.081505349442885,67.96571855448674,1840.6139706800282,26.698569075948576,68.9405475392764,1197.3543024817802,1197.3543024817802,1910339.953125,42513.876486850844,143530.0,1321923.479615366,2,0.078125,4.6875,67.20423266543351,1.0371779558921592,436.47942035423324,1.5255887537858708,7.897838556169827,,0.0,120.0,0,3,1771527544387,292,False,44.403791427612305,16,1.6264710741952249
24.458162784576416,1771527544.4581628,breathing_no_rate,,AppState.ESTIMATE_BREATHING_RATE,0.0000;3.0000,True,0.5204729922115796,3.0428826337637074,13.76188296432531,1,10.139135837554932,4.552973005167307,58.36025738280094,0.07801495759734392,1,634.8779656359166,27.166053191659877,23.370268810614608,634.8779656359166,26.80755847053283,23.68279701077958,125.83658144348847,7.871430964892511,237696.15625,26776.385194805254,97403.25,174798.3395869271,2,0.078125,4.6875,67.85617963022924,1.0399598366604386,439.9853445424457,1.5276792993039578,7.897838556169827,,0.0,120.0,0,3,1771527544458,293,False,71.1216926574707,16,1.3837986678601593
24.492554664611816,1771527544.4925547,breathing_no_rate,,AppState.ESTIMATE_BREATHING_RATE,0.0000;3.0000,True,0.5204729922115796,3.31798190973087,14.309878999707259,1,10.139135837554932,5.933717143393923,68.83594118281323,0.08620085730431236,1,1938.1488994011786,27.620577289377092,70.17047033540543,1938.1488994011786,27.292277077619882,71.01455455028625,1216.5365786271668,1216.5365786271668,2176044.140625,101288.05501984371,384717.00000000047,1486649.4423843918,2,0.078125,4.6875,68.44405238885636,1.0424235619450481,443.28575756237524,1.5290748975312696,7.897838556169827,,0.0,120.0,0,3,1771527544492,294,False,34.39188003540039,16,1.131282556008599
24.536988019943237,1771527544.536988,breathing_no_rate,,AppState.ESTIMATE_BREATHING_RATE,0.0000;3.0000,True,0.40036384016275356,3.551698706848155,14.855526705317038,0,10.139135837554932,5.773955594908946,69.14792811915376,0.08350149819204888,0,1522.3130439913632,27.895866367831285,54.57127675705673,1522.3130439913632,28.28251302800522,53.82523973135451,763.0268859542219,763.0268859542219,1051434.609375,27841.82927409554,111020.00000000023,965341.4728543027,2,0.078125,4.6875,68.99763460238793,1.0438557106244817,446.64537014113574,1.5298853924952345,7.897838556169827,,0.0,120.0,0,3,1771527544536,295,False,44.4333553314209,16,0.8624277204557419
24.59132170677185,1771527544.5913217,breathing_no_rate,,AppState.ESTIMATE_BREATHING_RATE,0.0000;3.0000,True,0.40036384016275356,3.641844485933079,15.398461338815986,0,10.139135837554932,4.498980476892893,69.42090981673536,0.06480728196598069,2,291.9864415195507,27.945887228310372,10.44827953121158,209.07714821627448,28.323696065563272,7.3817042706899585,516.7127090062424,516.7127090062424,65171.890625,6329.262288524891,24501.75,15183.7072817903,2,0.078125,4.6875,69.69232469404362,1.0469471380888022,450.2194273727913,1.530259785256258,7.897838556169827,,0.0,120.0,0,3,1771527544591,296,False,54.33368682861328,16,0.5862668851891337
24.635382175445557,1771527544.6353822,breathing_no_rate,,AppState.ESTIMATE_BREATHING_RATE,0.0000;3.0000,True,0.5204729922115796,3.7946422373544544,15.983652229344216,1,10.139135837554932,5.247493978284116,74.21063349516608,0.07071080963828742,1,1731.5989946072966,28.30108220668344,61.18490388106735,1731.5989946072966,27.863827840516706,62.14505072512826,946.4391851019203,946.4391851019203,1746455.609375,158057.8111353754,541344.7499999998,1148144.5951763731,2,0.078125,4.6875,70.30029117406848,1.049391953416044,453.5790921553244,1.5303652859341839,7.897838556169827,,0.0,120.0,0,3,1771527544635,297,False,44.060468673706055,16,0.3112385033478491
24.689533948898315,1771527544.689534,breathing_no_rate,,AppState.ESTIMATE_BREATHING_RATE,0.0000;3.0000,True,0.40036384016275356,3.8688745749367532,16.50582682308278,0,10.139135837554932,4.5747002817058515,68.46263404483976,0.0668203954677353,1,746.792738670677,28.342830041003033,26.348559320433335,557.8636881275299,28.755737447986704,19.4000828223304,207.19278011883273,207.19278011883273,337413.421875,41408.596017097436,129175.50000000006,180009.64409841556,2,0.078125,4.6875,70.99432253603729,1.052511598225679,457.14993982024066,1.5303660394304242,7.897838556169827,,0.0,120.0,0,3,1771527544689,298,False,54.15177345275879,16,0.02630351428907963
24.74376678466797,1771527544.7437668,breathing_no_rate,,AppState.ESTIMATE_BREATHING_RATE,0.0000;3.0000,True,0.40036384016275356,3.893061831317491,16.96293476634904,0,10.139135837554932,4.123042293818923,62.445556043993015,0.06602619233381805,1,855.5552153791713,28.50846618919045,30.010566323401903,826.669735482375,28.879122671652976,28.625167905990033,116.60048095363823,57.86229897364012,471134.171875,18593.178293462606,69656.49999999983,270023.7068480826,2,0.078125,4.6875,71.61264218780462,1.0547011022633386,460.62263413328947,1.530455382534628,7.897838556169827,,0.0,120.0,0,3,1771527544743,299,False,54.23283576965332,16,-0.2864244859920944
24.785407543182373,1771527544.7854075,breathing_no_rate,,AppState.ESTIMATE_BREATHING_RATE,0.0000;3.0000,True,0.40036384016275356,3.909355880715703,17.370640934933025,0,10.139135837554932,4.064285111118465,57.93774446361407,0.07014917733983861,1,892.3304570232095,28.616374115955317,31.182512968842552,638.15938937698,28.97011082230027,22.028199797693457,185.2129487433187,122.69429463142194,459806.03125,52199.57314801492,166259.24999999988,244901.17477739594,2,0.078125,4.6875,72.24708529262543,1.0573067342747346,464.1117338240872,1.5308967817939305,7.897838556169827,,0.0,120.0,0,3,1771527544785,300,False,41.6407585144043,16,-0.6366973954237424
24.839611291885376,1771527544.8396113,breathing_no_rate,,AppState.ESTIMATE_BREATHING_RATE,0.0000;3.0000,True,0.40036384016275356,3.932291545850671,17.769365434595535,0,10.139135837554932,4.150371463328151,57.442785420878096,0.07225226689211713,1,1220.3688751382713,28.811840937662637,42.356504665436255,1207.9845365835608,29.221682659123225,41.33863715630628,419.9098705955414,419.9098705955414,898373.296875,100526.15936175588,366158.99999999965,616465.7131861544,2,0.078125,4.6875,72.79800652939298,1.0587055469806956,467.5528018955912,1.5320339803575178,7.897838556169827,,0.0,120.0,0,3,1771527544839,301,False,54.20374870300293,16,-1.0222270486176777
24.894680976867676,1771527544.894681,breathing_no_rate,,AppState.ESTIMATE_BREATHING_RATE,0.0000;3.0000,True,0.40036384016275356,3.9539471172577816,18.135940714095906,0,10.139135837554932,4.159855478650367,54.61048650327316,0.0761731994151868,0,1021.2698475733531,28.927692814533692,35.304227478001565,1021.2698475733531,29.33867211606979,34.80968202985435,222.80376174953471,218.9984385086501,453268.453125,26560.910659689758,85823.75,424609.07711536787,2,0.078125,4.6875,73.30281896914236,1.0592577004427597,471.0310307713042,1.534272732822902,7.897838556169827,,0.0,120.0,0,3,1771527544894,302,False,55.069684982299805,16,-1.4350646376129919
24.93770670890808,1771527544.9377067,presence_only,,AppState.INTRA_PRESENCE_DETECTED,,True,0.5204729922115796,4.066086983354487,18.5277925386539,1,10.139135837554932,5.132350054444586,57.51737562481762,0.08923129747492942,1,1558.8255519982024,29.120871470440207,53.529495280626946,1558.8255519982024,28.795014098256008,54.13525920233804,695.6725611166049,695.6725611166049,1373740.109375,136237.06995083537,489521.9999999999,1037936.0730828613,,,,,,,,,,,,,,1771527544937,303,False,43.02573204040527,16,
24.990212202072144,1771527544.9902122,presence_only,,AppState.INTRA_PRESENCE_DETECTED,,True,0.5204729922115796,4.149027991593989,18.878126962672432,1,10.139135837554932,4.937658629769499,53.73669409738304,0.09188616293978671,1,889.3576619005709,29.22945208934912,30.426764728655858,889.3576619005709,28.879087884683067,30.795905515474185,169.95844567540217,24.609350826951072,393837.46875,32983.02938537519,129963.24999999994,295191.4476215979,,,,,,,,,,,,,,1771527544990,304,False,52.5054931640625,16,
25.042555570602417,1771527545.0425556,presence_only,,AppState.INTRA_PRESENCE_DETECTED,,True,0.5204729922115796,4.209653683077817,19.22862292380666,1,10.139135837554932,4.78610288208757,54.103263136143724,0.08846237000447664,1,1564.1861914127264,29.44287846772466,53.12613007842505,1564.1861914127264,29.22354360064871,53.52486381304146,656.8566408050435,656.8566408050435,1322629.5625,98338.14115791765,381446.75,882727.6383942213,,,,,,,,,,,,,,1771527545042,305,False,52.34336853027344,16,
25.084993362426758,1771527545.0849934,presence_only,,AppState.INTRA_PRESENCE_DETECTED,,True,0.5204729922115796,4.225298812106035,19.575365255768183,1,10.139135837554932,4.374057892225176,54.07651623740176,0.08088645860509397,0,1296.4736743494834,29.588241196463787,43.817192975316594,1036.1771027586212,29.45477456964077,35.17857861290296,407.57337367432297,121.00341239851775,730277.546875,16665.596529653798,72723.24999999988,695890.1512049524,,,,,,,,,,,,,,1771527545084,306,False,42.43779182434082,16,
25.137453079223633,1771527545.137453,presence_only,,AppState.INTRA_PRESENCE_DETECTED,,True,0.5204729922115796,4.2626829733342895,19.937947411788766,1,10.139135837554932,4.618143987769513,56.01517408713019,0.08244451727497379,0,1514.0748941701165,29.874631016914364,50.68095713925971,1494.9312706296064,29.79698516392802,50.17055458312564,587.1144456755204,544.4623852406382,1286087.25,47252.53550587924,152406.75,1022838.7955186692,,,,,,,,,,,,,,1771527545137,307,False,52.459716796875,16,
25.189858198165894,1771527545.1898582,presence_only,,AppState.INTRA_PRESENCE_DETECTED,,True,0.5204729922115796,4.335700758591632,20.31658172800784,1,10.139135837554932,5.029978098690748,57.991011719876845,0.08673720201504864,1,1953.1036648834722,30.148321723109945,64.78316381112364,1953.1036648834722,30.10465731354088,64.87712663449258,941.5951462248004,941.5951462248004,2010548.96875,125275.07879505958,439617.24999999977,1373658.5139101767,,,,,,,,,,,,,,1771527545189,308,False,52.40511894226074,16,
25.243200063705444,1771527545.2432,presence_only,,AppState.INTRA_PRESENCE_DETECTED,,True,0.5204729922115796,4.472376362169752,20.88768050373158,1,10.139135837554932,5.771933369742996,77.71248460309727,0.07427292280188762,1,3344.7222517581713,30.772806894153952,108.6908406878182,3344.7222517581713,30.96196824801651,108.02679677395555,2191.1694777824914,2191.1694777824914,6307566.390625,162063.25936442288,717038.0000000009,4702330.251452611,,,,,,,,,,,,,,1771527545243,309,False,53.34186553955078,16,
25.28678607940674,1771527545.286786,presence_only,,AppState.INTRA_PRESENCE_DETECTED,,True,0.5204729922115796,4.594621278454049,21.569979870333647,1,10.139135837554932,5.7569665210463885,89.45933542909751,0.06435288719023421,1,2970.9813778709977,31.10776967937941,95.50608765580785,2970.9813778709977,31.599229233698914,94.02069132143836,1706.7849500500265,1706.7849500500265,5059367.25,186077.12089077485,666692.9999999991,3688275.0482820543,,,,,,,,,,,,,,1771527545286,310,False,43.586015701293945,16,
25.33912420272827,1771527545.3391242,presence_only,,AppState.INTRA_PRESENCE_DETECTED,,True,0.5204729922115796,4.768726474632643,22.44209796298256,1,10.139135837554932,6.424176473208897,109.21857494541612,0.058819449680245973,1,3893.4209677392,31.327515571057894,124.28119168223726,3893.4209677392,32.02497749006559,121.57451067140944,2469.1593746331923,2469.1593746331923,8454567.515625,177652.13703507374,618044.5000000009,5862705.315974378,,,,,,,,,,,,,,1771527545339,311,False,52.3381233215332,16,
25.391512870788574,1771527545.3915129,presence_only,,AppState.INTRA_PRESENCE_DETECTED,,True,0.5204729922115796,4.897625104197276,23.356556072824983,1,10.139135837554932,6.123236061324398,114.34590004930132,0.053550114683873724,1,3008.8880654861528,31.660476059005134,95.03609673409518,3008.8880654861528,32.63201424062954,92.2066300659931,1488.1556330259448,1488.1556330259448,4978282.703125,114243.86797067124,470850.5,3474013.756919311,,,,,,,,,,,,,,1771527545391,312,False,52.388668060302734,16,
25.433767080307007,1771527545.433767,presence_only,,AppState.INTRA_PRESENCE_DETECTED,,True,0.5204729922115796,4.970136992863278,24.233998394597364,1,10.139135837554932,5.659604100242197,111.54024061166616,0.05074046881336483,1,2290.4833968850876,31.697572855866447,72.26052944898949,2290.4833968850876,32.736358931162194,69.96756730433992,722.8891184781592,722.8891184781592,2897294.03125,51943.00554137106,223327.5,1931637.1997221413,,,,,,,,,,,,,,1771527545433,313,False,42.25420951843262,16,
25.503580570220947,1771527545.5035806,presence_only,,AppState.INTRA_PRESENCE_DETECTED,,True,0.5204729922115796,5.0344522613071385,25.152729340565962,1,10.139135837554932,5.645983182788686,116.5672240722876,0.048435426233011857,1,3159.180760596804,31.97993853541462,98.7863299674431,3159.180760596804,33.22458495107181,95.085635084805,1494.6919227982019,1494.6919227982019,5700429.4375,250353.86630224113,1151034.75,3762198.821895778,,,,,,,,,,,,,,1771527545503,314,False,69.81348991394043,16,
25.536195516586304,1771527545.5361955,presence_only,,AppState.INTRA_PRESENCE_DETECTED,,True,0.40036384016275356,5.210850368145275,26.185837669412116,0,10.139135837554932,6.888102122392171,128.98097731177748,0.05340401558354298,1,4161.935460966449,32.400362201895206,128.45336218477675,4079.7071835028796,34.55944911822852,118.04896453725512,2367.933803102261,2367.933803102261,10161348.875,318652.81806513434,1531807.75,7254055.050529108,,,,,,,,,,,,,,1771527545536,315,False,32.614946365356445,16,
25.589029788970947,1771527545.5890298,presence_only,,AppState.INTRA_PRESENCE_DETECTED,,True,0.5204729922115796,5.3862966978188656,27.169223831787512,1,10.139135837554932,7.054498638847803,125.01696647524277,0.056428329991420674,1,2937.183855993058,32.90107381800823,89.27319126879479,2937.183855993058,35.029542206419116,83.84876509664961,1052.4279364264057,1052.4279364264057,5065295.109375,77552.428238346,335268.0,3505614.105759558,,,,,,,,,,,,,,1771527545589,316,False,52.834272384643555,16,
25.641883611679077,1771527545.6418836,presence_only,,AppState.INTRA_PRESENCE_DETECTED,,True,0.5204729922115796,5.509425288326431,28.090838093706207,1,10.139135837554932,6.680172798764645,119.79222516522155,0.055764660765716276,1,2776.6981698705567,33.29138901124777,83.40589720810449,2776.6981698705567,35.740143725824865,77.69129836449142,837.6414929695604,837.6414929695604,4346962.78125,76470.61533037917,284556.24999999907,3089581.422483184,,,,,,,,,,,,,,1771527545641,317,False,52.85382270812988,16,
25.68455147743225,1771527545.6845515,presence_only,,AppState.INTRA_PRESENCE_DETECTED,,True,0.40036384016275356,5.553021488999456,28.928708330139276,0,10.139135837554932,5.967548636529603,112.29749507926367,0.053140532050731396,1,2368.6558564735083,33.34441675124817,71.03605602319637,2242.4377856824144,36.37801783372181,61.6426600226159,403.44551234455867,388.0027823361927,3171919.203125,78813.12904879906,266151.0,2278534.5970481955,,,,,,,,,,,,,,1771527545684,318,False,42.66786575317383,16,
25.73706030845642,1771527545.7370603,presence_only,,AppState.INTRA_PRESENCE_DETECTED,,True,0.5204729922115796,5.556672119475365,29.652188947929297,1,10.139135837554932,5.591383525848018,101.63911331754666,0.055012124203839614,1,2045.313377578116,33.49539533136832,61.06252388672734,2045.313377578116,36.136670151361145,56.599386964946376,85.63713115355199,75.22642245827979,2386700.953125,47704.474416568846,157553.49999999907,1700922.403516102,,,,,,,,,,,,,,1771527545737,319,False,52.50883102416992,16,
25.783733129501343,1771527545.7837331,presence_only,,AppState.INTRA_PRESENCE_DETECTED,,True,0.40036384016275356,5.532306844901531,30.263853280085115,0,10.139135837554932,5.300633726327928,91.12496404901667,0.05816884299036339,1,1997.7890611404646,33.77561800873779,59.148852896325565,1856.5531370745223,36.95824047883957,50.23380748029002,31.71320243874561,3.22433921940069,2267526.171875,41444.06972153848,142976.75,1560412.512620844,,,,,,,,,,,,,,1771527545783,320,False,46.672821044921875,16,
25.836204290390015,1771527545.8362043,presence_only,,AppState.INTRA_PRESENCE_DETECTED,,True,0.40036384016275356,5.456252849901684,30.781548292968203,0,10.139135837554932,4.733106219716874,82.29263348662732,0.05751555174654236,1,1996.6083448719983,33.95303456807434,58.8050043306168,1848.5463228744095,37.165383004268065,49.73839022760467,64.26890925460185,10.547409448185817,2264792.984375,51919.47992749118,207832.25,1535821.483183047,,,,,,,,,,,,,,1771527545836,321,False,52.471160888671875,16,
25.88889241218567,1771527545.8888924,presence_only,,AppState.INTRA_PRESENCE_DETECTED,,True,0.5204729922115796,5.357004784492296,31.23010891563784,1,10.139135837554932,4.413321233703086,75.86226467116286,0.058175448001389865,1,1759.4328831508465,34.17387470867887,51.48473499414254,1759.4328831508465,37.08745962368111,47.44010242157358,211.62217266940524,200.83331026107066,1765935.0625,30137.496241250767,116823.25000000023,1196638.083005025,,,,,,,,,,,,,,1771527545888,322,False,52.6881217956543,16,
25.941476345062256,1771527545.9414763,presence_only,,AppState.INTRA_PRESENCE_DETECTED,,True,0.5204729922115796,5.221325039963604,31.639383946379134,1,10.139135837554932,3.931236990802525,72.36259056709537,0.05432692445004595,1,1509.0993964220017,34.39470650167417,43.875920159535895,1509.0993964220017,37.40989145640951,40.33958233052038,423.7001098223152,423.7001098223152,1332724.546875,35565.252254243314,146897.5,942092.4474054878,,,,,,,,,,,,,,1771527545941,323,False,52.583932876586914,16,
25.983882427215576,1771527545.9838824,presence_only,,AppState.INTRA_PRESENCE_DETECTED,,True,0.5204729922115796,5.1251603049858545,31.990734486875297,1,10.139135837554932,4.210794083436085,66.95040605787285,0.06289422770241784,1,1679.293467736134,34.78537603875246,48.27584631590731,1679.293467736134,37.93982572859743,44.26202375584694,238.07278610295884,238.07278610295884,1630190.671875,45651.911833743936,158664.00000000023,1147080.1179171458,,,,,,,,,,,,,,1771527545983,324,False,42.40608215332031,16,
26.03627347946167,1771527546.0362735,presence_only,,AppState.INTRA_PRESENCE_DETECTED,,True,0.5204729922115796,5.005568857839439,32.27285540487523,1,10.139135837554932,3.868453680615301,60.34412184624206,0.06410655358293367,1,1926.5151383067305,34.967264377706044,55.09482004202529,1926.5151383067305,38.14184327860894,50.50923009105508,75.85318093580867,8.591907426592797,2093636.96875,61042.014818104755,276418.00000000023,1395178.5083612974,,,,,,,,,,,,,,1771527546036,325,False,52.39105224609375,16,
26.08882999420166,1771527546.08883,presence_only,,AppState.INTRA_PRESENCE_DETECTED,,True,0.5204729922115796,4.8824857037637,32.522089698060164,1,10.139135837554932,3.7121702180016736,57.321109564859285,0.06476096234209429,1,2263.401845466796,35.23022231779092,64.24602788440409,2263.401845466796,38.486815021448514,58.80979873618027,324.44614257573676,324.44614257573676,2853569.53125,58506.77997489082,206505.75000000047,1887107.4429968232,,,,,,,,,,,,,,1771527546088,326,False,52.556514739990234,16,
26.141298294067383,1771527546.1412983,presence_only,,AppState.INTRA_PRESENCE_DETECTED,,True,0.5204729922115796,4.816952784782127,32.770003298074336,1,10.139135837554932,4.193844037795277,57.43761309380711,0.07301563926190448,1,2640.698479007259,35.67523047666694,74.02050228267939,2640.698479007259,39.12113733671209,67.50055491003509,659.021216302174,659.021216302174,3907885.828125,80719.11213235257,322482.00000000047,2630909.4944036463,,,,,,,,,,,,,,1771527546141,327,False,52.468299865722656,16,
26.183604955673218,1771527546.183605,presence_only,,AppState.INTRA_PRESENCE_DETECTED,,True,0.5204729922115796,4.821425394882393,33.05236924123597,1,10.139135837554932,4.863952456375279,61.14801589037941,0.07954391300308723,1,3047.6803967577125,35.951275519312745,84.77252483116351,3047.6803967577125,39.4822831929074,77.19108800749413,1001.1056841559341,1001.1056841559341,5235389.375,129032.84273426645,481119.0,3565913.4087341633,,,,,,,,,,,,,,1771527546183,328,False,42.30666160583496,16,
26.23596477508545,1771527546.2359648,presence_only,,AppState.INTRA_PRESENCE_DETECTED,,True,0.5204729922115796,4.848760881363675,33.377837902952066,1,10.139135837554932,5.108675760699617,65.76224096713571,0.07768402787817044,1,3423.044343581456,36.53745607327073,93.68589692241672,3423.044343581456,40.70073399374268,84.1027668941698,1292.6712198331547,1292.6712198331547,6677808.140625,184230.32731892652,646466.5,4680837.8183127735,,,,,,,,,,,,,,1771527546235,329,False,52.359819412231445,16,
26.288904428482056,1771527546.2889044,presence_only,,AppState.INTRA_PRESENCE_DETECTED,,True,0.5204729922115796,4.920852403496022,33.71274190013963,1,10.139135837554932,5.606322526334483,67.03596870650189,0.08363155831754376,1,3086.332609516107,36.9649454699787,83.49349823711216,3086.332609516107,41.2255577372872,74.86454468631126,897.7614084366164,897.7614084366164,5497415.078125,128029.4252776889,414562.5,3879897.06161107,,,,,,,,,,,,,,1771527546288,330,False,52.939653396606445,16,
26.341787576675415,1771527546.3417876,presence_only,,AppState.INTRA_PRESENCE_DETECTED,,True,0.5204729922115796,4.969394654206551,34.04591938445351,1,10.139135837554932,5.430950487308745,67.1973567211254,0.08082089463379963,1,3074.5808987771,37.47442069433154,82.04478793077442,3074.5808987771,41.92623402603279,73.33310444230938,868.4828610998106,832.070109597415,5412900.15625,110485.99578346859,450734.0,3921185.0727752186,,,,,,,,,,,,,,1771527546341,331,False,52.883148193359375,16,
26.384631395339966,1771527546.3846314,presence_only,,AppState.INTRA_PRESENCE_DETECTED,,True,0.5204729922115796,5.022976145425987,34.35202199277725,1,10.139135837554932,5.532446750036432,64.80948660607154,0.08536476740787469,1,2796.091251919812,37.87926709698317,73.81587517749746,2796.091251919812,42.38761527280424,65.9648162289472,621.5457089075567,519.8789104680563,4521265.625,110258.82174846307,493452.99999999953,3363487.153449353,,,,,,,,,,,,,,1771527546384,332,False,42.84381866455078,16,
26.437894105911255,1771527546.437894,presence_only,,AppState.INTRA_PRESENCE_DETECTED,,True,0.5204729922115796,5.0321237144442925,34.589009556127166,1,10.139135837554932,5.119101837158079,58.16946959875009,0.08800324074435213,0,2359.439727588946,38.21367535794917,61.74333417098009,2295.030375786179,42.91341811398868,53.480484114235054,203.49946621471236,17.67240689547816,3128338.171875,81094.43237462026,325797.00000000047,2392940.009408609,,,,,,,,,,,,,,1771527546437,333,False,53.26271057128906,16,
26.490329027175903,1771527546.490329,presence_only,,AppState.INTRA_PRESENCE_DETECTED,,True,0.5204729922115796,4.983127131197149,34.80071163039327,1,10.139135837554932,4.517251353523508,55.86524443797212,0.08085977961589713,0,1943.9876643287887,38.46705964216466,50.53642473227669,1826.576683007382,43.253760597158106,42.2293150409947,423.3380683350149,423.3380683350149,2023182.96875,49318.551994824506,164163.25,1596935.2305454272,,,,,,,,,,,,,,1771527546490,334,False,52.43492126464844,16,
26.5608172416687,1771527546.5608172,presence_only,,AppState.INTRA_PRESENCE_DETECTED,,True,0.5204729922115796,4.913591623746491,35.00673121415458,1,10.139135837554932,4.252424936957268,55.50585148110455,0.07661219174933795,0,1747.4610868342677,38.70721386424199,45.14561789226167,1615.7119488208596,43.47551443242075,37.16372238205927,595.5930242889785,595.5930242889785,1614826.921875,54985.74752000502,239478.74999999977,1283550.9727543779,,,,,,,,,,,,,,1771527546560,335,False,70.48821449279785,16,
26.593433380126953,1771527546.5934334,presence_only,,AppState.INTRA_PRESENCE_DETECTED,,True,0.5204729922115796,4.795752701529747,35.204709024019074,1,10.139135837554932,3.6753011130784214,54.90366608676957,0.06694090531592276,0,1735.9323064728792,38.92352571171632,44.59853712341762,1609.3021099998596,43.68936395108456,36.8351004552236,565.3533923923651,565.3533923923651,1625508.15625,30431.76981904498,111640.25,1223689.7150436998,,,,,,,,,,,,,,1771527546593,336,False,32.61613845825195,16,
26.63663077354431,1771527546.6366308,presence_only,,AppState.INTRA_PRESENCE_DETECTED,,True,0.5204729922115796,4.673126131392752,35.41414184666997,1,10.139135837554932,3.507151997280959,56.25288222749547,0.06234617424641711,0,1436.661778710024,39.04016027803128,36.799587103172435,1352.098305643861,43.8108065948836,30.86220982224286,772.4805480426514,772.4805480426514,1147952.703125,29757.641178913345,97110.75,845013.4468573417,,,,,,,,,,,,,,1771527546636,337,False,43.1973934173584,16,
26.689310789108276,1771527546.6893108,presence_only,,AppState.INTRA_PRESENCE_DETECTED,,True,0.40036384016275356,4.545506310102393,35.62024779873194,0,10.139135837554932,3.332054686540799,56.12796178357099,0.059365324886191534,1,1469.9737056534377,39.15962845767487,37.53798908497562,1465.151264055183,43.5011231517377,33.6807686300618,614.7532907171499,554.4260915360594,1254341.34375,28281.65439985387,105608.49999999977,934398.452203159,,,,,,,,,,,,,,1771527546689,338,False,52.680015563964844,16,
26.741830825805664,1771527546.7418308,presence_only,,AppState.INTRA_PRESENCE_DETECTED,,True,0.40036384016275356,4.432315648646612,35.81236461904841,0,10.139135837554932,3.3560612664763867,54.928148337620804,0.06109911526212308,0,1568.6598704188552,39.31634596639072,39.89841456069986,1568.6598704188552,43.719515057247165,35.88008394715592,494.82269885353844,423.4659759162489,1415621.578125,42574.95579753275,172830.0,1078789.3629995629,,,,,,,,,,,,,,1771527546741,339,False,52.520036697387695,16,
26.78973412513733,1771527546.7897341,presence_only,,AppState.INTRA_PRESENCE_DETECTED,,True,0.40036384016275356,4.332662988255246,35.960182007353836,0,10.139135837554932,3.385132414074199,50.66813532469531,0.0668098873644063,0,1905.490402962253,39.488247940504415,48.254620103301,1905.490402962253,43.971264322243115,43.33490137910397,175.04498654913198,81.361144296269,2072009.625,64156.68980743069,282828.50000000023,1584610.8324511526,,,,,,,,,,,,,,1771527546789,340,False,47.90329933166504,16,
26.842304944992065,1771527546.842305,presence_only,,AppState.INTRA_PRESENCE_DETECTED,,True,0.40036384016275356,4.287829370047897,36.08425401382905,0,10.139135837554932,3.8615364458471144,48.4295220512797,0.07973517561619922,0,2519.845336430641,39.89215787223814,63.166433473910736,2519.845336430641,44.686382914129794,56.38955699807779,500.54553773354587,500.54553773354587,3570181.4375,149101.29195356622,679378.9999999991,2702636.813507974,,,,,,,,,,,,,,1771527546842,341,False,52.57081985473633,16,
26.884758472442627,1771527546.8847585,presence_only,,AppState.INTRA_PRESENCE_DETECTED,,True,0.5204729922115796,4.238484665442908,36.214955431538804,1,10.139135837554932,3.769298834341801,49.21985541132564,0.07658085954876441,0,2861.5226060613254,40.14159301823045,71.28572612179265,2797.760254454668,45.26826995952653,61.80400216076927,790.9489314282573,686.6239995511182,4663758.125,166361.10768647777,744338.0,3478610.387858237,,,,,,,,,,,,,,1771527546884,342,False,42.45352745056152,16,
26.937451601028442,1771527546.9374516,presence_only,,AppState.INTRA_PRESENCE_DETECTED,,True,0.5204729922115796,4.271632745004309,36.36868869627579,1,10.139135837554932,4.586815688805923,51.665276648446024,0.08877946633147671,0,3200.134768890601,40.82142881882155,78.39350217297442,3158.17552651052,46.2662429442379,68.26090310053121,1060.7942846880842,983.2963270523346,5971955.0625,169431.36580161992,792772.0,4389857.097150391,,,,,,,,,,,,,,1771527546937,343,False,52.69312858581543,16,
26.989995002746582,1771527546.989995,presence_only,,AppState.INTRA_PRESENCE_DETECTED,,True,0.5204729922115796,4.291890584284149,36.543842154253625,1,10.139135837554932,4.484508844640767,53.97175718401997,0.08308991736673448,1,3211.991660291361,41.18969276957188,77.98047142964319,3211.991660291361,46.943608616041296,68.42234235749306,973.9738528740409,973.9738528740409,5987328.609375,115399.37614970864,472330.75,4315773.231597654,,,,,,,,,,,,,,1771527546989,344,False,52.54340171813965,16,
27.0423800945282,1771527547.04238,presence_only,,AppState.INTRA_PRESENCE_DETECTED,,True,0.5204729922115796,4.322252316952127,36.691471698641905,1,10.139135837554932,4.610941749577791,51.38073438969153,0.08974067428691988,1,2669.7647668205245,41.51547809404739,64.3076965344888,2669.7647668205245,47.62216501098066,56.06139003022799,405.46253699311455,405.46253699311455,4064386.421875,127623.77394427359,527368.5,2884576.234965778,,,,,,,,,,,,,,1771527547042,345,False,52.38509178161621,16,
27.08477544784546,1771527547.0847754,presence_only,,AppState.INTRA_PRESENCE_DETECTED,,True,0.5204729922115796,4.34604521365299,36.793128442490726,1,10.139135837554932,4.572275973412532,46.90805916926049,0.09747314329967709,1,2153.681851976111,41.73294825376426,51.60627135252169,2153.681851976111,48.04198603580743,44.82915944245237,103.88589443391356,103.88589443391356,2743304.703125,89057.97304702098,426566.00000000047,1975749.8327336002,,,,,,,,,,,,,,1771527547084,346,False,42.39535331726074,16,
27.137237548828125,1771527547.1372375,presence_only,,AppState.INTRA_PRESENCE_DETECTED,,True,0.5204729922115796,4.333884131129935,36.8691559158753,1,10.139135837554932,4.218252521692927,44.43395287376188,0.09493309167388661,0,2054.336911154363,41.88648341204082,49.04534216674708,1966.657896343439,48.23103548460939,40.7757759405814,273.19948241749853,273.19948241749853,2349692.46875,91124.22933654199,335895.99999999953,1788436.0821088345,,,,,,,,,,,,,,1771527547137,347,False,52.462100982666016,16,
27.18963885307312,1771527547.1896389,presence_only,,AppState.INTRA_PRESENCE_DETECTED,,True,0.40036384016275356,4.275869022130868,36.93280688942324,0,10.139135837554932,3.7242421079554386,43.266131799833495,0.08607753808681584,0,1924.9519362912024,42.02303087535899,45.8070704598827,1924.9519362912024,47.513760944697566,40.51356697465368,395.21234529330263,263.58001041583066,1994430.0625,86998.8477458941,357539.49999999907,1572868.4208953015,,,,,,,,,,,,,,1771527547189,348,False,52.40130424499512,16,
27.243029594421387,1771527547.2430296,presence_only,,AppState.INTRA_PRESENCE_DETECTED,,True,0.40036384016275356,4.200875806782396,36.99634435220112,0,10.139135837554932,3.4878154216431296,43.31837484639801,0.0805158419245876,0,1827.0775899045038,42.13405982272885,43.363435604074866,1827.0775899045038,47.70951112613409,38.2958774202442,558.3337785514098,339.449293908056,1673939.203125,48006.24998537127,183092.75,1374419.0065099185,,,,,,,,,,,,,,1771527547243,349,False,53.3907413482666,16,
27.287279844284058,1771527547.2872798,presence_only,,AppState.INTRA_PRESENCE_DETECTED,,True,0.5204729922115796,4.113186153167479,37.065034259712775,1,10.139135837554932,3.279403818474499,43.89973729861704,0.07470212853649827,0,1766.3767757934602,42.22511417147235,41.8323741785169,1518.5792252237782,48.72147941519245,31.168577872023373,619.3161412737038,619.3161412737038,1505994.796875,67217.64014153596,247247.75,1277168.789198837,,,,,,,,,,,,,,1771527547287,350,False,44.2502498626709,16,
27.34162712097168,1771527547.3416271,presence_only,,AppState.INTRA_PRESENCE_DETECTED,,True,0.40036384016275356,4.023740669600492,37.14382186857498,0,10.139135837554932,3.1732633208846517,44.98325460659639,0.07054321321491883,0,1682.0788523802921,42.30833065054146,39.75762755175044,1682.0788523802921,47.975177705755186,35.06144078635577,698.6722098004057,432.0774465079503,1319664.46875,49297.270488261056,206324.5,1156563.9227919017,,,,,,,,,,,,,,1771527547341,351,False,54.34727668762207,16,
27.38585066795349,1771527547.3858507,presence_only,,AppState.DETERMINE_DISTANCE_ESTIMATE,,True,0.5204729922115796,3.9224895837008305,37.23140136900551,1,10.139135837554932,2.9597606491979183,45.945634644638645,0.06441875647219668,0,1625.7476188856929,42.40083488884402,38.34234922754074,1346.4207905823869,49.15667779932731,27.390394364149273,700.7555871284105,700.7555871284105,1218086.15625,33942.120868066915,145863.5,1074515.824962065,,,,,,,,,,,,,,1771527547385,352,False,44.22354698181152,16,
27.44063138961792,1771527547.4406314,presence_only,,AppState.DETERMINE_DISTANCE_ESTIMATE,,True,0.5204729922115796,3.8020771169868604,37.338408731748714,1,10.139135837554932,2.657155413181258,47.985730497351355,0.05537386605529638,0,1397.6412900960138,42.4563128589144,32.919516461723,1166.3224203800808,49.14985013925809,23.72992831212641,827.2282467337416,827.2282467337416,899773.59375,25141.480180121853,81565.0,799370.4024187255,,,,,,,,,,,,,,1771527547440,353,False,54.78072166442871,16,
27.48563861846924,1771527547.4856386,presence_only,,AppState.DETERMINE_DISTANCE_ESTIMATE,,True,0.5204729922115796,3.6604282558780494,37.47953643583027,1,10.139135837554932,2.313583864856137,51.52186059816926,0.044904897415398104,0,1143.4632734865165,42.456677223965386,26.932472068589885,891.7168855114554,49.06521469286554,18.174115635184286,1034.7549894752005,1034.7549894752005,560466.640625,20447.2057895772,60736.25000000012,529255.5898604897,,,,,,,,,,,,,,1771527547485,354,False,45.00722885131836,16,
27.540266752243042,1771527547.5402668,presence_only,,AppState.DETERMINE_DISTANCE_ESTIMATE,,True,0.5204729922115796,3.5099633636391054,37.65707814537613,1,10.139135837554932,2.0792932221964207,55.32262619636772,0.03758486111592719,0,1030.323684349365,42.446292795392765,24.273584722501976,728.4279975785184,49.08731869111579,14.839433421640846,1125.1078887374917,1125.1078887374917,418693.1875,16413.95690089782,64230.74999999994,427327.26723313075,,,,,,,,,,,,,,1771527547540,355,False,54.62813377380371,16,
27.614943027496338,1771527547.614943,presence_only,,AppState.DETERMINE_DISTANCE_ESTIMATE,,True,0.5204729922115796,3.348357631644661,37.86428622632319,1,10.139135837554932,1.8117566876631326,58.48166295366826,0.030979910558759347,0,1004.4711703335491,42.430793821453946,23.67316469582507,713.6063395265628,48.98476128407986,14.567925224204744,1070.5315138143617,1070.5315138143617,400830.265625,17520.517787294757,56420.99999999988,402221.0352073329,,,,,,,,,,,,,,1771527547614,356,False,74.6762752532959,16,
27.639195680618286,1771527547.6391957,presence_only,,AppState.DETERMINE_DISTANCE_ESTIMATE,,True,0.5204729922115796,3.202628676140297,38.09089125757734,1,10.139135837554932,1.8169893932394479,60.63828070457713,0.029964394967951866,0,987.9834576044277,42.44645862659012,23.275992616313115,732.9232592203974,48.94402818858791,14.974722889202562,987.2174591465861,987.2174591465861,404157.765625,18164.090676530574,75805.50000000006,393057.5238824022,,,,,,,,,,,,,,1771527547639,357,False,24.252653121948242,16,
27.692920207977295,1771527547.6929202,presence_only,,AppState.DETERMINE_DISTANCE_ESTIMATE,,True,0.5204729922115796,3.07339019200996,38.3178905187994,1,10.139135837554932,1.8445477848591763,60.90450617612994,0.030285900020183016,0,1097.7907591072399,42.447734070420964,25.862175758549053,898.3965251525909,48.91599922277052,18.36610800983125,771.7170395377531,771.7170395377531,537569.28125,19510.944096934698,80288.24999999994,499527.3569586697,,,,,,,,,,,,,,1771527547692,358,False,53.72452735900879,16,
27.736147165298462,1771527547.7361472,presence_only,,AppState.DETERMINE_DISTANCE_ESTIMATE,,True,0.5204729922115796,2.955031525034451,38.52758392292775,1,10.139135837554932,1.829638030890224,59.392252377910935,0.030806005120288953,0,1187.2591614328567,42.455468354607106,27.964811305068434,1072.8290233216335,48.98300882620354,21.90206459358658,560.9223184452346,560.9223184452346,691523.25,20817.13438661319,72299.75,607013.1001160936,,,,,,,,,,,,,,1771527547736,359,False,43.22695732116699,16,
27.78917956352234,1771527547.7891796,presence_only,,AppState.DETERMINE_DISTANCE_ESTIMATE,,True,0.5204729922115796,2.838791048567889,38.722709601052024,1,10.139135837554932,1.7335380129050033,58.137877178878846,0.02981770399943275,0,1132.5961948660256,42.46697825479583,26.670044382341956,1031.0501700329621,48.98381042446895,21.048794715587736,570.0746989426189,566.0091885250192,635648.296875,30448.51428079802,111876.50000000023,553700.2922012493,,,,,,,,,,,,,,1771527547789,360,False,53.03239822387695,16,
27.843603372573853,1771527547.8436034,presence_only,,AppState.DETERMINE_DISTANCE_ESTIMATE,,True,0.5204729922115796,2.7433184128769,38.8922324648317,1,10.139135837554932,1.8355329010844044,55.759898679727705,0.032918512129915686,0,1215.7430614263237,42.56024327923548,28.56522819715417,1167.6691793911493,48.96541004697764,23.846817135750225,457.28404091877974,403.2492357226299,787519.828125,26632.400484378068,99516.74999999977,657182.8574556009,,,,,,,,,,,,,,1771527547843,361,False,54.42380905151367,16,
27.88823628425598,1771527547.8882363,presence_only,,AppState.DETERMINE_DISTANCE_ESTIMATE,,True,0.5204729922115796,2.6511359203506446,39.018332196171706,1,10.139135837554932,1.7746341819142615,51.56536054743641,0.03441523850584368,1,1743.8965272217988,42.66465373487482,40.8745032367492,1743.8965272217988,49.10891558227058,35.5107928267077,162.44733784933828,162.44733784933828,1715642.140625,42850.52766129404,183777.25000000047,1285520.5133162495,,,,,,,,,,,,,,1771527547888,362,False,44.632911682128906,16,
27.943118572235107,1771527547.9431186,presence_only,,AppState.DETERMINE_DISTANCE_ESTIMATE,,True,0.5204729922115796,2.620863766980257,39.11051032634166,1,10.139135837554932,2.333026084051474,48.28231109323247,0.04832051389375527,1,1832.8198444013121,42.785094989783765,42.837811737852064,1832.8198444013121,49.318187345791934,37.163163185893815,304.42356177044485,236.06740312543957,1865041.34375,49630.92748823836,167540.0,1226884.2015856388,,,,,,,,,,,,,,1771527547943,363,False,54.88228797912598,16,
27.987321853637695,1771527547.9873219,presence_only,,AppState.DETERMINE_DISTANCE_ESTIMATE,,True,0.5204729922115796,2.5950499391986517,39.16772451662772,1,10.139135837554932,2.3496034958858902,44.8605841285036,0.05237567770190088,1,1779.754587190324,42.91028961789277,41.476172801376855,1779.754587190324,49.486967941375006,35.96410653533584,305.16432549041247,171.86111619691178,1728246.578125,56377.05754675936,216438.5,1104277.3344031314,,,,,,,,,,,,,,1771527547987,364,False,44.20328140258789,16,
28.04127287864685,1771527548.0412729,presence_only,,AppState.DETERMINE_DISTANCE_ESTIMATE,,True,0.6405821442604057,2.5767086489852242,39.214558637987636,2,10.139135837554932,2.4023135733405,43.87459274166834,0.05475409395662,1,1935.1597358164001,43.13527144587914,44.862583934345686,1209.1730726125397,36.96538258279925,32.710957877181066,351.53746920683466,351.53746920683466,2024011.453125,54526.822985502586,212649.25,1317909.6799014625,,,,,,,,,,,,,,1771527548041,365,False,53.95102500915527,16,
28.085557460784912,1771527548.0855575,presence_only,,AppState.DETERMINE_DISTANCE_ESTIMATE,,True,0.6405821442604057,2.557453211750693,39.261423875613175,2,10.139135837554932,2.3743661227829915,43.924554073654065,0.054055554411492145,1,2099.3959715385995,43.43048936158657,48.33921980504175,1317.4225027610732,37.15155735580773,35.46076117639968,442.86942924465484,431.7954269939013,2396935.453125,65713.35973717232,258691.00000000047,1553839.907881767,,,,,,,,,,,,,,1771527548085,366,False,44.28458213806152,16,
28.139965295791626,1771527548.1399653,presence_only,,AppState.DETERMINE_DISTANCE_ESTIMATE,,True,0.6405821442604057,2.5873309652525145,39.31314348927133,2,10.139135837554932,2.871418563311998,44.45928814786478,0.06458534724392155,1,2232.788253017401,43.53924267052923,51.28220235391107,1386.2788122569355,37.23731105643946,37.228220107476794,541.1793415404666,470.1724443126234,2721891.046875,78782.81826836614,275942.75,1796242.540376379,,,,,,,,,,,,,,1771527548139,367,False,54.40783500671387,16,
28.194424867630005,1771527548.1944249,presence_only,,AppState.DETERMINE_DISTANCE_ESTIMATE,,True,0.6405821442604057,2.6201452877636626,39.372139333869185,2,10.139135837554932,2.932154758742561,45.2422750344774,0.06481006440200605,1,2364.817621469466,43.77251682731276,54.025169051733954,1444.7640432350884,37.28771885023527,38.746377835533,632.2242821506886,496.47340312615813,3025046.21875,49590.16798704554,160958.00000000047,2037674.1618830068,,,,,,,,,,,,,,1771527548194,368,False,54.459571838378906,16,
28.23858618736267,1771527548.2385862,presence_only,,AppState.DETERMINE_DISTANCE_ESTIMATE,,True,0.6405821442604057,2.656297777894125,39.43023217232218,2,10.139135837554932,3.000047654684765,45.210518009012596,0.0663572944247256,1,2412.312218242334,44.20631408804711,54.56940412139059,1429.3522052183291,37.56674515904959,38.048337675481555,638.3381170105242,451.77490747995614,3223428.46875,75720.84076786778,320422.75000000047,2221395.5268528503,,,,,,,,,,,,,,1771527548238,369,False,44.161319732666016,16,
28.292750120162964,1771527548.2927501,presence_only,,AppState.DETERMINE_DISTANCE_ESTIMATE,,True,0.6405821442604057,2.726280091136741,39.472920827061564,2,10.139135837554932,3.391695155710755,43.72047754745025,0.07757680944706377,1,2248.3812032563005,44.46668688668029,50.56327243213673,1300.273596510077,37.788771174139974,34.40899389090179,445.5255629832086,303.0507966034605,2803778.703125,77681.67592731709,297075.5,1954770.5220431697,,,,,,,,,,,,,,1771527548292,370,False,54.16393280029297,16,
28.337111711502075,1771527548.3371117,presence_only,,AppState.DETERMINE_DISTANCE_ESTIMATE,,True,0.6405821442604057,2.7898850081210065,39.49241949388334,2,10.139135837554932,3.3946616721272624,41.432553091512425,0.08193223489142736,1,2134.312186118165,44.648867699686676,47.80215705414945,1229.1491801369148,38.0818718444653,32.27649063903037,311.2777265810671,217.8068808030348,2458605.5625,89755.29564601691,336773.74999999953,1702489.6024529708,,,,,,,,,,,,,,1771527548337,371,False,44.36159133911133,16,
28.391587018966675,1771527548.391587,presence_only,,AppState.DETERMINE_DISTANCE_ESTIMATE,,True,0.6405821442604057,2.828644798487792,39.48166128439032,2,10.139135837554932,3.197185751405083,38.411210474674895,0.08323574580993227,1,1973.0584414257096,44.82699670906625,44.014959426952736,1142.8028882559975,38.39173378268123,29.766899684581496,140.89063740124175,123.45736950330684,2098605.953125,70212.9335976251,218870.50000000023,1426421.5337743484,,,,,,,,,,,,,,1771527548391,372,False,54.47530746459961,16,
28.435914754867554,1771527548.4359148,presence_only,,AppState.DETERMINE_DISTANCE_ESTIMATE,,True,0.6405821442604057,2.8445896673760016,39.444901422415846,2,10.139135837554932,2.9961987735810145,35.78726452278868,0.08372248657310388,1,1583.4710809050162,44.974006674210756,35.208583756843936,901.3405337676211,38.464054806532026,23.433320753045535,310.08228784054904,110.8209323720962,1394425.34375,28725.780016454068,97325.75,933804.9685234331,,,,,,,,,,,,,,1771527548435,373,False,44.327735900878906,16,
28.49032425880432,1771527548.4903243,presence_only,,AppState.DETERMINE_DISTANCE_ESTIMATE,,True,0.6405821442604057,2.8362409385009415,39.4136913456682,2,10.139135837554932,2.756858453039944,36.308262700923564,0.07592923064572543,1,1249.9694527517463,44.98988002947113,27.78334709728402,592.2989538917404,38.438105377522895,15.409160989050326,532.5358388460018,394.30160582875817,910980.71875,27612.754643868087,113985.5,670681.2922892994,,,,,,,,,,,,,,1771527548490,374,False,54.40950393676758,16,
28.534674167633057,1771527548.5346742,presence_only,,AppState.DETERMINE_DISTANCE_ESTIMATE,,True,0.6405821442604057,2.817466235779636,39.382332183384584,2,10.139135837554932,2.6389501301409943,36.26206940357361,0.07277439411133421,0,1528.395933292892,45.0988224034609,33.88992997612533,623.378076741956,38.40524046384728,16.231588949756492,341.10977792406675,341.10977792406675,1228826.921875,46502.568669284854,179068.25,1010620.7522199492,,,,,,,,,,,,,,1771527548534,375,False,44.34990882873535,16,
28.589154958724976,1771527548.589155,presence_only,,AppState.DETERMINE_DISTANCE_ESTIMATE,,True,0.6405821442604057,2.811781096813091,39.32844406015397,2,10.139135837554932,2.7577249083670123,33.966530892013644,0.0811894778731799,1,2239.8714536567163,45.49323990395493,49.235259092038405,1099.7298123431274,38.522357083607424,28.54783288384376,505.1816344469066,127.00853144043526,2824422.90625,123469.6853857847,539562.2499999995,2252530.8051483366,,,,,,,,,,,,,,1771527548589,376,False,54.480791091918945,16,
28.680573225021362,1771527548.6805732,presence_only,,AppState.DETERMINE_DISTANCE_ESTIMATE,,True,0.5204729922115796,2.84597224015352,39.33317597220081,1,10.139135837554932,3.1710729806057003,39.80400516411491,0.07966718342667932,1,3207.300680673703,45.774142491526604,70.06795771646293,3207.300680673703,53.55506382521922,59.88790697890064,1330.24469797133,1330.24469797133,5771025.25,178875.46983094752,743843.7500000009,4378264.395801231,,,,,,,,,,,,,,1771527548680,377,False,91.41826629638672,16,
28.695396423339844,1771527548.6953964,presence_only,,AppState.DETERMINE_DISTANCE_ESTIMATE,,True,0.5204729922115796,2.9539514264693123,39.40438166859833,1,10.139135837554932,3.9806533730865796,46.489407798132525,0.08562495332884962,1,3547.1778488548116,46.22121270807127,76.74350457184458,3547.1778488548116,54.332310110971406,65.286711379372,1568.4461330634124,1568.4461330634124,7114825.8125,178025.2046586932,834347.2500000009,5278600.991762711,,,,,,,,,,,,,,1771527548695,378,False,14.823198318481445,16,
28.739999532699585,1771527548.7399995,presence_only,,AppState.DETERMINE_DISTANCE_ESTIMATE,,True,0.5204729922115796,3.0913265674520978,39.52668297512927,1,10.139135837554932,4.397535008876693,51.69576489254337,0.08506567255427011,1,3564.386199131977,46.74980865957808,76.24386711421253,3564.386199131977,55.175552141210176,64.60082519781737,1489.1210594707536,1489.1210594707536,7260428.390625,240750.80041085728,1023913.75,5275381.057070254,,,,,,,,,,,,,,1771527548739,379,False,44.60310935974121,16,
28.790061712265015,1771527548.7900617,presence_only,,AppState.DETERMINE_DISTANCE_ESTIMATE,,True,0.5204729922115796,3.2400459746488526,39.70729002733137,1,10.139135837554932,4.6541194649057624,57.677842227066144,0.08069163625266584,1,3872.138454011071,47.318014621183565,81.83222573746238,3872.138454011071,55.88361487451272,69.28933396017261,1687.4810507029306,1687.4810507029306,8419021.671875,278381.2780422195,1085516.9999999981,6168624.517206194,,,,,,,,,,,,,,1771527548790,380,False,50.06217956542969,16,
28.843441247940063,1771527548.8434412,presence_only,,AppState.DETERMINE_DISTANCE_ESTIMATE,,True,0.5204729922115796,3.3882415317355843,39.931022778411695,1,10.139135837554932,4.797334081257091,62.19261795455279,0.07713671234559707,1,3870.842096386295,48.01875726167536,80.61104278921174,3870.842096386295,56.5868685908958,68.40530661455732,1613.2908316655157,1583.5310674555035,8692787.046875,292708.92262044025,1299961.75,6424057.466570139,,,,,,,,,,,,,,1771527548843,381,False,53.37953567504883,16,
28.887369632720947,1771527548.8873696,presence_only,,AppState.DETERMINE_DISTANCE_ESTIMATE,,True,0.5204729922115796,3.490421903678405,40.1778037138251,1,10.139135837554932,4.461986798351325,64.7327124378958,0.0689293964402187,1,3698.0809053903213,48.859451727408185,75.68813759815808,3698.0809053903213,56.98353005094391,64.89736423874228,1365.3664851466674,1324.8832927820217,7907436.9375,135247.02635763175,576206.2499999991,5902608.765294948,,,,,,,,,,,,,,1771527548887,382,False,43.92838478088379,16,
28.94216251373291,1771527548.9421625,presence_only,,AppState.DETERMINE_DISTANCE_ESTIMATE,,True,0.5204729922115796,3.6010965995458664,40.44275204058758,1,10.139135837554932,4.6534283457407115,66.80533134335818,0.06965654165763974,1,3730.0372427137036,49.13416560191747,75.91534723227747,3730.0372427137036,57.22164346388372,65.18577616532083,1317.3724515198674,1274.236278295496,8091454.015625,133081.53712097052,543776.75,6020127.141371605,,,,,,,,,,,,,,1771527548942,383,False,54.79288101196289,16,
28.986698865890503,1771527548.9866989,presence_only,,AppState.DETERMINE_DISTANCE_ESTIMATE,,True,0.5204729922115796,3.712331134422456,40.71846047575565,1,10.139135837554932,4.769986015751728,68.15167953162529,0.06999073314793747,1,3903.2464893022066,49.93047609707851,78.17362849965728,3903.2464893022066,58.34573397364418,66.89857549822709,1382.6370009849693,1359.3261559734801,8836517.53125,190601.8768743028,731795.5,6538405.643134204,,,,,,,,,,,,,,1771527548986,384,False,44.53635215759277,16,
29.041157484054565,1771527549.0411575,presence_only,,AppState.DETERMINE_DISTANCE_ESTIMATE,,True,0.5204729922115796,3.8690570388163468,41.01992076696503,1,10.139135837554932,5.359258962138539,71.0154709587892,0.07546607647188724,1,4197.567291189326,50.44549541067507,83.20995278039918,4197.567291189326,58.988544121517506,71.15902508919528,1558.8477743472304,1552.9742045014336,10219298.296875,197056.97502000016,865033.0,7563796.522338853,,,,,,,,,,,,,,1771527549041,385,False,54.4586181640625,16,
29.085684537887573,1771527549.0856845,presence_only,,AppState.INTRA_PRESENCE_DETECTED,,True,0.40036384016275356,4.048288339025604,41.347792966513495,0,10.139135837554932,5.752479036308857,73.9713500479638,0.07776631131513921,1,4429.038263709883,51.11604107635108,86.6467388780689,4352.2915592140935,61.31011168780422,70.98815251398182,1676.7811439427787,1676.7811439427787,11367655.140625,198504.37524208304,671425.7500000019,8461697.000502395,,,,,,,,,,,,,,1771527549085,386,False,44.52705383300781,16,
29.140153646469116,1771527549.1401536,presence_only,,AppState.INTRA_PRESENCE_DETECTED,,True,0.40036384016275356,4.166225398630447,41.69278912419092,0,10.139135837554932,5.287610109944013,76.02019430941331,0.0695553353672461,1,4360.6691918536135,51.58197143120347,84.53862988903089,4308.938837608397,62.037291576080335,69.45723657607796,1533.9865578507602,1533.9865578507602,10969719.84375,299296.7990104821,1102926.0,8155964.838772991,,,,,,,,,,,,,,1771527549140,387,False,54.46910858154297,16,
29.194589138031006,1771527549.1945891,presence_only,,AppState.INTRA_PRESENCE_DETECTED,,True,0.40036384016275356,4.277385155022819,42.02593460626249,0,10.139135837554932,5.334329017701827,75.17418769315688,0.07095958308727361,1,4146.790630735563,52.36468987256217,79.19058893976552,4096.110594210073,63.557558881448095,64.44726113200747,1240.7272136621223,1240.7272136621223,9979606.390625,348280.48584966565,1304262.2499999963,7425557.767096575,,,,,,,,,,,,,,1771527549194,388,False,54.43549156188965,16,
29.23873209953308,1771527549.238732,presence_only,,AppState.INTRA_PRESENCE_DETECTED,,True,0.5204729922115796,4.373809071019422,42.334788606675104,1,10.139135837554932,5.290639671730223,73.0660190256351,0.07240903147880003,1,3973.3239867781044,52.90544919214317,75.10235802502304,3973.3239867781044,62.178624102804775,63.90176759371188,1035.2355797232558,979.8355669708858,9266705.25,171155.9019118466,775512.2499999981,6852843.412249743,,,,,,,,,,,,,,1771527549238,389,False,44.142961502075195,16,
29.293020009994507,1771527549.29302,presence_only,,AppState.INTRA_PRESENCE_DETECTED,,True,0.40036384016275356,4.4503972433928025,42.600257005350734,0,10.139135837554932,5.178623009362558,69.0145838968733,0.07503664757329845,0,3836.6314051603267,53.65719080067989,71.50265132851887,3836.6314051603267,65.55862537583735,58.52214537914723,858.4860556279436,858.4860556279436,8435776.671875,290934.7885852266,1333662.9999999981,6335273.485173974,,,,,,,,,,,,,,1771527549293,390,False,54.28791046142578,16,
29.337154150009155,1771527549.3371542,presence_only,,AppState.INTRA_PRESENCE_DETECTED,,True,0.5204729922115796,4.491086751180963,42.81567392393068,1,10.139135837554932,4.877976097900294,64.24983683643508,0.07592199977476283,0,3601.1067010929087,54.05904025220265,66.61432915245969,3454.0345097481654,64.06892010882592,53.91123346276657,585.0359442056915,388.5106871758294,7208327.78125,231793.26006397346,804663.0,5498267.077703879,,,,,,,,,,,,,,1771527549337,391,False,44.13414001464844,16,
29.39138412475586,1771527549.3913841,presence_only,,AppState.INTRA_PRESENCE_DETECTED,,True,0.5204729922115796,4.480374286735663,42.97353056934133,1,10.139135837554932,4.3785166188431495,58.68039833468608,0.07461634111267416,0,3370.764723369535,54.26683681926664,62.11463429375121,3224.159300548362,64.44055107366813,50.03308082844427,333.1004709445183,148.9778722383685,6232025.09375,225106.51997467424,957268.0,4834501.168729908,,,,,,,,,,,,,,1771527549391,392,False,54.2299747467041,16,
29.43553066253662,1771527549.4355307,presence_only,,AppState.INTRA_PRESENCE_DETECTED,,True,0.5204729922115796,4.4455913257128765,43.08043901655343,1,10.139135837554932,4.114863386286052,53.717918604381396,0.07660131838901572,0,3082.2685594633463,54.56944012044692,56.4834191555495,2901.507739790211,64.85050164996625,44.7414848909959,228.68854267822303,163.10056810480046,5079004.375,172974.39823246325,736927.25,4029454.3597313236,,,,,,,,,,,,,,1771527549435,393,False,44.14653778076172,16,
29.49014115333557,1771527549.4901412,presence_only,,AppState.INTRA_PRESENCE_DETECTED,,True,0.40036384016275356,4.40729540418607,43.15820720005341,0,10.139135837554932,4.043165070178132,50.89620626501361,0.0794394192967186,0,2899.3376533486057,54.64566486292466,53.05704781099034,2899.3376533486057,67.44262997601864,42.98968848540704,400.72718861032126,132.45554203104894,4349105.6875,81104.96911374426,257840.49999999953,3537057.0503693735,,,,,,,,,,,,,,1771527549490,394,False,54.610490798950195,16,
29.544347286224365,1771527549.5443473,presence_only,,AppState.INTRA_PRESENCE_DETECTED,,True,0.40036384016275356,4.354678865102407,43.19946811023557,0,10.139135837554932,3.8543833457097083,47.30496305739563,0.08147947057799546,0,3009.106190616451,55.019302512231526,54.691827289028154,3009.106190616451,67.80561785425307,44.3784200453728,276.20252084382764,21.305837383958988,4683073.46875,77056.2951244834,267722.5,3780824.088441659,,,,,,,,,,,,,,1771527549544,395,False,54.206132888793945,16,
29.58856439590454,1771527549.5885644,presence_only,,AppState.INTRA_PRESENCE_DETECTED,,True,0.40036384016275356,4.294558291156823,43.21497923682926,0,10.139135837554932,3.7229119173718215,44.75834925881901,0.08317804340282044,0,2808.5215979953314,55.188440401813885,50.88967141481559,2808.5215979953314,68.23285650851977,41.16083865847664,365.7145178355163,208.38191149907243,4209706.59375,91286.56439835648,347748.49999999953,3350636.7869406864,,,,,,,,,,,,,,1771527549588,396,False,44.21710968017578,16,
29.643216371536255,1771527549.6432164,presence_only,,AppState.INTRA_PRESENCE_DETECTED,,True,0.40036384016275356,4.208969997490377,43.217182169609366,0,10.139135837554932,3.3951680907229185,43.43637581700415,0.07816416601947807,0,2533.3679542076493,55.56205818038612,45.59528637217321,2533.3679542076493,68.47895113752378,36.994841657007626,564.7833216208251,454.0982830404769,3478272.53125,101120.26090513445,367821.75,2704416.358202407,,,,,,,,,,,,,,1771527549643,397,False,54.65197563171387,16,
29.724825143814087,1771527549.7248251,presence_only,,AppState.INTRA_PRESENCE_DETECTED,,True,0.5204729922115796,4.144800539220462,43.19139528779429,1,10.139135837554932,3.5346560292737252,40.625579058161534,0.08700567748526947,0,2792.4504562805137,55.931382606539145,49.92636201888047,2644.463675096758,66.78158583219077,39.59869539040576,297.0531674311251,297.0531674311251,4330543.859375,171741.6783244615,710141.2499999991,3265588.7038301793,,,,,,,,,,,,,,1771527549724,398,False,81.60877227783203,16,
29.739437103271484,1771527549.739437,presence_only,,AppState.INTRA_PRESENCE_DETECTED,,True,0.5204729922115796,4.12794514568793,43.1596681937106,1,10.139135837554932,3.967678468920801,40.00279589318182,0.09918502895188579,1,3618.651437021291,56.37052391498165,64.19403591875016,3618.651437021291,67.41829861876425,53.674618183859835,635.9111618263851,635.9111618263851,7760105.640625,251820.41054708333,1044343.2500000028,5622821.711631407,,,,,,,,,,,,,,1771527549739,399,False,14.611959457397461,16,
29.791193962097168,1771527549.791194,presence_only,,AppState.INTRA_PRESENCE_DETECTED,,True,0.5204729922115796,4.199381475406347,43.14483599437138,1,10.139135837554932,4.8786218112854565,41.66901979997336,0.11708031133411723,1,4068.168082906758,56.789463459333334,71.63596616383457,4068.168082906758,67.87511715186983,59.93607456683044,1019.3477986412781,1019.3477986412781,9636604.125,172131.30840718272,750227.4999999981,6807847.591564383,,,,,,,,,,,,,,1771527549791,400,False,51.756858825683594,16,
29.843735456466675,1771527549.8437355,presence_only,,AppState.INTRA_PRESENCE_DETECTED,,True,0.5204729922115796,4.23993015822794,43.092447340920806,1,10.139135837554932,4.625480494419049,37.879732665450184,0.12210963934589236,1,2935.9667547770787,57.227232575814,51.30366475150164,2935.9667547770787,68.62468597263383,42.782953584736276,298.8273945880642,105.983093519048,4959754.734375,117608.87817054833,421009.99999999907,3441856.654527771,,,,,,,,,,,,,,1771527549843,401,False,52.541494369506836,16,
29.88617467880249,1771527549.8861747,presence_only,,AppState.INTRA_PRESENCE_DETECTED,,True,0.5204729922115796,4.244544108843537,43.01804003781407,1,10.139135837554932,4.288415082873432,35.614451372711436,0.12041221800313613,1,3337.700621896195,57.54581977558531,58.00074853142095,3337.700621896195,69.0122961973536,48.36385406309406,285.168616665801,277.74569425414666,6002709.9375,184314.84842920396,785583.5,4255078.610942306,,,,,,,,,,,,,,1771527549886,402,False,42.43922233581543,16,
29.93858814239502,1771527549.9385881,presence_only,,AppState.INTRA_PRESENCE_DETECTED,,True,0.5204729922115796,4.245776351565829,42.92557338587863,1,10.139135837554932,4.257492924405914,33.72506446288729,0.12624120938196653,1,3240.414000483773,57.84786758799359,56.016135694175695,3240.414000483773,69.4291822376413,46.672219029540834,258.47771644212025,169.47286345449083,5594743.65625,160116.6153934494,606729.75,3952195.333750294,,,,,,,,,,,,,,1771527549938,403,False,52.4134635925293,16,
29.991182804107666,1771527549.9911828,presence_only,,AppState.INTRA_PRESENCE_DETECTED,,True,0.5204729922115796,4.221188947931897,42.81086097422314,1,10.139135837554932,3.987403752520306,31.39688042098504,0.12699999805484516,1,2736.926294050043,58.17490190291222,47.04651326392674,2736.926294050043,69.75465710026155,39.236466893915015,696.0233644962996,313.6802765557909,4001031.1875,94702.0962179518,360194.25,2736384.9550589835,,,,,,,,,,,,,,1771527549991,404,False,52.594661712646484,16,
30.03357458114624,1771527550.0335746,presence_only,,AppState.INTRA_PRESENCE_DETECTED,,True,0.5204729922115796,4.162975431031461,42.721866244702966,1,10.139135837554932,3.609461988669339,33.86681649529423,0.10657813051499225,1,1965.197222927002,58.39558475341973,33.65318167788814,1965.197222927002,69.9703665950035,28.08613586768385,1178.5312929309423,1019.3304624408527,2109458.3125,66759.04729917116,293009.0,1466801.6094436727,,,,,,,,,,,,,,1771527550033,405,False,42.39177703857422,16,
30.086086988449097,1771527550.086087,presence_only,,AppState.INTRA_PRESENCE_DETECTED,,True,0.5204729922115796,4.082345817293863,42.631751287245336,1,10.139135837554932,3.315692685297785,33.665237924538076,0.09849010105413625,1,2330.693396187334,58.84618131618401,39.606535955575005,2330.693396187334,70.63368432556481,32.99691101219786,634.574440315921,614.0293611579182,2982651.875,98971.14556269528,436733.00000000093,2325483.723514497,,,,,,,,,,,,,,1771527550086,406,False,52.512407302856445,16,
30.138797760009766,1771527550.1387978,presence_only,,AppState.INTRA_PRESENCE_DETECTED,,True,0.5204729922115796,4.014337205062946,42.521071904955505,1,10.139135837554932,3.3676887448678947,31.508381134452875,0.1068823158635278,1,3183.395834492233,59.171724745325164,53.79927403062451,3183.395834492233,70.99484871381391,44.839814326246746,224.14284400690485,224.14284400690485,5543133.703125,153404.69028383662,703891.0,4253409.322648002,,,,,,,,,,,,,,1771527550138,407,False,52.710771560668945,16,
30.191236972808838,1771527550.191237,presence_only,,AppState.DETERMINE_DISTANCE_ESTIMATE,,True,0.5204729922115796,3.96625025663674,42.41146638306269,1,10.139135837554932,3.5090235887890997,31.50562561694474,0.11137768319034605,1,3598.6734122624966,59.564568847554085,60.41634283314138,3598.6734122624966,71.49955819975577,50.33140767329186,600.4929989022953,600.4929989022953,7112309.25,257622.34953655387,1116796.25,5437140.545124978,,,,,,,,,,,,,,1771527550191,408,False,52.439212799072266,16,
30.233529806137085,1771527550.2335298,presence_only,,AppState.DETERMINE_DISTANCE_ESTIMATE,,True,0.5204729922115796,3.9364780566951243,42.3174954187179,1,10.139135837554932,3.653394096924031,32.96730615740473,0.11081870260705637,1,3973.0881968957724,60.23904056722719,65.95536979703093,3973.0881968957724,72.39833825219361,54.87816837730406,915.5561484279274,915.5561484279274,8519337.78125,207272.2610440471,937642.5,6532987.694000833,,,,,,,,,,,,,,1771527550233,409,False,42.29283332824707,16,
30.28589367866516,1771527550.2858937,presence_only,,AppState.DETERMINE_DISTANCE_ESTIMATE,,True,0.5204729922115796,3.9415743121970457,42.244597792209866,1,10.139135837554932,3.990031201184702,34.9912232067402,0.1140294861227398,1,4162.799663106099,60.62499588802298,68.66474136717976,4162.799663106099,73.01126725375548,57.01585275298671,1037.9797734001781,1037.9797734001781,9359871.53125,352862.8879524119,1683972.000000001,7180416.933630578,,,,,,,,,,,,,,1771527550285,410,False,52.36387252807617,16,
30.33834958076477,1771527550.3383496,presence_only,,AppState.DETERMINE_DISTANCE_ESTIMATE,,True,0.5204729922115796,3.9434419193318107,42.17906145741965,1,10.139135837554932,3.961199747911583,35.658141532271394,0.11108822775341567,1,4022.393440264297,61.12090225052863,65.81043950743867,4022.393440264297,73.82600604254424,54.484776514820524,842.929964001075,842.929964001075,8757971.515625,256673.93964075652,1204032.4999999981,6633455.044699754,,,,,,,,,,,,,,1771527550338,411,False,52.455902099609375,16,
30.390753507614136,1771527550.3907535,presence_only,,AppState.DETERMINE_DISTANCE_ESTIMATE,,True,0.5204729922115796,3.9147910031060866,42.100869532995574,1,10.139135837554932,3.6423685811099613,34.32070789297204,0.1061274316474601,1,3636.0106057326075,61.38197724345695,59.23580127195975,3636.0106057326075,74.15895342001778,49.02996115775963,428.7528918037051,428.7528918037051,7331887.078125,237353.46164868743,1087733.249999999,5509135.08774847,,,,,,,,,,,,,,1771527550390,412,False,52.403926849365234,16,
30.44306206703186,1771527550.443062,presence_only,,AppState.DETERMINE_DISTANCE_ESTIMATE,,True,0.5204729922115796,3.900872580815519,41.9932430090428,1,10.139135837554932,3.7685316015292427,31.28431418712084,0.12046073885040494,1,3130.8399531914756,61.7104379827594,50.73436610538127,3130.8399531914756,74.48776684089304,42.03159909246526,98.87833502501189,71.76550631128748,5422557.78125,168891.35725007503,709134.75,4131798.9572736737,,,,,,,,,,,,,,1771527550443,413,False,52.30855941772461,16,
30.48529362678528,1771527550.4852936,presence_only,,AppState.DETERMINE_DISTANCE_ESTIMATE,,True,0.5204729922115796,3.835393179167212,41.88961399090983,1,10.139135837554932,3.2127932927498595,31.57844032930782,0.10174008783031438,1,2506.6971437157104,61.86947183271428,40.515896926563805,2506.6971437157104,74.6494251797804,33.57959070207411,653.5419534248826,653.5419534248826,3549806.921875,156978.34807662177,675539.75,2694511.580231703,,,,,,,,,,,,,,1771527550485,414,False,42.23155975341797,16,
30.537658214569092,1771527550.5376582,presence_only,,AppState.DETERMINE_DISTANCE_ESTIMATE,,True,0.5204729922115796,3.741813395893728,41.79292607369049,1,10.139135837554932,2.8520257532093325,32.1723977372359,0.08864821877480983,1,2391.8307727162683,61.95836098651617,38.60384191244491,2391.8307727162683,74.83658879256937,31.96071348620577,725.1682010039399,721.6282173669019,3148004.671875,94961.84873792408,358245.5,2374742.6471527987,,,,,,,,,,,,,,1771527550537,415,False,52.36458778381348,16,
30.590003728866577,1771527550.5900037,presence_only,,AppState.DETERMINE_DISTANCE_ESTIMATE,,True,0.5204729922115796,3.6590476548751942,41.69333276335321,1,10.139135837554932,2.8720835156156896,31.783715390507083,0.09036336627854206,1,2520.562674347238,62.30778171389967,40.45341697254639,2520.562674347238,75.21143186867633,33.51302603458978,556.8012446097082,556.8012446097082,3569901.53125,87669.97571200074,401450.75000000093,2677696.610574537,,,,,,,,,,,,,,1771527550590,416,False,52.34551429748535,16,
30.642597913742065,1771527550.642598,presence_only,,AppState.DETERMINE_DISTANCE_ESTIMATE,,True,0.5204729922115796,3.595991329056895,41.5947035449797,1,10.139135837554932,2.9964308519586136,31.781014125937403,0.09428367641103234,1,2425.472267962726,62.39256770475801,38.87437810543719,2425.472267962726,75.3924570279334,32.17128561060029,612.2049892884188,612.2049892884188,3337738.5625,88165.21822942083,418706.75,2453756.709796996,,,,,,,,,,,,,,1771527550642,417,False,52.59418487548828,16,
30.68508243560791,1771527550.6850824,presence_only,,AppState.DETERMINE_DISTANCE_ESTIMATE,,True,0.5204729922115796,3.506058407701303,41.499387433975485,1,10.139135837554932,2.6509463386889824,32.01535495909637,0.08280234100146934,1,2303.834448058823,62.68350591254119,36.753439592809016,2303.834448058823,75.9125180334079,30.34854471583452,689.1670240841177,689.1670240841177,2990941.625,93251.59533270077,269561.7500000014,2236337.511485375,,,,,,,,,,,,,,1771527550685,418,False,42.48452186584473,16,
30.756301641464233,1771527550.7563016,presence_only,,AppState.DETERMINE_DISTANCE_ESTIMATE,,True,0.5204729922115796,3.4212086706216196,41.40227420098542,1,10.139135837554932,2.6144292050411067,31.739426590913958,0.08237165840000296,1,2333.7042242430807,63.18193611247901,36.93625690817058,2333.7042242430807,76.711204522977,30.42194733774065,619.1597391573227,619.1597391573227,3134893.265625,95838.34956791601,401821.24999999907,2311984.37286398,,,,,,,,,,,,,,1771527550756,419,False,71.21920585632324,16,
30.78440022468567,1771527550.7844002,presence_only,,AppState.DETERMINE_DISTANCE_ESTIMATE,,True,0.5204729922115796,3.3437759180369966,41.30449732956768,1,10.139135837554932,2.6075196030647634,31.57561714291254,0.08258016276231252,1,2331.0897733141896,63.26050446211042,36.849054447131955,2331.0897733141896,76.81054686262267,30.348563686872918,583.9210562077301,583.9210562077301,3133769.90625,72368.8939429799,303805.25,2298469.8844965296,,,,,,,,,,,,,,1771527550784,420,False,28.098583221435547,16,
30.83711051940918,1771527550.8371105,presence_only,,AppState.DETERMINE_DISTANCE_ESTIMATE,,True,0.5204729922115796,3.2667450828468887,41.202827666152324,1,10.139135837554932,2.5343103318760853,31.086611431745936,0.08152417439767977,1,2350.0871609500996,63.444244305024135,37.04177087545442,2350.0871609500996,77.09060788748467,30.484740298709482,530.5315506638572,530.5315506638572,3234423.40625,82820.8143630855,387776.50000000047,2414503.0327628274,,,,,,,,,,,,,,1771527550837,421,False,52.71029472351074,16,
30.889727115631104,1771527550.889727,presence_only,,AppState.DETERMINE_DISTANCE_ESTIMATE,,True,0.5204729922115796,3.1925200420565596,41.09813951592257,1,10.139135837554932,2.486763715607645,30.681581328081545,0.08105070233947054,0,2308.8808985970345,63.64542826727654,36.277246636862905,2302.823383404869,77.40729851860385,29.749434839424936,542.6195935745759,542.6195935745759,3074397.84375,86831.23932825256,336919.5,2346194.341671598,,,,,,,,,,,,,,1771527550889,422,False,52.61659622192383,16,
30.94228506088257,1771527550.942285,presence_only,,AppState.DETERMINE_DISTANCE_ESTIMATE,,True,0.5204729922115796,3.125236359256577,40.9941469551368,1,10.139135837554932,2.4854807687273928,30.646800496629517,0.0811008238500995,1,2203.0222679948674,63.78145745318052,34.540168191946385,2203.0222679948674,77.61396316418029,28.38435480103408,603.3106309349696,603.3106309349696,2753859.28125,82567.632899721,225110.74999999907,2110643.0457418864,,,,,,,,,,,,,,1771527550942,423,False,52.557945251464844,16,
30.98471212387085,1771527550.9847121,presence_only,,AppState.DETERMINE_DISTANCE_ESTIMATE,,True,0.5204729922115796,3.044373721814001,40.89349352360195,1,10.139135837554932,2.2755049230799935,30.878393208163857,0.07369246539695874,1,2099.683258293081,63.985278625458065,32.8150990878839,2099.683258293081,77.88212207664931,26.95975921405524,663.6293546893826,663.6293546893826,2471730.328125,62807.16476699232,220030.0,1865317.6365600512,,,,,,,,,,,,,,1771527550984,424,False,42.42706298828125,16,
31.03725242614746,1771527551.0372524,presence_only,,AppState.DETERMINE_DISTANCE_ESTIMATE,,True,0.5204729922115796,2.9868876370107014,40.795226087703504,1,10.139135837554932,2.440290860495445,31.0175343264149,0.07867455983883896,1,2068.4106538143,64.26040421927759,32.18794962328615,2068.4106538143,78.1632698288,26.462693517278005,652.5968630219795,652.5968630219795,2420166.9375,63436.90078119094,215485.50000000047,1803702.5765281697,,,,,,,,,,,,,,1771527551037,425,False,52.54030227661133,16,
31.08979105949402,1771527551.089791,presence_only,,AppState.DETERMINE_DISTANCE_ESTIMATE,,True,0.5204729922115796,2.9273211433821693,40.708408907533695,1,10.139135837554932,2.3609431491757613,32.07002713310808,0.07361837080158815,1,1828.5410819233048,64.41227656529037,28.388083443090977,1828.5410819233048,78.35205712013618,23.337499347289494,844.1769085320577,838.1337656232931,1872170.421875,48928.24758293378,171123.24999999953,1378162.6104409418,,,,,,,,,,,,,,1771527551089,426,False,52.53863334655762,16,
31.14214324951172,1771527551.1421432,presence_only,,AppState.DETERMINE_DISTANCE_ESTIMATE,,True,0.5204729922115796,2.8475857946707186,40.642794996053006,1,10.139135837554932,2.089435631389854,34.11415612555604,0.06124834580807176,1,1555.8236778010064,64.36892291158634,24.170416520932484,1555.8236778010064,78.2882007814373,19.873028914339674,1043.2234059723478,1043.2234059723478,1406481.390625,43423.70369592664,175881.0,1022636.0144649267,,,,,,,,,,,,,,1771527551142,427,False,52.352190017700195,16,
31.184443950653076,1771527551.184444,presence_only,,AppState.DETERMINE_DISTANCE_ESTIMATE,,True,0.5204729922115796,2.76525631137016,40.58298893724281,1,10.139135837554932,1.9824402553066331,34.63223624732934,0.05724262912425317,1,1785.810850714949,64.32547701799962,27.762108164195652,1785.810850714949,78.1726801502513,22.844436793771152,763.7270374442783,763.7270374442783,1842671.75,33213.22848855286,163279.50000000047,1335126.3008995284,,,,,,,,,,,,,,1771527551184,428,False,42.30070114135742,16,
31.236947536468506,1771527551.2369475,presence_only,,AppState.DETERMINE_DISTANCE_ESTIMATE,,True,0.5204729922115796,2.7094388102357554,40.511669366595974,1,10.139135837554932,2.178707481121978,33.41531265435877,0.06520087073830153,1,2063.0523673219013,64.52806173034061,31.97139836481247,2063.0523673219013,78.51396758975055,26.276246515466404,456.8686569600304,456.8686569600304,2488717.265625,57395.92480467008,226395.49999999907,1842955.1212945848,,,,,,,,,,,,,,1771527551236,429,False,52.50358581542969,16,
31.289329767227173,1771527551.2893298,presence_only,,AppState.DETERMINE_DISTANCE_ESTIMATE,,True,0.5204729922115796,2.6596456939548707,40.42759302374704,1,10.139135837554932,2.1861962157914356,32.061926846776274,0.068186675934078,0,2142.069024805515,64.67149244113553,33.122306968903175,2095.1884536360926,78.77677395508069,26.596525199219172,398.8751788216782,398.8751788216782,2599448.359375,67225.23654354592,252882.0,1982953.200661703,,,,,,,,,,,,,,1771527551289,430,False,52.38223075866699,16,
31.341660737991333,1771527551.3416607,presence_only,,AppState.DETERMINE_DISTANCE_ESTIMATE,,True,0.5204729922115796,2.6156839100698335,40.33320424002977,1,10.139135837554932,2.1976806760064376,30.941441602972397,0.07102709382888901,0,2112.501126109167,64.85400189929962,32.573180747685015,2039.4617090055895,79.11361334696977,25.77889724282106,426.92610843087004,426.92610843087004,2474962.359375,80109.10208096531,263380.0,1931404.9944533135,,,,,,,,,,,,,,1771527551341,431,False,52.330970764160156,16,
31.384700298309326,1771527551.3847003,presence_only,,AppState.DETERMINE_DISTANCE_ESTIMATE,,True,0.5204729922115796,2.5783031011043245,40.22371970701563,1,10.139135837554932,2.2228739610960426,29.329917435150037,0.07578861979189486,0,2293.149614885605,64.94411164386989,35.30958476151159,2157.4074619856233,79.2840636962799,27.211111052821074,290.169869349636,290.169869349636,2811702.5625,96184.37202948844,399707.75,2233656.575686697,,,,,,,,,,,,,,1771527551384,432,False,43.039560317993164,16,
31.438000679016113,1771527551.4380007,presence_only,,AppState.DETERMINE_DISTANCE_ESTIMATE,,True,0.5204729922115796,2.527102861206939,40.10403929625331,1,10.139135837554932,2.0402739846104807,28.19573869189311,0.07236107579351142,0,2261.8990862906553,65.18308715406877,34.700705121708324,2046.7985529617347,79.70613989139915,25.679308466384775,376.3796749766391,376.3796749766391,2619100.1875,92977.48152352277,315689.74999999953,2115397.0993957026,,,,,,,,,,,,,,1771527551438,433,False,53.30038070678711,16,
31.49044370651245,1771527551.4904437,presence_only,,AppState.DETERMINE_DISTANCE_ESTIMATE,,True,0.5204729922115796,2.4785230446555575,39.98357420409389,1,10.139135837554932,2.01661002306875,27.99719714682158,0.07202899677497393,0,1992.9087027900325,65.30731892024082,30.515855431049562,1853.4470009029794,79.90704266185769,23.195039374977355,535.0464286703589,535.0464286703589,2125555.875,59482.486324429396,204565.4999999993,1664203.792125939,,,,,,,,,,,,,,1771527551490,434,False,52.44302749633789,16,
31.54277801513672,1771527551.542778,presence_only,,AppState.DETERMINE_DISTANCE_ESTIMATE,,True,0.5204729922115796,2.4283028161332894,39.86555172595079,1,10.139135837554932,1.9507922130011015,28.12221679881017,0.06936836547730013,0,1873.9055357811528,65.32360809514282,28.68649773636435,1768.3259915807378,79.86473568181407,22.141511850783726,582.4121219442529,582.4121219442529,1914082.875,58184.33915394464,218381.75000000023,1470469.0288284384,,,,,,,,,,,,,,1771527551542,435,False,52.33430862426758,16,
31.585097789764404,1771527551.5850978,presence_only,,AppState.DETERMINE_DISTANCE_ESTIMATE,,True,0.5204729922115796,2.3799406186126038,39.750779782917704,1,10.139135837554932,1.9200967910071478,28.330875807999487,0.0677740004916197,0,1785.0159630326139,65.33521206466817,27.320887261198465,1700.4063507916278,79.9381990238787,21.271511887106943,610.7400658236486,610.7400658236486,1753589.9375,64244.52285102189,255873.75000000047,1348368.448150216,,,,,,,,,,,,,,1771527551585,436,False,42.31977462768555,16,
31.637741327285767,1771527551.6377413,presence_only,,AppState.DETERMINE_DISTANCE_ESTIMATE,,True,0.5204729922115796,2.3181456355808514,39.634332539063024,1,10.139135837554932,1.7305784243932105,28.047734736314474,0.06170118337902217,0,1860.6739422938263,65.33715262504515,28.478038413203077,1776.3080831460518,79.8779255797465,22.23778434694612,502.277787594285,502.277787594285,1871001.46875,41013.45163897788,122749.25000000023,1483746.4225522983,,,,,,,,,,,,,,1771527551637,437,False,52.643537521362305,16,
31.69023609161377,1771527551.690236,presence_only,,AppState.DETERMINE_DISTANCE_ESTIMATE,,True,0.5204729922115796,2.2641643534863394,39.51805928273273,1,10.139135837554932,1.7508924045271774,27.948773383649726,0.06264648471080374,0,1829.7121208847307,65.40261934145411,27.976129079849084,1694.7243288456239,80.00028955895279,21.183977435176473,548.3165008424717,548.3165008424717,1757047.625,40672.46402205056,149746.5,1415947.2601734423,,,,,,,,,,,,,,1771527551690,438,False,52.49476432800293,16,
31.74281644821167,1771527551.7428164,presence_only,,AppState.DETERMINE_DISTANCE_ESTIMATE,,True,0.5204729922115796,2.2101591487548435,39.40605778079589,1,10.139135837554932,1.696659735422245,28.261815003651556,0.0600336438103142,0,1811.641678233447,65.39979415609133,27.70103027972619,1577.1553332860083,80.00807805946012,19.71245118641884,625.3469001641931,625.3469001641931,1587857.703125,46542.56229183353,188888.74999999977,1357432.9685693257,,,,,,,,,,,,,,1771527551742,439,False,52.58035659790039,16,
31.811518669128418,1771527551.8115187,presence_only,,AppState.DETERMINE_DISTANCE_ESTIMATE,,True,0.5204729922115796,2.1689311801789577,39.29067776952167,1,10.139135837554932,1.7769219695506777,27.810270497887966,0.06389445113889598,0,1929.8057352441592,65.32656514305737,29.5409031683906,1704.7864109709608,79.96744105384906,21.318506488180116,467.4152664861813,467.4152664861813,1865116.921875,56195.73884672275,257300.00000000047,1536800.553739329,,,,,,,,,,,,,,1771527551811,440,False,68.70222091674805,16,
31.833882093429565,1771527551.833882,presence_only,,AppState.DETERMINE_DISTANCE_ESTIMATE,,True,0.5204729922115796,2.1232507299992904,39.1546594433188,1,10.139135837554932,1.6889058463042552,25.62072263771697,0.06591952421170397,0,2204.0535950833864,65.40033177717122,33.70095434009766,2066.5579634760434,80.01521853905747,25.827061416341397,99.212206027717,99.212206027717,2611753.46875,58725.42596095746,270926.25,2031378.7991693667,,,,,,,,,,,,,,1771527551833,441,False,22.36342430114746,16,
31.8866126537323,1771527551.8866127,presence_only,,AppState.DETERMINE_DISTANCE_ESTIMATE,,True,0.5204729922115796,2.0978147945381416,39.00539611451128,1,10.139135837554932,1.8559614768476627,24.153570512262338,0.07684004631234889,0,2435.6762640550673,65.58877034315465,37.135568349195886,2404.0572354680435,80.32526465615226,29.92902974835058,223.78033288775214,223.78033288775214,3404175.765625,90869.85357923435,387896.75,2576607.39492072,,,,,,,,,,,,,,1771527551886,442,False,52.730560302734375,16,
31.939191341400146,1771527551.9391913,presence_only,,AppState.DETERMINE_DISTANCE_ESTIMATE,,True,0.5204729922115796,2.121003204837597,38.85708798067098,1,10.139135837554932,2.3414863072364605,24.100305073655914,0.09715587831702543,1,2715.4158809011187,65.83478851608612,41.24591180537302,2715.4158809011187,80.77958760777855,33.61512433131098,502.5601294188418,502.5601294188418,4243627.515625,146866.26640721227,540223.7499999995,3136435.2350337165,,,,,,,,,,,,,,1771527551939,443,False,52.57868766784668,16,
31.99172329902649,1771527551.9917233,presence_only,,AppState.DETERMINE_DISTANCE_ESTIMATE,,True,0.5204729922115796,2.161244972435558,38.7245357212558,1,10.139135837554932,2.5438770568014597,25.53547544941271,0.09962129202338173,1,3104.506546060299,66.4069617963432,46.74971512074964,3104.506546060299,81.46679335938515,38.10763156378175,837.3677808438265,837.3677808438265,5457255.421875,119928.8369557886,547857.5,3887334.2119007697,,,,,,,,,,,,,,1771527551991,444,False,52.53195762634277,16,
32.034053564071655,1771527552.0340536,presence_only,,AppState.DETERMINE_DISTANCE_ESTIMATE,,True,0.6405821442604057,2.2411519532100463,38.627824163133035,2,10.139135837554932,3.0009340511186435,29.004943537087346,0.10346284753762813,1,3514.461913161458,67.05712816630631,52.40996757858373,2149.4763479304675,51.8734365354404,41.43693750500777,1171.3870752328862,865.6837611466688,6953178.28125,229261.96469946438,995135.2500000009,4810880.763356874,,,,,,,,,,,,,,1771527552034,445,False,42.330265045166016,16,
32.086559534072876,1771527552.0865595,presence_only,,AppState.DETERMINE_DISTANCE_ESTIMATE,,True,0.6405821442604057,2.321964408795603,38.570337928066415,2,10.139135837554932,3.0903560617754677,32.85040963382197,0.09407359287537287,1,3715.4675692047826,67.87213015207165,54.74216826295725,2276.7097730332252,52.24746076859659,43.57551045539173,1288.8425186441086,932.4691525731887,7707645.0,220049.88053596098,722362.25,5313101.143237278,,,,,,,,,,,,,,1771527552086,446,False,52.5059700012207,16,
32.138957262039185,1771527552.1389573,presence_only,,AppState.DETERMINE_DISTANCE_ESTIMATE,,True,0.6405821442604057,2.39354031984755,38.54285558930487,2,10.139135837554932,3.07410784137915,35.80833998062077,0.08584893471624173,1,3643.2776114243957,68.31998745644887,53.32667272068083,2256.7640065478713,52.480062731496155,43.00231152640109,1142.5836898744178,856.9696650560231,7401534.34375,141206.68356437315,654824.75,5077808.592251032,,,,,,,,,,,,,,1771527552138,447,False,52.397727966308594,16,
32.191322565078735,1771527552.1913226,presence_only,,AppState.DETERMINE_DISTANCE_ESTIMATE,,True,0.6405821442604057,2.4638867273113445,38.52032943014399,2,10.139135837554932,3.1327637205995043,36.27895782186801,0.08635208695616951,1,3279.2432107357104,68.53378954406826,47.848561016449544,2000.5209253232645,52.78921877876562,37.89639194452475,731.1518080029587,564.1548120134485,6031929.03125,122460.15041770603,454860.75,4171209.486664981,,,,,,,,,,,,,,1771527552191,448,False,52.36530303955078,16,
32.23357152938843,1771527552.2335715,presence_only,,AppState.DETERMINE_DISTANCE_ESTIMATE,,True,0.6405821442604057,2.5182747070716935,38.47877361632146,2,10.139135837554932,3.0354136724388003,34.3439355111929,0.08838281423400524,1,2756.212676901494,68.7303474024614,40.10182955604681,1669.5551545434191,52.88409685901778,31.570079734228404,218.99267197680433,218.99267197680433,4388235.640625,115273.29022086378,366310.25,3064578.2120946622,,,,,,,,,,,,,,1771527552233,449,False,42.24896430969238,16,
32.28595972061157,1771527552.2859597,presence_only,,AppState.DETERMINE_DISTANCE_ESTIMATE,,True,0.6405821442604057,2.562709784292466,38.407112268842184,2,10.139135837554932,2.9852132484992815,31.27674847696402,0.09544512757144523,1,2408.2113694607456,68.89010487027406,34.95728993243159,1418.0208547589314,52.91605150089622,26.797556025285022,180.4107163386625,30.56051856630893,3348115.671875,118099.72145833755,485687.00000000093,2394155.318300849,,,,,,,,,,,,,,1771527552285,450,False,52.38819122314453,16,
32.33837366104126,1771527552.3383737,presence_only,,AppState.DETERMINE_DISTANCE_ESTIMATE,,True,0.6405821442604057,2.579772134923053,38.320980906656054,2,10.139135837554932,2.7420066284768145,29.75083859312044,0.0921656920628351,1,2115.5315313547676,68.90727506544509,30.701134667055516,1232.8639833990203,52.92818488107293,23.293146858255444,419.3864130920531,202.58468134649888,2572292.5,56401.67136555552,236809.0,1859774.595608855,,,,,,,,,,,,,,1771527552338,451,False,52.4139404296875,16,
32.390753507614136,1771527552.3907535,presence_only,,AppState.DETERMINE_DISTANCE_ESTIMATE,,True,0.6405821442604057,2.5734009308625723,38.232409108266936,2,10.139135837554932,2.5128214077676208,29.419441358840697,0.08541363437300929,0,1932.819873672273,68.95785622276057,28.02900176305492,1064.3528880556955,52.94007536161604,20.104861596160383,577.8812591651233,348.50375157724693,2159289.71875,61927.50892947302,241678.25,1611282.5107789491,,,,,,,,,,,,,,1771527552390,452,False,52.37984657287598,16,
32.4437255859375,1771527552.4437256,presence_only,,AppState.DETERMINE_DISTANCE_ESTIMATE,,True,0.6405821442604057,2.5325334198032325,38.14424369168958,2,10.139135837554932,2.143951558894265,29.3717112711846,0.07299375712318865,0,1903.958193023484,68.92980400680997,27.62169747077417,1011.1034543074711,52.869653372288,19.124457789963945,583.2072165976324,377.29476078371977,2054592.703125,66591.72423996634,293949.50000000047,1557969.2890841812,,,,,,,,,,,,,,1771527552443,453,False,52.97207832336426,16,
32.48644471168518,1771527552.4864447,presence_only,,AppState.DETERMINE_DISTANCE_ESTIMATE,,True,0.6405821442604057,2.4895901892179464,38.050555811717686,2,10.139135837554932,2.0812716980320314,28.728533681410347,0.07244615130866683,0,2052.0245271819363,69.00695586786122,29.73648817492461,1070.666645789552,52.86306964363509,20.253584458620455,459.74555485141855,298.3883160403095,2336979.53125,63255.37468406062,292653.5,1770895.6696031685,,,,,,,,,,,,,,1771527552486,454,False,42.719125747680664,16,
32.5388560295105,1771527552.538856,presence_only,,AppState.DETERMINE_DISTANCE_ESTIMATE,,True,0.6405821442604057,2.4484726890340758,37.949296014599575,2,10.139135837554932,2.0575138485464874,27.87386181832368,0.07381516999270286,0,2242.2084580902037,68.95148813554262,32.51863764927051,1091.058291436576,52.86438004016669,20.638817490850062,282.82639369652725,261.07244717856724,2722962.28125,47703.95815280257,196278.75,2128533.5882277023,,,,,,,,,,,,,,1771527552538,455,False,52.41131782531738,16,
32.59123992919922,1771527552.59124,presence_only,,AppState.DETERMINE_DISTANCE_ESTIMATE,,True,0.6405821442604057,2.414785436124768,37.84324339852055,2,10.139135837554932,2.094475853155483,27.290919721624356,0.0767462538618348,0,2259.6917551128518,69.11878005717045,32.69287671470897,1041.2486213226168,52.92757407829659,19.673084199223045,291.9558533949066,291.9558533949066,2734114.9375,61986.00545501805,221629.75,2187511.086634002,,,,,,,,,,,,,,1771527552591,456,False,52.3838996887207,16,
32.63374972343445,1771527552.6337497,presence_only,,AppState.DETERMINE_DISTANCE_ESTIMATE,,True,0.6405821442604057,2.384402159053443,37.73662656177085,2,10.139135837554932,2.0955078750892167,27.1281624579598,0.07724474071029898,0,2202.3333967919116,69.2154397288044,31.81852785143225,974.9341424071936,52.89921870811189,18.43002914217448,336.45911037499786,336.45911037499786,2544388.1875,78948.61300666266,324485.25,2088280.7015349332,,,,,,,,,,,,,,1771527552633,457,False,42.50979423522949,16,
32.686272859573364,1771527552.6862729,presence_only,,AppState.DETERMINE_DISTANCE_ESTIMATE,,True,0.6405821442604057,2.3405805025068225,37.63974536080905,2,10.139135837554932,1.9239096456916298,27.999985130910737,0.0687110952605117,0,1803.0485230748784,69.16542214738625,26.068640471920354,798.713851392506,52.920228875595384,15.092789059076555,607.8374218059973,481.4678742356656,1726095.484375,49666.55521461573,189834.25000000023,1422532.2036852508,,,,,,,,,,,,,,1771527552686,458,False,52.523136138916016,16,
32.73874044418335,1771527552.7387404,presence_only,,AppState.DETERMINE_DISTANCE_ESTIMATE,,True,0.6405821442604057,2.2896709302450704,37.553855795713076,2,10.139135837554932,1.8056058180138164,29.00777249414563,0.062245586706665586,1,1550.1667375035822,69.20255472062959,22.400426454474086,738.7874805424426,52.8924711208796,13.967724798489032,735.5315419637768,508.4345803601327,1338435.890625,25369.40682260835,99373.75,1077595.4638763962,,,,,,,,,,,,,,1771527552738,459,False,52.46758460998535,16,
32.786789417266846,1771527552.7867894,presence_only,,AppState.DETERMINE_DISTANCE_ESTIMATE,,True,0.6405821442604057,2.2535359493841605,37.47609107002872,2,10.139135837554932,1.9099525565405382,29.738436060605594,0.0642250504560467,0,1554.393155553398,69.0413719746902,22.513937818337492,740.3019759699415,52.776736056214226,14.02705114555388,694.9727607664056,476.05918052940217,1355971.328125,20324.337865659738,75085.25,1092464.421276099,,,,,,,,,,,,,,1771527552786,460,False,48.048973083496094,16,
32.85825514793396,1771527552.8582551,presence_only,,AppState.DETERMINE_DISTANCE_ESTIMATE,,True,0.6405821442604057,2.229135171634769,37.3872093001541,2,10.139135837554932,1.9971244770828716,28.54339912961038,0.06996799743241248,0,1898.7484210411474,69.02664434590785,27.50747104985416,967.831421352009,52.8662936274528,18.307154803663394,344.23089500196124,233.39943625858257,2041888.546875,63232.851971788274,266820.00000000023,1591796.4012118082,,,,,,,,,,,,,,1771527552858,461,False,71.46573066711426,16,
32.89090442657471,1771527552.8909044,presence_only,,AppState.DETERMINE_DISTANCE_ESTIMATE,,True,0.6405821442604057,2.214036775798469,37.278550125085665,2,10.139135837554932,2.0704762163533226,26.46687165661514,0.07822897406001506,1,2348.191439205128,69.2060046591579,33.930458068431,1306.8420622941587,53.014896821329856,24.650468842254114,127.98472350153634,99.18167587118478,3202101.390625,116924.24702872426,552667.25,2374883.9497024994,,,,,,,,,,,,,,1771527552890,462,False,32.64927864074707,16,
32.943514823913574,1771527552.9435148,presence_only,,AppState.DETERMINE_DISTANCE_ESTIMATE,,True,0.6405821442604057,2.2110804824446104,37.175245524868686,2,10.139135837554932,2.1829710639099917,26.89635171625551,0.08116234821949826,1,2845.8836068796363,69.30044212206832,41.06587951958124,1647.9348439789724,53.05552345473025,31.060570825467703,587.586163860592,413.4708876251957,4690742.484375,143757.8466020275,508922.5,3364840.378627747,,,,,,,,,,,,,,1771527552943,463,False,52.61039733886719,16,
32.9860463142395,1771527552.9860463,presence_only,,AppState.DETERMINE_DISTANCE_ESTIMATE,,True,0.6405821442604057,2.2368155287215106,37.094674771941555,2,10.139135837554932,2.4815128913364224,29.077817713509425,0.08534041019516338,1,3259.388790119437,69.76287059614822,46.720967216803075,1965.2868240491641,53.38967055510036,36.81024444576964,940.1456768062812,686.3309342999291,6155315.1875,141501.14790605224,584149.25,4280709.612298258,,,,,,,,,,,,,,1771527552986,464,False,42.531490325927734,16,
33.03862547874451,1771527553.0386255,presence_only,,AppState.DETERMINE_DISTANCE_ESTIMATE,,True,0.6405821442604057,2.2969055884701794,37.04261148303311,2,10.139135837554932,2.8682618231418857,31.862270850640858,0.09002063401247418,1,3572.614176031502,70.29463526520001,50.823425749380526,2134.760419995942,53.6888785581009,39.76168765838516,1177.066797612205,803.7038094806203,7154425.890625,191970.14113324627,823977.75,4998230.388116785,,,,,,,,,,,,,,1771527553038,465,False,52.57916450500488,16,
33.0920205116272,1771527553.0920205,presence_only,,AppState.DETERMINE_DISTANCE_ESTIMATE,,True,0.6405821442604057,2.383842820199024,37.01214334297217,2,10.139135837554932,3.2104708778367077,33.98053801683425,0.09447969529357461,1,3563.66169929628,70.70527578387421,50.401637780736074,2160.852887895194,54.28085139619207,39.80875082602286,1097.000420559892,779.2789190199628,7118865.578125,220564.47853096927,786102.2499999991,4916623.681845704,,,,,,,,,,,,,,1771527553092,466,False,53.39503288269043,16,
33.13441348075867,1771527553.1344135,presence_only,,AppState.DETERMINE_DISTANCE_ESTIMATE,,True,0.6405821442604057,2.467320975747476,36.97984584611952,2,10.139135837554932,3.2610589888397246,33.76621799474435,0.09657756131440971,1,3060.8751818566943,71.07083871354718,43.06794794065343,1870.3876864586794,54.60206833743943,34.254887101812244,558.038618288766,459.0551148811394,5298682.78125,95293.71531677236,365325.25000000093,3630640.8105960838,,,,,,,,,,,,,,1771527553134,467,False,42.39296913146973,16,
33.18676733970642,1771527553.1867673,presence_only,,AppState.DETERMINE_DISTANCE_ESTIMATE,,True,0.6405821442604057,2.5030959623308173,36.91896287981173,2,10.139135837554932,2.843256410085099,30.86105699646605,0.09213088230641465,1,2617.9577717242214,71.19226791368096,36.77306326105053,1456.4222336452606,54.57920907474571,26.6845609950855,139.83908880828994,42.34463816354673,3960003.546875,129562.24562668639,578864.25,2918419.8759249067,,,,,,,,,,,,,,1771527553186,468,False,52.353858947753906,16,
33.23912477493286,1771527553.2391248,presence_only,,AppState.DETERMINE_DISTANCE_ESTIMATE,,True,0.6405821442604057,2.5273351258667134,36.8565956563142,2,10.139135837554932,2.7578091388297015,30.651004945710003,0.08997450960007487,0,2209.663733785358,71.39750287913446,30.948753732956835,993.0197985501095,54.6344633919038,18.175703335984224,445.1909538776388,395.42412250130747,2550011.796875,57798.035157673425,260885.0,2075989.5244964801,,,,,,,,,,,,,,1771527553239,469,False,52.35743522644043,16,
33.29142093658447,1771527553.291421,presence_only,,AppState.DETERMINE_DISTANCE_ESTIMATE,,True,0.6405821442604057,2.524080380759101,36.7967599726219,2,10.139135837554932,2.4931331838802855,30.843059582251207,0.08083287512870929,0,2138.9684740108955,71.42542354370563,29.94687840628766,914.5958166384208,54.619466382597274,16.7448691317329,445.0005967158305,445.0005967158305,2393609.953125,41231.22079525819,179265.75,1997857.5221103444,,,,,,,,,,,,,,1771527553291,470,False,52.29616165161133,16,
33.343660831451416,1771527553.3436608,presence_only,,AppState.DETERMINE_DISTANCE_ESTIMATE,,True,0.6405821442604057,2.4996659745573173,36.73778436975519,2,10.139135837554932,2.267525696156188,30.869662738264253,0.07345482570731293,0,2078.508887474985,71.36536436615687,29.124897012808326,913.7654239464305,54.54195436030498,16.75344117472082,432.90294219348243,418.68914209683635,2297207.140625,44510.96634933158,197088.75000000093,1901084.0855532621,,,,,,,,,,,,,,1771527553343,471,False,52.23989486694336,16,
33.38602542877197,1771527553.3860254,presence_only,,AppState.DETERMINE_DISTANCE_ESTIMATE,,True,0.6405821442604057,2.4708546079705487,36.67026023129824,2,10.139135837554932,2.19690657068095,29.95155218481032,0.07334867178341908,1,2040.9468170817802,71.48977503918807,28.548793389466663,1021.4934704422981,54.575756123382526,18.7169824658816,377.732744328483,292.0300235647503,2319680.375,61434.14297447158,262692.50000000047,1813097.5625497631,,,,,,,,,,,,,,1771527553386,472,False,42.36459732055664,16,
33.43846011161804,1771527553.43846,presence_only,,AppState.DETERMINE_DISTANCE_ESTIMATE,,True,0.6405821442604057,2.4270359935199415,36.589055592940824,2,10.139135837554932,2.010394061963449,28.50912640595846,0.0705175610527566,1,1998.0436261581601,71.65206645838535,27.885359416545427,1098.1970807305036,54.58067241025554,20.120622048328507,468.4066656664536,202.2175070541739,2199432.25,77838.90216197331,316488.75,1621269.0259383998,,,,,,,,,,,,,,1771527553438,473,False,52.434682846069336,16,
33.490756034851074,1771527553.490756,presence_only,,AppState.DETERMINE_DISTANCE_ESTIMATE,,True,0.6405821442604057,2.3785639954269397,36.49896165091817,2,10.139135837554932,1.9176761475321742,27.534539341504292,0.06964620412486479,1,1768.5966905731361,71.66749614323433,24.67780773328189,1032.854724931101,54.60836626199371,18.91385506676534,665.676078943475,251.27102444473098,1751596.140625,33034.03084462297,134453.49999999977,1232322.6507789334,,,,,,,,,,,,,,1771527553490,474,False,52.29592323303223,16,
33.54303431510925,1771527553.5430343,presence_only,,AppState.DETERMINE_DISTANCE_ESTIMATE,,True,0.6405821442604057,2.310274879010865,36.410455597528845,2,10.139135837554932,1.6609592919114433,27.604029530369715,0.060170899687811856,1,1457.9664682893947,71.7225142024534,20.327877298802143,870.1458233573554,54.64841121265079,15.922618865450184,936.7230960772379,388.7771469188657,1161478.65625,17222.32694604662,67696.50000000023,802019.3631733715,,,,,,,,,,,,,,1771527553543,475,False,52.27828025817871,16,
33.58532381057739,1771527553.5853238,presence_only,,AppState.DETERMINE_DISTANCE_ESTIMATE,,True,0.6405821442604057,2.2376256906364898,36.326276651987946,2,10.139135837554932,1.546853092054435,27.950401421664115,0.05534278626854138,1,1371.764502953222,71.66726070363573,19.140741385480226,809.2537964268379,54.586273838135305,14.825225088850967,942.2304280009803,422.2936608252937,1035466.703125,25291.880683213305,87484.25000000023,718449.0475547157,,,,,,,,,,,,,,1771527553585,476,False,42.28949546813965,16,
33.638054847717285,1771527553.6380548,presence_only,,AppState.DETERMINE_DISTANCE_ESTIMATE,,True,0.6405821442604057,2.1704176801272834,36.24375499890704,2,10.139135837554932,1.5313816068578223,28.032781749427667,0.0546282427656135,1,1401.9561125107484,71.54137988216034,19.59643656301275,821.5854932119055,54.47442792395002,15.082039858111266,834.4160773040069,385.0037953717115,1101378.953125,20211.469726992847,72902.75000000023,770046.512476611,,,,,,,,,,,,,,1771527553638,477,False,52.73103713989258,16,
33.690601110458374,1771527553.690601,presence_only,,AppState.DETERMINE_DISTANCE_ESTIMATE,,True,0.6405821442604057,2.1017997791251544,36.15870861672806,2,10.139135837554932,1.4493579990431995,27.696522718052407,0.05232996263629108,1,1431.7979573337154,71.48706624922771,20.028769292643265,852.9201791675761,54.453705439804615,15.663216529768874,775.5882373523064,332.1380063872174,1135405.21875,28913.499455660203,117637.25,782378.4392214617,,,,,,,,,,,,,,1771527553690,478,False,52.54626274108887,16,
33.743197202682495,1771527553.7431972,presence_only,,AppState.DETERMINE_DISTANCE_ESTIMATE,,True,0.5204729922115796,2.0433151588215495,36.074851109276175,1,10.139135837554932,1.4872239753107463,27.73095923667326,0.05363045549792278,1,1436.4544023393155,71.43800604887541,20.107705712508764,1436.4544023393155,88.45707409043526,16.23899973058682,706.336597756379,655.5483521739075,1171655.53125,25449.484608281353,91586.75000000023,798555.660109156,,,,,,,,,,,,,,1771527553743,479,False,52.596092224121094,16,
33.78497624397278,1771527553.7849762,presence_only,,AppState.DETERMINE_DISTANCE_ESTIMATE,,True,0.5204729922115796,1.9877170442582355,35.99062851814763,1,10.139135837554932,1.4590717154866142,27.610410515482084,0.052844984489296844,1,1485.8592737032668,71.32273085846614,20.832899354779254,1485.8592737032668,88.23656841963923,16.839495237619786,638.1962260915323,569.2419324753623,1235439.515625,30508.96301261692,136082.50000000023,840913.8056615111,,,,,,,,,,,,,,1771527553784,480,False,41.7790412902832,16,
33.83750128746033,1771527553.8375013,presence_only,,AppState.DETERMINE_DISTANCE_ESTIMATE,,True,0.5204729922115796,1.9309927142176133,35.90273819185196,1,10.139135837554932,1.391638954846403,27.157577483615867,0.05124311826541723,1,1512.073844922926,71.36704590375841,21.18728365106826,1512.073844922926,88.31891689621911,17.1206112806229,550.6513125368538,509.9682736753041,1307462.734375,44907.71425182951,164980.49999999977,875658.5625882677,,,,,,,,,,,,,,1771527553837,481,False,52.52504348754883,16,
33.9102258682251,1771527553.9102259,presence_only,,AppState.DETERMINE_DISTANCE_ESTIMATE,,True,0.5204729922115796,1.8747126947981028,35.801940897376966,1,10.139135837554932,1.3395835882990121,25.772526099509196,0.05197719397294724,1,1733.23660837896,71.2992048498121,24.30933994292951,1733.23660837896,88.21482765130126,19.647905624330093,271.22325315958415,271.22325315958415,1737692.359375,65506.68745357522,295502.00000000023,1203268.1365441196,,,,,,,,,,,,,,1771527553910,482,False,72.72458076477051,16,
33.942867279052734,1771527553.9428673,presence_only,,AppState.DETERMINE_DISTANCE_ESTIMATE,,True,0.5204729922115796,1.8373388519396594,35.680072174805574,1,10.139135837554932,1.481975947989719,23.55403272185207,0.06291814083080173,1,1941.75528879478,71.31976547320356,27.226047027553882,1941.75528879478,88.28978284173083,21.992978420318437,59.84455351600354,58.88716664246931,2176264.21875,57351.89642195224,224957.5,1538424.8360819982,,,,,,,,,,,,,,1771527553942,483,False,32.64141082763672,16,
33.985397815704346,1771527553.9853978,presence_only,,AppState.DETERMINE_DISTANCE_ESTIMATE,,True,0.5204729922115796,1.8095534557857071,35.539619854931125,1,10.139135837554932,1.5453606859368536,21.56449698401845,0.07166226446229955,1,1929.6293564114844,71.42422092903804,27.016456480520922,1929.6293564114844,88.43552971451797,21.819616647503253,66.68987624262627,66.68987624262627,2143763.53125,40916.986036886614,170799.0,1543401.4209638438,,,,,,,,,,,,,,1771527553985,484,False,42.53053665161133,16,
34.03800964355469,1771527554.0380096,presence_only,,AppState.DETERMINE_DISTANCE_ESTIMATE,,True,0.5204729922115796,1.8103800872074798,35.38690762245645,1,10.139135837554932,1.8182399731616752,20.19191323124432,0.09004792920059407,1,2177.0770542174205,71.5579015322622,30.423992425287253,2177.0770542174205,88.65940054333147,24.5555129050172,215.225249742492,169.7534245839654,2789656.34375,74122.77451343356,332267.74999999907,2023558.7114007124,,,,,,,,,,,,,,1771527554038,485,False,52.6118278503418,16,
34.09056735038757,1771527554.0905674,presence_only,,AppState.DETERMINE_DISTANCE_ESTIMATE,,True,0.40036384016275356,1.8258392452520646,35.2348740062569,0,10.139135837554932,1.9728300515267163,20.107402499932977,0.09811461482581739,0,2463.691095979009,71.87637410092022,34.27678603382957,2463.691095979009,89.80436690423382,27.433978779437556,500.99399236278055,500.99399236278055,3570910.078125,77970.7405528329,361355.5,2632053.321219448,,,,,,,,,,,,,,1771527554090,486,False,52.55770683288574,16,
34.143059968948364,1771527554.14306,presence_only,,AppState.DETERMINE_DISTANCE_ESTIMATE,,True,0.40036384016275356,1.8461637222678942,35.07502395555177,0,10.139135837554932,2.039415596338353,19.16981070223769,0.1063868406376024,0,2211.6811240617963,71.88761243711362,30.765816933561137,2211.6811240617963,89.87571002764118,24.608218653927604,233.82606501769396,233.82606501769396,2909145.59375,106262.72812728703,451970.50000000047,2098965.914473521,,,,,,,,,,,,,,1771527554143,487,False,52.492618560791016,16,
34.18534517288208,1771527554.1853452,presence_only,,AppState.DETERMINE_DISTANCE_ESTIMATE,,True,0.40036384016275356,1.858059021671862,34.90279209125702,0,10.139135837554932,1.9711634769872721,17.765578067614747,0.11095408600689409,1,1941.0438567704364,71.99545481302523,26.960644415462557,1872.5652577497133,89.86948465969547,20.836497113782627,98.87983927283449,98.87983927283449,2172481.484375,64937.52550826434,219095.25000000023,1550349.83108986,,,,,,,,,,,,,,1771527554185,488,False,42.28520393371582,16,
34.238096475601196,1771527554.2380965,presence_only,,AppState.DETERMINE_DISTANCE_ESTIMATE,,True,0.40036384016275356,1.8589667991741496,34.7239957616225,0,10.139135837554932,1.8675982489979002,16.933611966294247,0.110289420390936,1,1812.4627690141667,72.05156674603634,25.155077826100396,1759.205176084501,89.792961279413,19.591793733037797,212.69132471054218,199.31891799240702,1929832.96875,70053.28460953817,269685.5,1346863.0571095974,,,,,,,,,,,,,,1771527554238,489,False,52.75130271911621,16,
34.29067802429199,1771527554.290678,presence_only,,AppState.DETERMINE_DISTANCE_ESTIMATE,,True,0.40036384016275356,1.8488597859675537,34.5415242137394,0,10.139135837554932,1.7527589494290159,16.385453140000987,0.10697042885210924,1,1761.8980499113025,72.11743275733241,24.430959097164113,1688.9143251379717,89.848099582548,18.79744071345085,253.19613382619946,253.19613382619946,1804698.3125,39015.57795116305,144221.25,1264506.5162460734,,,,,,,,,,,,,,1771527554290,490,False,52.5815486907959,16,
34.3431293964386,1771527554.3431294,presence_only,,AppState.DETERMINE_DISTANCE_ESTIMATE,,True,0.40036384016275356,1.835993296843903,34.35345696246053,0,10.139135837554932,1.713654447292393,15.640608737764664,0.10956443421829001,1,1789.499189062753,72.13103195760262,24.809005783943043,1737.5542853480147,89.84479910592925,19.339508826549384,206.25729109609392,192.10295129039696,1866481.84375,47641.43636131621,147653.75,1321521.0401422244,,,,,,,,,,,,,,1771527554343,491,False,52.451372146606445,16,
34.38541007041931,1771527554.38541,presence_only,,AppState.DETERMINE_DISTANCE_ESTIMATE,,True,0.40036384016275356,1.8196938213936031,34.16127016540902,0,10.139135837554932,1.6647129982864401,15.038523703387101,0.11069657042205566,1,1785.952114988319,72.07155508404205,24.78026334912511,1706.1644232202532,89.86226116864077,18.98643992498006,209.8867430439227,209.8867430439227,1839635.578125,51879.063452652736,220424.25000000023,1290380.9488865647,,,,,,,,,,,,,,1771527554385,492,False,42.28067398071289,16,
34.43788290023804,1771527554.437883,presence_only,,AppState.DETERMINE_DISTANCE_ESTIMATE,,True,0.40036384016275356,1.793204084684108,33.97759506699127,0,10.139135837554932,1.5413308749205343,15.701769712098375,0.09816287610146009,1,1499.4774154788895,71.96394230244664,20.83651016721847,1391.639053025694,89.8152588294119,15.494461310336701,492.48630762219796,492.48630762219796,1292023.46875,48369.400725761916,178436.25,871098.0466488008,,,,,,,,,,,,,,1771527554437,493,False,52.472829818725586,16,
34.49019432067871,1771527554.4901943,presence_only,,AppState.DETERMINE_DISTANCE_ESTIMATE,,True,0.40036384016275356,1.762004405095051,33.802738524108,0,10.139135837554932,1.4653474949916743,16.40436679367939,0.08932667218017501,1,1487.818928520033,72.01647795000457,20.659423660405196,1338.1548163422647,89.68504532238451,14.92060143937234,512.7322780076261,512.7322780076261,1230888.65625,32819.36698678213,113284.74999999953,844988.407224958,,,,,,,,,,,,,,1771527554490,494,False,52.31142044067383,16,
34.542550563812256,1771527554.5425506,presence_only,,AppState.DETERMINE_DISTANCE_ESTIMATE,,True,0.40036384016275356,1.7296341587894977,33.62936464833821,0,10.139135837554932,1.421847111782168,16.37851953125496,0.08681169924925511,1,1623.1110294932075,71.97008043292838,22.55258045714278,1468.6635679355738,89.62083864888766,16.38752314819378,358.9540524677366,358.9540524677366,1461196.890625,41508.28321090795,180418.5,1016520.2343792397,,,,,,,,,,,,,,1771527554542,495,False,52.35624313354492,16,
34.58480763435364,1771527554.5848076,presence_only,,AppState.DETERMINE_DISTANCE_ESTIMATE,,True,0.40036384016275356,1.7212550151867643,33.44959913166381,0,10.139135837554932,1.6415833363990382,15.562780418213203,0.10548136593718198,1,1798.155054927828,72.03382609592951,24.962648138503855,1630.3371416098269,89.87435084249574,18.14018266956768,185.27019516568362,185.27019516568362,1784773.984375,24224.946923392064,100494.25,1271497.7988938813,,,,,,,,,,,,,,1771527554584,496,False,42.257070541381836,16,
34.63752365112305,1771527554.6375237,presence_only,,AppState.DETERMINE_DISTANCE_ESTIMATE,,True,0.40036384016275356,1.7257002844696323,33.258341449563616,0,10.139135837554932,1.7679673803950557,14.22804269945836,0.12425935299857514,1,1987.224816837856,72.18455840819112,27.5297772907734,1777.2746483819687,89.91359158070024,19.766473756829555,81.7363092165242,35.999023843262194,2146007.703125,56031.86714162493,237317.75,1547776.602474797,,,,,,,,,,,,,,1771527554637,497,False,52.71601676940918,16,
34.69002723693848,1771527554.6900272,presence_only,,AppState.DETERMINE_DISTANCE_ESTIMATE,,True,0.40036384016275356,1.7508565512592422,33.05611811115646,0,10.139135837554932,1.9900506863861749,12.934727420475996,0.15385331453386653,1,2071.0276330921442,72.39465700246436,28.607465230383475,1788.081134773042,90.18815515701841,19.826119423777435,155.46123099001238,23.658835172291674,2252502.484375,68012.06447144317,305245.7500000007,1659981.4273372446,,,,,,,,,,,,,,1771527554690,498,False,52.50358581542969,16,
34.7425651550293,1771527554.7425652,presence_only,,AppState.DETERMINE_DISTANCE_ESTIMATE,,True,0.5204729922115796,1.7621557849506864,32.85022362671016,1,10.139135837554932,1.869592649610524,12.363550845852325,0.15121809848717607,1,2138.831299594477,72.51315099810084,29.49577104463435,2138.831299594477,90.00578373238419,23.76326510227542,209.67270246416024,209.67270246416024,2312142.25,46403.975795284816,187322.50000000047,1743226.3069383,,,,,,,,,,,,,,1771527554742,499,False,52.53791809082031,16,
34.78689742088318,1771527554.7868974,presence_only,,AppState.DETERMINE_DISTANCE_ESTIMATE,,True,0.5204729922115796,1.772090135059833,32.64091131310728,1,10.139135837554932,1.8665492335532121,11.814161682982888,0.15799252485970258,1,2086.441353005459,72.51833575685528,28.771224976428844,2086.441353005459,89.98691136926652,23.186053629737767,147.7075028172867,147.7075028172867,2202798.515625,57262.5103284254,198569.49999999907,1680772.9046330592,,,,,,,,,,,,,,1771527554786,500,False,44.332265853881836,16,
34.84204435348511,1771527554.8420444,presence_only,,AppState.DETERMINE_DISTANCE_ESTIMATE,,True,0.5204729922115796,1.7858916614531473,32.42441770584537,1,10.139135837554932,1.917121155745354,10.883123372246159,0.1761554188072689,1,1990.831455149456,72.61689641242165,27.41554036976846,1990.831455149456,90.10045428880494,22.095687206481962,146.04525525569625,48.92594289040494,2022495.921875,48592.8300912701,188905.99999999953,1496512.024380164,,,,,,,,,,,,,,1771527554842,501,False,55.14693260192871,16,
34.88698673248291,1771527554.8869867,presence_only,,AppState.DETERMINE_DISTANCE_ESTIMATE,,True,0.40036384016275356,1.7783730220601772,32.21161114558377,0,10.139135837554932,1.7068833029387565,11.037181061049331,0.15464848255572883,1,1665.111643451048,72.62332903692017,22.928054462796826,1406.1419402926576,90.05557803886944,15.614157067207207,367.65586384321955,367.65586384321955,1447903.171875,41833.02629322149,142934.49999999953,1033953.5218017845,,,,,,,,,,,,,,1771527554886,502,False,44.942378997802734,16,
34.97741365432739,1771527554.9774137,presence_only,,AppState.DETERMINE_DISTANCE_ESTIMATE,,True,0.40036384016275356,1.7588801292938991,32.0117635277789,0,10.139135837554932,1.5735352343082236,12.126759016790746,0.12975727743907048,1,1408.4512341242948,72.52820718160352,19.41935818954206,1238.174918541904,89.95351594557599,13.764608370363916,503.01457678984434,503.01457678984434,1086678.84375,30207.29749514112,126686.0,745108.0703204214,,,,,,,,,,,,,,1771527554977,503,False,90.42692184448242,16,
34.99131369590759,1771527554.9913137,presence_only,,AppState.DETERMINE_DISTANCE_ESTIMATE,,True,0.40036384016275356,1.7369673402943433,31.825893241487034,0,10.139135837554932,1.5286132686507512,13.331644863798738,0.11466051519921192,1,1281.4813647811077,72.42262698079058,17.694488838458096,1151.8281003067473,89.84037288184393,12.820829470607665,574.8571789719222,553.4815271494979,923098.359375,25925.935310841574,99440.0,623894.6578633672,,,,,,,,,,,,,,1771527554991,504,False,13.900041580200195,16,
35.03529477119446,1771527555.0352948,presence_only,,AppState.DETERMINE_DISTANCE_ESTIMATE,,True,0.5204729922115796,1.713289654932295,31.65206082873754,1,10.139135837554932,1.4881543628259977,14.35559090006015,0.10366374836692362,1,1270.4322852502805,72.4070543357665,17.545697679420535,1270.4322852502805,89.80769499854021,14.146140653724435,550.2367366779999,550.2367366779999,932331.453125,36299.96193526532,176524.25,634558.244563646,,,,,,,,,,,,,,1771527555035,505,False,43.981075286865234,16,
35.08925747871399,1771527555.0892575,presence_only,,AppState.DETERMINE_DISTANCE_ESTIMATE,,True,0.5204729922115796,1.6766562090876629,31.49519148184129,1,10.139135837554932,1.328333245715961,15.886560741426402,0.08361364471849056,1,1096.1043589115957,72.26929268086141,15.166944607259213,1096.1043589115957,89.7343256153035,12.214995224886923,680.4537243027669,680.4537243027669,727295.859375,29005.40793595234,101869.75000000012,489341.51722511,,,,,,,,,,,,,,1771527555089,506,False,53.96270751953125,16,
35.142979860305786,1771527555.1429799,presence_only,,AppState.DETERMINE_DISTANCE_ESTIMATE,,True,0.5204729922115796,1.6344414396383478,31.342969365703592,1,10.139135837554932,1.2330493987421127,16.19674195845078,0.07612947108925384,0,1374.8351037488096,72.2289858914018,19.03439577286709,1324.5572683093965,89.61608708192924,14.780351513045566,424.4833533689557,424.4833533689557,1051186.5625,29360.294016816406,97068.25000000012,801244.5775422517,,,,,,,,,,,,,,1771527555142,507,False,53.722381591796875,16,
35.1868360042572,1771527555.186836,presence_only,,AppState.DETERMINE_DISTANCE_ESTIMATE,,True,0.5204729922115796,1.6097133336334262,31.187675764022057,1,10.139135837554932,1.374590293373047,15.735832985589981,0.08735414862018856,0,1581.1195128966374,72.14004542568053,21.917362313052696,1482.0785723203917,89.52776291543255,16.554401942376252,253.83707895905673,250.70960537436554,1326170.984375,37962.24914228823,163064.50000000023,1065113.4687544953,,,,,,,,,,,,,,1771527555186,508,False,43.856143951416016,16,
35.24418807029724,1771527555.244188,breathing_no_rate,,AppState.ESTIMATE_BREATHING_RATE,0.0000;3.0000,True,0.5204729922115796,1.6024856967811318,31.026572423021978,1,10.139135837554932,1.5337629264132275,14.996655740953607,0.10227366372907251,0,1658.2234116102993,72.19496738240309,22.96868426858668,1534.1287798881976,89.73637673416462,17.09595189491337,261.05879031687675,186.56516665111712,1428510.703125,31524.562501204186,139608.99999999953,1187696.7839474569,0,0.0,0.0,0.0,0.0,0.0,0.0,0.0,,0.0,120.0,0,3,1771527555244,509,False,57.35206604003906,16,0.0
35.2919020652771,1771527555.291902,breathing_no_rate,,AppState.ESTIMATE_BREATHING_RATE,0.0000;3.0000,True,0.6405821442604057,1.5875327449766317,30.86053558244586,2,10.139135837554932,1.445355115665222,14.339731581318704,0.10079373573821883,0,1855.5459786559454,72.24724625754621,25.683276176584386,781.2875215989629,54.726669086729586,14.276175302146017,219.80404948921932,184.06764929109795,1786656.53125,60073.40168792173,246661.0,1497126.7953568078,44,1.71875,103.125,0.00011303787519045419,0.9999911534859285,0.0011303787519045417,8.571315430862372e-05,0.0014845953813952752,,0.0,120.0,0,3,1771527555291,510,False,47.7139949798584,16,-0.0014845953813952752
35.33970355987549,1771527555.3397036,breathing_no_rate,,AppState.ESTIMATE_BREATHING_RATE,0.0000;3.0000,True,0.5204729922115796,1.5850747135496284,30.690745680397065,1,10.139135837554932,1.5617029348109897,13.796508935192643,0.11319551504179037,0,2221.0031974594276,72.47547842033761,30.644891842556486,2102.28224663846,90.25194009885135,23.293485373417724,549.6310129752478,357.0405231702923,2587243.53125,92488.38516592552,367657.75000000047,2156533.3580017267,0,0.0,0.0,0.0007349636184591526,1.0000084493282837,0.007344989111685639,0.00047464361589641906,0.008085910288081859,,0.0,120.0,0,3,1771527555339,511,False,47.80149459838867,16,-0.008085910288081859
35.387036085128784,1771527555.387036,breathing_no_rate,,AppState.ESTIMATE_BREATHING_RATE,0.0000;3.0000,True,0.40036384016275356,1.5905739153300629,30.53671837236631,0,10.139135837554932,1.6428621512897328,15.210872867430274,0.10800577754478809,0,2493.960266824634,72.64593382782277,34.330349069518576,2493.960266824634,90.44259868251538,27.575062007580264,772.5095533436795,772.5095533436795,3236615.71875,146943.61041643744,499158.74999999907,2713557.7861131704,0,0.0,0.0,0.0025348475465069445,1.0000231356015314,0.02531006284416832,0.001419542853475305,0.023172065191140713,,0.0,120.0,0,3,1771527555387,512,False,47.3325252532959,16,-0.023172065191140713
35.4439799785614,1771527555.44398,breathing_no_rate,,AppState.ESTIMATE_BREATHING_RATE,0.0000;3.0000,True,0.40036384016275356,1.6057023203281742,30.392999417550755,0,10.139135837554932,1.7495482168452112,16.092843647807054,0.10871591466526821,0,2309.3695712047156,72.60975654799984,31.80522399419236,2309.3695712047156,90.4104927098254,25.54315878568595,552.1268104082928,552.1268104082928,2765156.046875,88636.68992932174,338914.25000000047,2308123.1528618303,0,0.0,0.0,0.00639741656384558,1.0000413823647836,0.06380319866886079,0.003179588369080355,0.049278840136325025,,0.0,120.0,0,3,1771527555443,513,False,56.94389343261719,16,-0.049278840136325025
35.491464138031006,1771527555.4914641,breathing_no_rate,,AppState.ESTIMATE_BREATHING_RATE,0.0000;3.0000,True,0.40036384016275356,1.6087321864184885,30.249212346998164,0,10.139135837554932,1.637541158953415,15.942279004656292,0.10271687996254603,0,2098.758710523913,72.52781535389872,28.937293923084606,2098.758710523913,90.23728414657145,23.258221148274625,320.7247217016379,320.7247217016379,2238693.484375,45159.678710873,209963.74999999907,1886040.5119980855,0,0.0,0.0,0.013412883591770385,1.0000639250626797,0.13357725597737297,0.0060312948465643485,0.0887694801089923,,0.0,120.0,0,3,1771527555491,514,False,47.48415946960449,16,-0.0887694801089923
35.53958749771118,1771527555.5395875,breathing_no_rate,,AppState.ESTIMATE_BREATHING_RATE,0.0000;3.0000,True,0.40036384016275356,1.6042662396160132,30.096198200067608,0,10.139135837554932,1.56180253497037,14.871163068900369,0.10502221834494573,0,1898.585975675384,72.66678801345282,26.127286309913284,1898.585975675384,90.42888760192099,20.99534812384507,195.38724108585927,113.21287472779659,1783780.75,39198.78714910634,128345.25000000047,1513109.0061457183,0,0.0,0.0,0.02483068771965629,1.000090976042694,0.24685688443118137,0.010242869117124525,0.1433944038911732,,0.0,120.0,0,3,1771527555539,515,False,48.12335968017578,16,-0.1433944038911732
35.58691620826721,1771527555.5869162,breathing_no_rate,,AppState.ESTIMATE_BREATHING_RATE,0.0000;3.0000,True,0.40036384016275356,1.588194503057868,29.935216591793093,0,10.139135837554932,1.4353790969340448,13.917412417362087,0.10313548623738863,0,1664.6067713201817,72.67137265805594,22.90594921235118,1664.6067713201817,90.53269668104585,18.386802032047513,300.9275094355992,113.41416847905452,1372428.265625,36607.86818532292,111618.75000000047,1158326.5539824679,0,0.0,0.0,0.04204362164857454,1.0001227027910526,0.417131461852928,0.016079452516511182,0.2146851826374106,,0.0,120.0,0,3,1771527555586,516,False,47.32871055603027,16,-0.2146851826374106
35.644105195999146,1771527555.6441052,breathing_no_rate,,AppState.ESTIMATE_BREATHING_RATE,0.0000;3.0000,True,0.5204729922115796,1.5690593956714236,29.77211031500521,1,10.139135837554932,1.3871164428421947,13.542899852939886,0.10242388689292835,0,1582.7915225658273,72.61006128578077,21.79851517153294,1364.4700665459834,90.54334914296479,15.069798935496223,396.2414585834322,396.2414585834322,1212098.9375,41463.30629044379,153736.25,1025627.6289503108,0,0.0,0.0,0.06654748521716165,1.0001592579234257,0.6586998432665256,0.023791548385947586,0.3037214092075897,,0.0,120.0,0,3,1771527555644,517,False,57.188987731933594,16,-0.3037214092075897
35.6917028427124,1771527555.6917028,breathing_no_rate,,AppState.ESTIMATE_BREATHING_RATE,0.0000;3.0000,True,0.5204729922115796,1.5549213404538282,29.617398714437343,1,10.139135837554932,1.4204920183913725,14.22346553181513,0.09986961441388092,0,1532.042182839624,72.54207792566095,21.119358951758976,1266.6709952297201,90.42361972477424,14.00818723107,463.96372288862085,463.96372288862085,1100965.75,19708.856225533495,64318.25,942486.0927188265,0,0.0,0.0,0.09983656611187126,1.0002008225541785,0.9855780364380899,0.03357442404340398,0.4103184770073429,,0.0,120.0,0,3,1771527555691,518,False,47.597646713256836,16,-0.4103184770073429
35.73956537246704,1771527555.7395654,breathing_no_rate,,AppState.ESTIMATE_BREATHING_RATE,0.0000;3.0000,True,0.5204729922115796,1.5373545381342202,29.474082785534232,1,10.139135837554932,1.3703235504711415,15.214028429932986,0.09006973772212859,0,1392.103988797173,72.48683108655638,19.204922713694845,1141.1607799873118,90.34216418625414,12.631541321303786,553.5872187178979,553.5872187178979,904450.921875,30684.65930458456,120371.25000000023,769665.5804987357,0,0.0,0.0,0.1433649035441116,1.0002476664327513,1.411059162606419,0.04557677259358674,0.5338539829020337,,0.0,120.0,0,3,1771527555739,519,False,47.86252975463867,16,-0.5338539829020337
35.79594445228577,1771527555.7959445,breathing_no_rate,,AppState.ESTIMATE_BREATHING_RATE,0.0000;3.0000,True,0.5204729922115796,1.5182443678356285,29.342924155598144,1,10.139135837554932,1.3365385251154387,16.292531178280967,0.08203381723860685,0,1324.0505472082625,72.40604917065882,18.286463111241297,1064.341721808015,90.16559803673802,11.804299477529602,592.0276282210293,592.0276282210293,803927.171875,22523.378619281128,81741.99999999988,694568.0937108245,0,0.0,0.0,0.19851870327608626,1.000300104389599,1.9473868070784626,0.0599089664479145,0.6734631528472421,,0.0,120.0,0,3,1771527555795,520,False,56.379079818725586,16,-0.6734631528472421
35.84345746040344,1771527555.8434575,breathing_no_rate,,AppState.ESTIMATE_BREATHING_RATE,0.0000;3.0000,True,0.5204729922115796,1.498359841532594,29.22402398921256,1,10.139135837554932,1.309291164878732,17.393358350540083,0.07527535156905461,0,1240.532008479628,72.17935787953171,17.18679751256454,1001.8124200667509,89.87443947323888,11.1468002017849,614.7080081253861,614.7080081253861,709303.078125,33611.80926571779,160485.75000000012,613413.1715404004,0,0.0,0.0,0.2664823872264302,1.0003584495360027,2.6043964447880845,0.07659004094623117,0.8264895845601485,,0.0,120.0,0,3,1771527555843,521,False,47.51300811767578,16,-0.8264895845601485
35.89169454574585,1771527555.8916945,breathing_no_rate,,AppState.ESTIMATE_BREATHING_RATE,0.0000;3.0000,True,0.5204729922115796,1.4664116247138386,29.122642644773855,1,10.139135837554932,1.1626373741574665,19.03511438880968,0.06107855988403602,0,997.8439746053739,72.02859608499566,13.853441949833897,798.2410961960366,89.67501544634823,8.901488248582636,768.4631164022207,768.4631164022207,458103.984375,17662.873754553286,55395.5,390112.02653165103,0,0.0,0.0,0.348023958630616,1.0004230383307584,3.3873971110868046,0.09547542620677656,0.9873483636316412,,0.0,120.0,0,3,1771527555891,522,False,48.23708534240723,16,-0.9873483636316412
35.94029879570007,1771527555.9402988,breathing_no_rate,,AppState.ESTIMATE_BREATHING_RATE,0.0000;3.0000,True,0.5204729922115796,1.4354555280807602,29.02625453142802,1,10.139135837554932,1.141114685578919,19.435556930223466,0.05871273406864425,0,1117.129947818292,71.88331961124564,15.540878660645271,1019.2612693300232,89.53857978019302,11.383487116065607,514.11503845525,514.11503845525,656505.40625,24222.179702456284,100047.24999999988,511701.37783245207,0,0.0,0.0,0.4431854661890623,1.000494256927896,4.29418830285763,0.11617016091873189,1.1462917532441415,,0.0,120.0,0,3,1771527555940,523,False,48.60424995422363,16,-1.1462917532441415
36.0251727104187,1771527556.0251727,breathing_no_rate,,AppState.ESTIMATE_BREATHING_RATE,0.0000;3.0000,True,0.5204729922115796,1.411322928576659,28.913882734966517,1,10.139135837554932,1.1818621618013518,17.73279534403949,0.06664838446533822,0,1645.1315486914716,71.95040767365558,22.86479815556301,1494.083605529657,89.58956389437222,16.676982681537915,77.88949907888363,36.90059280069818,1400301.34375,40269.82414608779,158519.25,1117325.9630749726,0,0.0,0.0,0.5511022136659466,1.0005725950371727,5.3134050579516146,0.13803752037746403,1.2913772582876089,,0.0,120.0,0,3,1771527556025,524,False,84.87391471862793,16,-1.2913772582876089
36.04218626022339,1771527556.0421863,breathing_no_rate,,AppState.ESTIMATE_BREATHING_RATE,0.0000;3.0000,True,0.5204729922115796,1.3993842360809603,28.797506588496997,1,10.139135837554932,1.2858671848452627,17.217983034819184,0.07468163850377987,0,1936.955828823285,71.8426623296633,26.961080867357683,1816.2921848593774,89.41129009487977,20.313902001768287,310.27720363852814,267.9386560182361,1974859.265625,54220.90543939427,179019.25000000047,1595910.0660678789,0,0.0,0.0,0.6701457557399221,1.000658676356164,6.4260491549086645,0.16033885798703623,1.4128898416325504,,0.0,120.0,0,3,1771527556042,525,False,17.0135498046875,16,-1.4128898416325504
36.087536573410034,1771527556.0875366,breathing_no_rate,,AppState.ESTIMATE_BREATHING_RATE,0.0000;3.0000,True,0.5204729922115796,1.3869474311267587,28.674380867575966,1,10.139135837554932,1.2686941612897877,16.4232690313369,0.0772497947145461,0,1874.530245321478,71.94217912681617,26.056067081191568,1765.0654755029627,89.53457683086499,19.71378586864313,232.76260436761459,203.51869023392214,1849226.0625,61243.10303359553,211281.00000000047,1504614.656470438,0,0.0,0.0,0.7981597366677541,1.0007531559609535,7.6079618439178995,0.18234843960859223,1.5042344279168824,,0.0,120.0,0,3,1771527556087,526,False,45.35031318664551,16,-1.5042344279168824
36.14197039604187,1771527556.1419704,breathing_no_rate,,AppState.ESTIMATE_BREATHING_RATE,0.0000;3.0000,True,0.5204729922115796,1.3897147572899526,28.54437102648066,1,10.139135837554932,1.4160274130490607,15.608283496144184,0.0907228147994716,0,1484.9223004188636,71.88041694298445,20.65823159562424,1374.4083741400334,89.53042087046927,15.35130027047619,176.76730959380973,175.74556877044802,1139970.921875,55683.3766157705,217486.24999999988,953953.7500857373,0,0.0,0.0,0.9325815092926225,1.0008565427149343,8.83127403916328,0.20338490889984556,1.5602372646982317,,0.0,120.0,0,3,1771527556141,527,False,54.43382263183594,16,-1.5602372646982317
36.18624973297119,1771527556.1862497,breathing_no_rate,,AppState.ESTIMATE_BREATHING_RATE,0.0000;3.0000,True,0.5204729922115796,1.3792526292836083,28.428555423795203,1,10.139135837554932,1.279775243350559,16.90480644375049,0.07570481493137544,0,915.9593203644472,71.76784642729332,12.762809056554676,858.144883236508,89.43086859052562,9.595622817397357,672.6543582598667,649.8800810212402,447160.828125,18772.2836025363,61977.25,356072.20247896557,0,0.0,0.0,1.0702755843361231,1.000968907209994,10.063309785517406,0.22275357140141844,1.5735691027617769,,0.0,120.0,0,3,1771527556186,528,False,44.27933692932129,16,-1.5735691027617769
36.240482330322266,1771527556.2404823,breathing_no_rate,,AppState.ESTIMATE_BREATHING_RATE,0.0000;3.0000,True,0.5204729922115796,1.3569200691945902,28.31316851726226,1,10.139135837554932,1.1445746746915704,16.832075161638972,0.06799961761293141,1,1129.3483775224101,71.66611467806814,15.758470827947146,1129.3483775224101,89.3123189428342,12.644933989818616,531.5624923036673,355.6230477449974,744332.515625,29051.525058999257,95987.99999999988,459078.4416413308,0,0.0,0.0,1.207345304388226,1.0010895537803701,11.265570386682755,0.23972505836280383,1.5735691027617769,,0.0,120.0,0,3,1771527556240,529,False,54.23259735107422,16,-1.5344982927617958
36.29485082626343,1771527556.2948508,breathing_no_rate,,AppState.ESTIMATE_BREATHING_RATE,0.0000;3.0000,True,0.5204729922115796,1.3552754297947063,28.18431085522732,1,10.139135837554932,1.3396376524511557,15.362866101544626,0.08719972194701776,1,1436.5906920226967,71.84755339674922,19.994984158607423,1436.5906920226967,89.66735881597702,16.021333860797313,195.56357251647546,45.43535146165982,1240934.1875,41106.43619108851,166722.0,783916.0483191853,0,0.0,0.0,1.3394772428192556,1.0012168640672139,12.397788147453698,0.2536915260889335,1.5735691027617769,,0.0,120.0,0,3,1771527556294,530,False,54.36849594116211,16,-1.4378407563721023
36.339032888412476,1771527556.339033,breathing_no_rate,,AppState.ESTIMATE_BREATHING_RATE,0.0000;3.0000,True,0.40036384016275356,1.349505551426061,28.048601181422278,0,10.139135837554932,1.2946436326160058,14.545375546614077,0.08900723314967074,1,1583.0419996501198,71.89068163595067,22.020127833041176,1353.1142349456309,89.70351136694566,15.084295077317876,280.0161471195821,176.8955440169791,1416932.546875,38389.01873300439,133851.75000000023,873335.6792113475,0,0.0,0.0,1.4625106141124873,1.0013480110507484,13.424044522657292,0.26432474907461273,1.5735691027617769,,0.0,120.0,0,3,1771527556339,531,False,44.18206214904785,16,-1.2854784203585408
36.394402742385864,1771527556.3944027,breathing_no_rate,,AppState.ESTIMATE_BREATHING_RATE,0.0000;3.0000,True,0.6405821442604057,1.3788511578764433,27.926300588674163,2,10.139135837554932,1.65787892512741,15.75728969324603,0.10521345721864878,1,1878.3926078066054,71.89403280157676,26.127239418669554,1199.7750440186694,54.2053265444525,22.133895697734218,389.38738479644746,389.38738479644746,1907377.484375,44676.40136560052,214500.7500000007,1242278.4792409232,0,0.0,0.0,1.5724350446020867,1.0014779065442188,14.314087139343709,0.2715785098509881,1.5735691027617769,,0.0,120.0,0,3,1771527556394,532,False,55.36985397338867,16,-1.0799047235093817
36.4395956993103,1771527556.4395957,breathing_no_rate,,AppState.ESTIMATE_BREATHING_RATE,0.0000;3.0000,True,0.6405821442604057,1.4327221631099805,27.824693826628874,2,10.139135837554932,1.9449455630691652,17.71473633096208,0.10979252113168447,1,2268.642865927777,72.13414210144282,31.45033405548674,1341.170643621646,54.33839957673903,24.68182084941433,710.6429711237986,498.46932505292284,2761023.875,67102.44818250621,266135.49999999953,1914110.5634955305,0,0.0,0.0,1.665304549085296,1.0015974990739633,15.044531356695563,0.2757011750157447,1.5735691027617769,,0.0,120.0,0,3,1771527556439,533,False,45.19295692443848,16,-0.8227242962583
36.49394512176514,1771527556.4939451,breathing_no_rate,,AppState.ESTIMATE_BREATHING_RATE,0.0000;3.0000,True,0.6405821442604057,1.4774209859225642,27.748424130537725,2,10.139135837554932,1.9024322307652943,20.159525811494085,0.09436889778360964,1,2666.262193039396,72.1835077561345,36.93727661462763,1473.2974085045591,54.386755227167725,27.08926837653143,1040.7921429660835,592.205885588049,3799845.578125,122178.99603433779,550511.5,2771076.3814648176,0,0.0,0.0,1.737496066879849,1.0016915212497888,15.603443971692199,0.27732330802182753,1.5735691027617769,,0.0,120.0,0,3,1771527556493,534,False,54.349422454833984,16,-0.5187714141432049
36.53819298744202,1771527556.538193,breathing_no_rate,,AppState.ESTIMATE_BREATHING_RATE,0.0000;3.0000,True,0.6405821442604057,1.5400158873130494,27.694651960967825,2,10.139135837554932,2.1351889877842423,22.34427627869615,0.09555865497977444,1,2900.872240863513,72.4637586212225,40.032042168647614,1531.1809435959062,54.79996912479815,27.941273836869247,1197.756687572708,610.5124773673055,4569632.671875,127185.33016772343,487527.75,3429303.226599022,0,0.0,0.0,1.7859582565442245,1.0017347484808456,15.995139917711139,0.2775093870314304,1.5735691027617769,,0.0,120.0,0,3,1771527556538,535,False,44.24786567687988,16,-0.1759909529414388
36.59251260757446,1771527556.5925126,breathing_no_rate,,AppState.ESTIMATE_BREATHING_RATE,0.0000;3.0000,True,0.5204729922115796,1.60609269635226,27.67119241393735,1,10.139135837554932,2.2343729305485867,25.3369479348153,0.0881863488928817,1,3128.397538077602,72.81763683428362,42.96208547874413,3128.397538077602,91.4958339705217,34.19169378849886,1338.5119151297645,1338.5119151297645,5381925.390625,120776.468109316,521439.24999999907,4171511.4845472504,0,0.0,0.0,1.808317606558015,1.0016854246547322,16.2439648848545,0.27774075709366614,1.76988639217051,,0.0,120.0,0,3,1771527556592,536,False,54.31962013244629,16,0.1963172894087331
36.63669013977051,1771527556.6366901,breathing_no_rate,,AppState.ESTIMATE_BREATHING_RATE,0.0000;3.0000,True,0.5204729922115796,1.717507966858245,27.684464996386577,1,10.139135837554932,2.776881342546053,29.00509801055145,0.09573769898795527,1,3376.7353322264166,73.06145383626529,46.21774074941962,3376.7353322264166,91.87621333280222,36.75309647294835,1490.2435209740659,1490.2435209740659,6400017.328125,118309.77429783248,553777.5,5058705.394970576,0,0.0,0.0,1.8029322188778334,1.0014737611346065,16.397060084508084,0.27980921033222417,2.161769587914584,,0.0,120.0,0,3,1771527556636,537,False,44.17753219604492,16,0.5882004851528075
36.690871477127075,1771527556.6908715,breathing_no_rate,,AppState.ESTIMATE_BREATHING_RATE,0.0000;3.0000,True,0.5204729922115796,1.8295870083966035,27.726498390680273,1,10.139135837554932,2.8952717393955476,31.90885615067321,0.09073567932467952,1,3357.634470617856,73.46151451187043,45.706033872056906,3357.634470617856,92.0490835456033,36.47656599338035,1416.222179967987,1381.5806271563692,6375795.546875,155559.93860821225,799766.4999999991,5102684.832000068,0,0.0,0.0,1.7688923609135228,1.0009811999016307,16.524536743073764,0.28558300592604347,2.563184041060263,,0.0,120.0,0,3,1771527556690,538,False,54.18133735656738,16,0.989614938298486
36.7350378036499,1771527556.7350378,breathing_no_rate,,AppState.ESTIMATE_BREATHING_RATE,0.0000;3.0000,True,0.5204729922115796,1.9209184247542888,27.793879700487253,1,10.139135837554932,2.789327848469618,34.49837617727973,0.08085388813824189,0,3488.4067733574666,73.63319933503193,47.37546113455968,3438.089463095747,92.18737687103348,37.294579580761955,1455.478789346064,1373.0280169908406,6690289.78125,195117.90412762028,794977.2499999991,5455315.640319957,0,0.0,0.0,1.7059184645059893,1.0000007873555257,16.7151659470835,0.29667342401011826,2.9654168573814577,,0.0,120.0,0,3,1771527556735,539,False,44.16632652282715,16,1.3918477546196808
36.79415774345398,1771527556.7941577,breathing_no_rate,,AppState.ESTIMATE_BREATHING_RATE,0.0000;3.0000,True,0.5204729922115796,2.0026113571600614,27.892843765979297,1,10.139135837554932,2.779374876016217,37.7398507523552,0.07364562446684084,0,3977.706729778479,74.06859868191735,53.703010459355,3810.6683248521185,92.78472040826547,41.069998465734294,1826.38211335404,1639.3356762206836,8424890.734375,393668.4268822144,1618123.499999999,6946390.434766251,10,0.390625,23.4375,1.7443002224106732,1.0015277888831073,17.067376757865624,0.3141414456093256,3.36268011124863,,0.0,120.0,0,3,1771527556794,540,False,59.11993980407715,16,1.789111008486853
36.838290214538574,1771527556.8382902,breathing_no_rate,,AppState.ESTIMATE_BREATHING_RATE,0.0000;3.0000,True,0.5204729922115796,2.102754657827689,28.008307820636176,1,10.139135837554932,3.054950402620906,39.49707747888099,0.07734623920407872,0,3922.625516335487,74.69293017091219,52.51669076721488,3678.1381079842895,93.85758188595375,39.188502772364224,1663.4654651624387,1415.0723033435884,8106001.8125,266393.69438284624,1010622.4999999981,6660470.321180558,12,0.46875,28.125,1.914297877356858,1.002783538791646,17.678354368396608,0.33836360450850683,3.751073247864996,,0.0,120.0,0,3,1771527556838,541,False,44.13247108459473,16,2.177504145103219
36.8926477432251,1771527556.8926477,breathing_no_rate,,AppState.ESTIMATE_BREATHING_RATE,0.0000;3.0000,True,0.5204729922115796,2.212339882550108,28.125005220636098,1,10.139135837554932,3.254312575453637,39.73649376829962,0.08189732577683832,0,3451.8083813506364,74.8684999238892,46.10494914167661,3349.076221745707,94.18411003908601,35.5588243103884,1120.0408182673514,1019.8949392232303,6546981.9375,151896.9303833838,715912.7500000009,5268651.681770188,13,0.5078125,30.46875,2.1519783969894464,1.0025967675743541,18.63397901041636,0.3690660264614329,4.126203214735634,,0.0,120.0,0,3,1771527556892,542,False,54.35752868652344,16,2.552634111973857
36.936790227890015,1771527556.9367902,breathing_no_rate,,AppState.ESTIMATE_BREATHING_RATE,0.0000;3.0000,True,0.40036384016275356,2.3129367937349463,28.2411705539515,0,10.139135837554932,3.2694456178994376,39.799718023116796,0.08214745682163638,0,3435.983131234058,75.0111881482743,45.80627525051807,3435.983131234058,95.32570384390874,36.0446657370007,1036.991774692698,1036.991774692698,6573778.8125,168272.57588548647,708985.2500000019,5215324.852488035,13,0.5078125,30.46875,2.4351146804775397,1.0048509770963328,20.00093051276623,0.40547465792309856,4.482175280804244,,0.0,120.0,0,3,1771527556936,543,False,44.14248466491699,16,2.908606178042467
36.99112057685852,1771527556.9911206,breathing_no_rate,,AppState.ESTIMATE_BREATHING_RATE,0.0000;3.0000,True,0.40036384016275356,2.3921311395963807,28.362951791572414,0,10.139135837554932,3.1451372681962226,40.48028641904896,0.0776955290177618,0,3658.908572430616,75.96779489925076,48.16394338199407,3658.908572430616,95.93030775711338,38.141320068069525,1183.2144260191112,1183.2144260191112,7520209.359375,178342.59875955657,782388.7499999991,5915679.219591655,13,0.5078125,30.46875,2.75100813328256,1.0044687310703062,21.821215205226615,0.4465221252500327,4.812657405970819,,0.0,120.0,0,3,1771527556991,544,False,54.33034896850586,16,3.2390883032090425
37.05418276786804,1771527557.0541828,breathing_no_rate,,AppState.ESTIMATE_BREATHING_RATE,0.0000;3.0000,True,0.5204729922115796,2.4561776411459055,28.49359351298554,1,10.139135837554932,3.065153037780333,41.49255366151127,0.07387236424905114,1,3902.996077734706,76.08058206379731,51.30081778830965,3902.996077734706,95.9415784858887,40.68096584702415,1349.6022482125977,1349.6022482125977,8659636.984375,145862.19795309115,610906.25,6739443.738105833,13,0.5078125,30.46875,3.091570863353076,1.0020979663186342,24.108612431529952,0.4910394558900386,5.112117063563465,,0.0,120.0,0,3,1771527557054,545,False,63.062191009521484,16,3.5385479608016883
37.089059352874756,1771527557.0890594,breathing_no_rate,,AppState.ESTIMATE_BREATHING_RATE,0.0000;3.0000,True,0.5204729922115796,2.5220014121060514,28.639459917373784,1,10.139135837554932,3.147875676251964,43.15328870913871,0.07294636794419755,1,4135.037961301716,76.61549431036624,53.97130173822118,4135.037961301716,96.57277604533589,42.817842984214444,1485.3548550245364,1485.3548550245364,9784909.390625,168515.24866012618,692913.75,7598775.000666087,12,0.46875,28.125,3.4545722610085168,1.001695573077011,26.84721269678829,0.5379003570878417,5.376872150683769,,0.0,120.0,0,3,1771527557089,546,False,34.87658500671387,16,3.8033030479219923
37.14353346824646,1771527557.1435335,breathing_no_rate,,AppState.ESTIMATE_BREATHING_RATE,0.0000;3.0000,True,0.5204729922115796,2.5804234894788047,28.793971503739545,1,10.139135837554932,3.1359199940422746,44.16800310657341,0.07099981374309776,1,4078.2575213142495,76.9307649966802,53.01204948939773,4078.2575213142495,96.9373953445753,42.07104499533473,1341.6039047618256,1341.6039047618256,9393518.375,201061.5495652663,753839.5000000019,7225014.531672759,12,0.46875,28.125,3.8397334443837123,1.0065284708883322,29.9945043146881,0.5861186577383499,5.605874403471682,,0.0,120.0,0,3,1771527557143,547,False,54.4741153717041,16,4.032305300709905
37.187780141830444,1771527557.1877801,breathing_no_rate,,AppState.ESTIMATE_BREATHING_RATE,0.0000;3.0000,True,0.5204729922115796,2.6140403202021467,28.93957643057502,1,10.139135837554932,2.9336803056509937,43.42738798794181,0.06755368999853308,1,3696.1922647249426,77.08076271089058,47.95220149209503,3696.1922647249426,97.10697450962726,38.06309776771426,901.1226741903602,901.1226741903602,7681542.75,184947.88831097138,793750.7500000009,5866437.026458994,12,0.46875,28.125,4.233596865552712,1.0035254657190662,33.48953519259423,0.6348558043339052,5.798736957916581,,0.0,120.0,0,3,1771527557187,548,False,44.246673583984375,16,4.225167855154804
37.242238998413086,1771527557.242239,breathing_no_rate,,AppState.ESTIMATE_BREATHING_RATE,0.0000;3.0000,True,0.5204729922115796,2.64737450609907,29.0634708958477,1,10.139135837554932,2.9643270107158544,41.391073435695034,0.07161754370177427,1,3459.6778627586846,77.65496279277548,44.55192222480852,3459.6778627586846,97.92869590897085,35.328540124125446,624.1474324106025,624.1474324106025,6874807.765625,182851.21488161734,691457.25,5251987.494836874,11,0.4296875,25.78125,4.638702320213132,1.001959085134371,37.26371421046125,0.6833853542912731,5.954447444944738,,0.0,120.0,0,3,1771527557242,549,False,54.4588565826416,16,4.380878342182961
37.286417961120605,1771527557.286418,breathing_no_rate,,AppState.ESTIMATE_BREATHING_RATE,0.0000;3.0000,True,0.5204729922115796,2.6616363354221964,29.166373817909726,1,10.139135837554932,2.797242542766208,39.4053003153736,0.07098645411424272,1,3428.3893841760814,78.14462196930668,43.87236508071915,3428.3893841760814,98.45319062254696,34.82253203235565,556.7661572659595,556.7661572659595,6746420.40625,179622.1571814201,698024.4999999991,5127799.617610285,11,0.4296875,25.78125,5.061580283053333,1.0079175784406136,41.25004531623538,0.7310889960874694,6.072754953792212,,0.0,120.0,0,3,1771527557286,550,False,44.17896270751953,16,4.499185851030435
37.34045600891113,1771527557.340456,breathing_no_rate,,AppState.ESTIMATE_BREATHING_RATE,0.0000;3.0000,True,0.5204729922115796,2.690610383880704,29.251790805818317,1,10.139135837554932,2.9661052544081925,37.750852283427825,0.07857055072718734,1,3507.1267664927655,78.54017515555766,44.65392086918385,3507.1267664927655,99.00609826033477,35.423340865685006,596.8145734794725,596.8145734794725,7004726.0625,175005.63913562763,620651.5000000009,5328255.4398392355,11,0.4296875,25.78125,5.481932774459338,1.0042137625733647,45.38803169626739,0.7774571577726525,6.154459146358569,,0.0,120.0,0,3,1771527557340,551,False,54.038047790527344,16,4.580890043596792
37.394803285598755,1771527557.3948033,breathing_no_rate,,AppState.ESTIMATE_BREATHING_RATE,0.0000;3.0000,True,0.5204729922115796,2.727744800183242,29.321191432795803,1,10.139135837554932,3.0808311569632365,36.22661165081512,0.08504331530020066,1,3540.659309741089,78.8953090177105,44.87794463041396,3540.659309741089,99.57383514254771,35.558129348305215,591.972069677186,591.972069677186,7234261.5625,151308.81912725224,589369.75,5516544.832695038,10,0.390625,23.4375,5.905038956101092,1.0017238114033442,49.624667678496834,0.8220709117284245,6.200477954405776,,0.0,120.0,0,3,1771527557394,552,False,54.34727668762207,16,4.626908851643999
37.4404993057251,1771527557.4404993,breathing_no_rate,,AppState.ESTIMATE_BREATHING_RATE,0.0000;3.0000,True,0.5204729922115796,2.76803149858084,29.37377733537239,1,10.139135837554932,3.151090799904237,34.60611846325536,0.09105588663920794,1,3501.6571478729898,79.13102208040678,44.25138277969703,3501.6571478729898,100.02924358221847,35.00633437220603,522.363344845844,519.3055256510434,7147119.109375,250215.99529562637,874077.9999999991,5391956.062068653,10,0.390625,23.4375,6.345833631827685,1.0078981106413116,53.914113466861394,0.8645937335416474,6.2121596269236825,,0.0,120.0,0,3,1771527557440,553,False,45.69602012634277,16,4.638590524161906
37.48519444465637,1771527557.4851944,breathing_no_rate,,AppState.ESTIMATE_BREATHING_RATE,0.0000;3.0000,True,0.5204729922115796,2.7896974718997147,29.411792200780173,1,10.139135837554932,2.9957047381222166,33.194302987856084,0.0902475566101788,1,3542.0595714658016,79.41026278487733,44.60455673111986,3542.0595714658016,100.38738580206524,35.28391085324634,525.6333603120734,525.6333603120734,7145881.25,205659.10045749106,776705.9999999991,5436196.564854672,10,0.390625,23.4375,6.777489956682122,1.0070685478919297,58.217086466493654,0.9047658654545405,6.2121596269236825,,0.0,120.0,0,3,1771527557485,554,False,44.695138931274414,16,4.617757482118949
37.53950619697571,1771527557.5395062,breathing_no_rate,,AppState.ESTIMATE_BREATHING_RATE,0.0000;3.0000,True,0.5204729922115796,2.812551542170749,29.435715954003182,1,10.139135837554932,3.0298556285969562,31.816149336120514,0.09523011714877656,1,3578.6705719442803,79.91126194590903,44.78305666505249,3578.6705719442803,101.08606266571749,35.402215473988925,538.9126574111488,528.0153570770394,7383371.078125,272269.2982527497,1118296.750000001,5653560.695059913,10,0.390625,23.4375,7.196734361916292,1.0012571259434886,62.50016310515712,0.9423899106119669,6.2121596269236825,,0.0,120.0,0,3,1771527557539,555,False,54.31175231933594,16,4.566096987522078
37.59397912025452,1771527557.5939791,breathing_no_rate,,AppState.ESTIMATE_BREATHING_RATE,0.0000;3.0000,True,0.5204729922115796,2.8103983269837904,29.439749481611265,1,10.139135837554932,2.789924842237655,29.841088839882982,0.09349272934087423,0,3430.835112667541,80.20630668379343,42.77512897022603,3382.165022331295,101.49151456702961,33.32460882790585,368.8195091854377,311.32774567370006,6664210.328125,149016.03218193617,533435.5,5112838.943467189,9,0.3515625,21.09375,7.6360084000769115,1.0046232471930843,66.73534350661588,0.9773255768757999,6.2121596269236825,,0.0,120.0,0,3,1771527557593,556,False,54.472923278808594,16,4.485528048927488
37.63824486732483,1771527557.6382449,breathing_no_rate,,AppState.ESTIMATE_BREATHING_RATE,0.0000;3.0000,True,0.5204729922115796,2.795140355437882,29.42253060803174,1,10.139135837554932,2.650062497175452,27.709238337831234,0.09563822955976749,0,3313.5066919588753,80.40892789978598,41.20819389666911,3288.705416483247,101.7093647331862,32.33434232018026,236.18050467779358,204.60449524829664,6256997.203125,207982.15201809932,871702.9999999981,4851769.527347046,9,0.3515625,21.09375,8.072480350515967,1.0105994493723898,70.90004154066027,1.009487647251415,6.2121596269236825,,0.0,120.0,0,3,1771527557638,557,False,44.2657470703125,16,4.3783567718122995
37.69234371185303,1771527557.6923437,breathing_no_rate,,AppState.ESTIMATE_BREATHING_RATE,0.0000;3.0000,True,0.40036384016275356,2.794466723862942,29.39792815276865,0,10.139135837554932,2.788061611239926,26.949963352079298,0.10345326168769586,0,3741.322211548345,80.79136067556894,46.30844412344946,3741.322211548345,103.0604320775185,36.30221740869424,623.5724576378984,623.5724576378984,7809694.015625,206176.05294125044,708240.2499999991,6036965.038990721,9,0.3515625,21.09375,8.49537054701333,1.0083662411705392,74.97774797279551,1.038852368262527,6.2121596269236825,,0.0,120.0,0,3,1771527557692,558,False,54.09884452819824,16,4.247903003534698
37.73649525642395,1771527557.7364953,breathing_no_rate,,AppState.ESTIMATE_BREATHING_RATE,0.0000;3.0000,True,0.40036384016275356,2.818282525166355,29.372421768798496,0,10.139135837554932,3.0447310694900103,26.834515308483496,0.11346324069486666,0,3851.5890212068643,81.16634293513854,47.45303141521707,3851.5890212068643,103.42998721673192,37.23861062748495,689.1636978161087,689.1636978161087,8360188.484375,227682.64587216006,790047.9999999991,6426697.591896714,9,0.3515625,21.09375,8.903584995893087,1.003071978875547,78.95819412970712,1.0654629839631056,6.2121596269236825,,0.0,120.0,0,3,1771527557736,559,False,44.15154457092285,16,4.098675169523826
37.78925013542175,1771527557.7892501,breathing_no_rate,,AppState.ESTIMATE_BREATHING_RATE,0.0000;3.0000,True,0.40036384016275356,2.8058403684164563,29.326106092856197,0,10.139135837554932,2.6875362119294954,24.717657740265064,0.10872940470580146,1,3339.7550258682895,81.52366195514965,40.96669538304957,3305.7686346181276,103.67537050194593,31.885766297060826,173.16167106730336,134.61668082522783,6416481.5625,162553.99363936123,648575.75,4799370.175051607,8,0.3125,18.75,9.316755394348117,1.0021633274825579,82.8368541504678,1.089411794694935,6.2121596269236825,,0.0,120.0,0,3,1771527557789,560,False,52.754878997802734,16,3.934718092501984
37.843488931655884,1771527557.843489,breathing_no_rate,,AppState.ESTIMATE_BREATHING_RATE,0.0000;3.0000,True,0.40036384016275356,2.7775797412627536,29.262185745432568,0,10.139135837554932,2.5088683173178246,22.902057909914067,0.10954772392406768,1,3034.78776157617,81.58000167554677,37.2001434078008,2987.023960504,104.1202927069781,28.688201721460608,172.9184228501931,172.9184228501931,5314467.375,109510.78832506921,444569.0,3933579.835243922,8,0.3125,18.75,9.745825116081651,1.007360932898459,86.61416529413314,1.1108196801549888,6.2121596269236825,,0.0,120.0,0,3,1771527557843,561,False,54.23879623413086,16,3.759081140353001
37.887927770614624,1771527557.8879278,breathing_no_rate,,AppState.ESTIMATE_BREATHING_RATE,0.0000;3.0000,True,0.40036384016275356,2.742242736076428,29.186289336845878,0,10.139135837554932,2.4062467608306073,21.634533435568475,0.11122249379149403,1,2981.4280770976598,81.9178364763282,36.39534691474435,2875.1759796684623,104.4369444616193,27.530257558402262,267.4300443213838,267.4300443213838,5046539.15625,140168.2303129124,498831.74999999907,3707711.5423355913,8,0.3125,18.75,10.163584126921679,1.012505040064926,90.29499426711827,1.129824065789099,6.2121596269236825,,0.0,120.0,0,3,1771527557887,562,False,44.438838958740234,16,3.574159669764862
37.944344997406006,1771527557.944345,breathing_no_rate,,AppState.ESTIMATE_BREATHING_RATE,0.0000;3.0000,True,0.40036384016275356,2.7179873073698824,29.096615069968706,0,10.139135837554932,2.4873586397652256,20.173950787258924,0.12329556396126673,1,3052.0585432724747,82.04081453732022,37.20170942289825,2950.263464135449,104.74834504532475,28.16525132526629,180.6328929290312,180.6328929290312,5352812.421875,118861.06183983512,509358.0,3920559.699219212,8,0.3125,18.75,10.57047701004843,1.0115203404196853,93.88810024896482,1.146568035870353,6.2121596269236825,,0.0,120.0,0,3,1771527557944,563,False,56.417226791381836,16,3.381531069355511
37.988598346710205,1771527557.9885983,breathing_no_rate,,AppState.ESTIMATE_BREATHING_RATE,0.0000;3.0000,True,0.40036384016275356,2.6859380227538305,28.995657835962064,0,10.139135837554932,2.3812027860318365,18.950328921412932,0.12565495806331575,1,3047.7817734019686,82.09787333233996,37.123760332099415,2904.3123412920395,105.17442911668532,27.61424393416244,212.78975537934002,212.78975537934002,5254881.78125,131838.60037548863,470152.00000000093,3813366.254358173,8,0.3125,18.75,10.96733309428689,1.0072270330519801,97.40591692267749,1.161201289374724,6.2121596269236825,,0.0,120.0,0,3,1771527557988,564,False,44.25334930419922,16,3.182931364289344
38.042909145355225,1771527558.0429091,breathing_no_rate,,AppState.ESTIMATE_BREATHING_RATE,0.0000;3.0000,True,0.40036384016275356,2.6387893979308994,28.8936343980617,0,10.139135837554932,2.190484622374813,18.74221730758572,0.11687435837014667,1,2747.7483175149523,82.10126618479764,33.467794653698945,2649.117860988116,105.14849057614418,25.19406456951981,439.49371579873423,439.49371579873423,4315116.515625,63004.79919130345,244751.0,3113524.21409642,8,0.3125,18.75,11.355372451085573,1.0031004551135454,100.86442262679242,1.173883552923666,6.2121596269236825,,0.0,120.0,0,3,1771527558042,565,False,54.31079864501953,16,2.980645637064273
38.106831789016724,1771527558.1068318,breathing_no_rate,,AppState.ESTIMATE_BREATHING_RATE,0.0000;3.0000,True,0.40036384016275356,2.59015576645032,28.813632663617373,0,10.139135837554932,2.1277310546531067,20.853393418405872,0.10203284481618567,1,2094.346076531109,82.0248005935454,25.533083425385147,1944.7832663628615,105.1181117147838,18.50093418364598,1074.1929237211803,1074.1929237211803,2438265.3125,51811.59552041505,165272.5,1766898.7976982866,7,0.2734375,16.40625,11.74594680537565,1.0008363275153678,104.28219067871325,1.1847733062413015,6.2121596269236825,,0.0,120.0,0,3,1771527558106,566,False,63.92264366149902,16,2.7758885797481962
38.141825437545776,1771527558.1418254,breathing_no_rate,,AppState.ESTIMATE_BREATHING_RATE,0.0000;3.0000,True,0.40036384016275356,2.5251925042579195,28.759489647900747,0,10.139135837554932,1.9075002431171224,23.372214464991846,0.08161401419162333,1,1846.2158870409767,81.95478496151563,22.527249481349948,1689.6789289129756,105.1958113950242,16.062226304352986,1248.3706675721373,1248.3706675721373,1857003.9375,65020.58176421549,248365.24999999977,1355316.6994295947,7,0.2734375,16.40625,12.166856430158573,1.0045749252263396,107.67992469734612,1.1940208939533856,6.2121596269236825,,0.0,120.0,0,3,1771527558141,567,False,34.993648529052734,16,2.568936045250899
38.18615746498108,1771527558.1861575,breathing_no_rate,,AppState.ESTIMATE_BREATHING_RATE,0.0000;3.0000,True,0.40036384016275356,2.4614329748149153,28.726365637478462,0,10.139135837554932,1.8551862042281748,25.430498997165415,0.07295123089649204,1,1829.5720608331474,82.06151368577271,22.295129332083615,1678.8169965224024,105.1820864885873,15.961054325430215,1182.5714889829665,1182.5714889829665,1829845.734375,57712.84638889635,188468.24999999977,1339612.3883930827,7,0.2734375,16.40625,12.584449123678718,1.0080918747289291,111.07993542769728,1.2017748997263469,6.2121596269236825,,0.0,120.0,0,3,1771527558186,568,False,44.332027435302734,16,2.360742324886088
38.24046039581299,1771527558.2404604,breathing_no_rate,,AppState.ESTIMATE_BREATHING_RATE,0.0000;3.0000,True,0.40036384016275356,2.3965828648066276,28.70812416424565,0,10.139135837554932,1.7799664921926504,26.893082376378377,0.06618677871190781,1,1868.5386837044612,82.21504401018618,22.727454642610514,1714.5863989695154,105.24059087192293,16.292063592077916,1076.9856586333913,1076.9856586333913,1879355.90625,59540.492043747196,194688.75000000023,1417522.1024369732,7,0.2734375,16.40625,13.000394943725734,1.0113536298172876,114.50546814450703,1.2081809220155488,6.2121596269236825,,0.0,120.0,0,3,1771527558240,569,False,54.30293083190918,16,2.1520848526536644
38.29491305351257,1771527558.294913,breathing_no_rate,,AppState.ESTIMATE_BREATHING_RATE,0.0000;3.0000,True,0.40036384016275356,2.3346203300058237,28.699547402926157,0,10.139135837554932,1.7454599809801012,27.846152504347316,0.06268226752851833,1,1907.384470821562,82.10276515179609,23.231671518880677,1760.773427360829,105.1993442745022,16.737494320778392,968.0444034271936,968.0444034271936,1942100.171875,37740.36308281629,124839.74999999977,1503061.7420872801,7,0.2734375,16.40625,13.416536164429015,1.01432453753637,117.9799620779732,1.2133724958392724,6.2121596269236825,,0.0,120.0,0,3,1771527558294,570,False,54.45265769958496,16,1.9420355303301955
38.33905911445618,1771527558.339059,breathing_no_rate,,AppState.ESTIMATE_BREATHING_RATE,0.0000;3.0000,True,0.40036384016275356,2.277144743808956,28.69441234816465,0,10.139135837554932,1.730647791528606,28.183470120189657,0.06140648344887181,1,2032.4029660493636,82.1369193040251,24.744085646818533,1851.930079547079,105.17139543623225,17.608686010563932,823.50350021643,823.50350021643,2166791.359375,61600.36739097315,217800.75,1709651.0630646124,7,0.2734375,16.40625,13.834865422402853,1.015827224517113,121.52650540689096,1.2174681576540745,6.2121596269236825,,0.0,120.0,0,3,1771527558339,571,False,44.146060943603516,16,1.728227523422346
38.393383741378784,1771527558.3933837,breathing_no_rate,,AppState.ESTIMATE_BREATHING_RATE,0.0000;3.0000,True,0.40036384016275356,2.2382711858327475,28.689317639643054,0,10.139135837554932,1.8686484927204987,28.182389896160565,0.0663055368809857,1,2110.0601017062286,82.22309965493545,25.66261927044621,1903.915509056271,104.95290317046404,18.140665493986376,724.5486446908556,724.5486446908556,2313356.984375,61616.95878459945,207735.5,1842589.0136594372,7,0.2734375,16.40625,14.257586667689248,1.0136256822553353,125.1677335024724,1.2205782319272775,6.2121596269236825,,0.0,120.0,0,3,1771527558393,572,False,54.32462692260742,16,1.508227968820933
38.438040256500244,1771527558.4380403,breathing_no_rate,,AppState.ESTIMATE_BREATHING_RATE,0.0000;3.0000,True,0.40036384016275356,2.194476925837711,28.676930649138637,0,10.139135837554932,1.7780665645291205,27.444414771474378,0.0647879205758269,1,2257.7248815178964,82.36422514969112,27.411474792450612,2060.0367383328994,104.92295222159751,19.633804565110438,533.821992096653,533.821992096653,2652344.140625,67679.3319107287,287137.25,2114906.0851127338,7,0.2734375,16.40625,14.687174799826936,1.0117603602393908,128.92546616308053,1.2228159379198957,6.2121596269236825,,0.0,120.0,0,3,1771527558438,573,False,44.65651512145996,16,1.2807339040013457
38.4922411441803,1771527558.4922411,breathing_no_rate,,AppState.ESTIMATE_BREATHING_RATE,0.0000;3.0000,True,0.40036384016275356,2.1593827124026856,28.65838058046637,0,10.139135837554932,1.8256952817216832,26.812633289211153,0.06809086082522951,1,2227.298606390991,82.60765311662384,26.962376030941986,2019.7116536927986,104.82998187602324,19.266545863397514,539.1934448424438,539.1934448424438,2582272.453125,51972.469530393246,215837.0,2059978.869479029,7,0.2734375,16.40625,15.12639640591014,1.0102621626270625,132.820108993259,1.2243051256400581,6.2121596269236825,,0.0,120.0,0,3,1771527558492,574,False,54.20088768005371,16,1.0455939896926196
38.53650951385498,1771527558.5365095,breathing_no_rate,,AppState.ESTIMATE_BREATHING_RATE,0.0000;3.0000,True,0.40036384016275356,2.133521761204599,28.637101459571447,0,10.139135837554932,1.8876272528055615,26.519811197955207,0.0711780049505001,1,2092.635286285274,82.67722478494736,25.310903839638303,1902.9999804995402,104.742777561737,18.16831694538284,615.974119547094,615.974119547094,2292211.3125,59757.10296833312,256521.25,1818286.0097509648,7,0.2734375,16.40625,15.578300123465658,1.009158204300807,136.8702439460291,1.2251812655895449,6.2121596269236825,,0.0,120.0,0,3,1771527558536,575,False,44.26836967468262,16,0.8023888489529686
38.59091925621033,1771527558.5909193,breathing_no_rate,,AppState.ESTIMATE_BREATHING_RATE,0.0000;3.0000,True,0.40036384016275356,2.095364098981954,28.611152824226615,0,10.139135837554932,1.7325483803324433,26.029241983589095,0.06656161486985361,1,2101.649487976646,82.67826803103088,25.41961192465272,1914.8657192232174,104.85801415138721,18.261510431052002,567.3307278088203,567.3307278088203,2292448.796875,87326.34097646401,387701.0,1829726.507719921,7,0.2734375,16.40625,16.046174308519983,1.0084706982083744,141.09208086910374,1.2255932113690418,6.2121596269236825,,0.0,120.0,0,3,1771527558590,576,False,54.40974235534668,16,0.5503415854580911
38.635124921798706,1771527558.635125,breathing_no_rate,,AppState.ESTIMATE_BREATHING_RATE,0.0000;3.0000,True,0.40036384016275356,2.0529611095973066,28.576025883875847,0,10.139135837554932,1.6497794110773034,25.080866046572993,0.06577840685198141,1,2183.3596334691406,82.65737056888402,26.414578862307064,2030.2103820324878,104.90924587172717,19.35206344439345,424.46950142642254,424.46950142642254,2523837.890625,80600.28082898143,327127.24999999907,2007286.295757439,7,0.2734375,16.40625,16.53349239731523,1.0082094861737483,145.49897921659445,1.2257086028300055,6.2121596269236825,,0.0,120.0,0,3,1771527558635,577,False,44.205665588378906,16,0.2913036032752882
38.689453125,1771527558.6894531,breathing_no_rate,,AppState.ESTIMATE_BREATHING_RATE,0.0000;3.0000,True,0.40036384016275356,2.013572670977529,28.544374709517733,0,10.139135837554932,1.6390543217942874,25.395056484950814,0.06454225934488682,1,1835.2131049622003,82.67939374814507,22.196741192011665,1658.8866100961363,104.95346023255742,15.805925849462657,747.3459917024961,747.3459917024961,1755695.671875,65485.516051781364,253730.5,1380373.0039930565,7,0.2734375,16.40625,17.04377450135495,1.0083694302322024,150.10091811063484,1.225709641644902,6.2121596269236825,,0.0,120.0,0,3,1771527558689,578,False,54.328203201293945,16,0.027640024187042183
38.74369764328003,1771527558.7436976,breathing_no_rate,,AppState.ESTIMATE_BREATHING_RATE,0.0000;3.0000,True,0.40036384016275356,1.9718790403279802,28.520955957308544,0,10.139135837554932,1.575442160129225,26.19077059689971,0.06015256993834167,1,1572.2250803002096,82.63197149245018,19.026837335290153,1482.9118064744277,104.68298008971635,14.165739313013095,885.2825918522092,867.1097363329188,1380709.078125,37119.59656770756,155018.0,1012529.9435722398,7,0.2734375,16.40625,17.58062500618462,1.0089386214129672,154.90534144674072,1.225790131509147,6.2121596269236825,,0.0,120.0,0,3,1771527558743,579,False,54.2445182800293,16,-0.24330282608564027
38.79412770271301,1771527558.7941277,breathing_no_rate,,AppState.ESTIMATE_BREATHING_RATE,0.0000;3.0000,True,0.40036384016275356,1.9263974832569206,28.498800816210075,0,10.139135837554932,1.4939437412600554,26.294345814325315,0.05681615932765781,1,1587.614327822173,82.64883863847658,19.20915470751529,1586.3412515616715,104.73034335692493,15.146911589320528,816.9349074122242,717.1880232072194,1526145.75,47632.50307530301,179441.0,1056601.0379733588,7,0.2734375,16.40625,18.147791503209042,1.0098996461994234,159.9176473305723,1.226166162443588,6.2121596269236825,,0.0,120.0,0,3,1771527558794,580,False,50.4300594329834,16,-0.5259310077635178
38.838311195373535,1771527558.8383112,breathing_no_rate,,AppState.ESTIMATE_BREATHING_RATE,0.0000;3.0000,True,0.40036384016275356,1.8793882880072337,28.473300127641778,0,10.139135837554932,1.4324092551164687,25.935960364557573,0.05522869540696395,1,1676.7275524533645,82.58815160528323,20.30227726183668,1676.1603676632496,104.72044687602902,16.006046743015993,683.5124592120171,589.1751711633776,1714583.03125,42957.82151241812,181645.24999999953,1164593.8411711236,7,0.2734375,16.40625,18.749003985542053,1.011220884714817,165.14063891305085,1.2270813561484415,6.2121596269236825,,0.0,120.0,0,3,1771527558838,581,False,44.18349266052246,16,-0.820706406480929
38.89268207550049,1771527558.892682,breathing_no_rate,,AppState.ESTIMATE_BREATHING_RATE,0.0000;3.0000,True,0.40036384016275356,1.8392390687284084,28.43995845520476,0,10.139135837554932,1.4574869645017747,25.122434263040724,0.05801535588404205,1,1813.7446728471045,82.47766631185948,21.99073705561811,1797.7997533443483,104.47612133060609,17.207757432324186,513.2251234344781,439.072566900644,2006554.75,42221.535118904336,162656.25,1341304.2617612546,7,0.2734375,16.40625,19.387730914433572,1.012850892068314,170.57407312156778,1.2287979125274244,6.2121596269236825,,0.0,120.0,0,3,1771527558892,582,False,54.370880126953125,16,-1.1245872875847225
38.937257051467896,1771527558.937257,breathing_no_rate,,AppState.ESTIMATE_BREATHING_RATE,0.0000;3.0000,True,0.40036384016275356,1.8176761534587111,28.39155627121273,0,10.139135837554932,1.6126487973773722,23.575498628919604,0.06840359233508486,0,1982.5709565249488,82.4239865112697,24.05332525659653,1982.5709565249488,104.5928494961891,18.955129017478672,336.4608417721413,238.81969252838303,2392480.484375,64303.6766493242,297615.25,1617496.884405031,7,0.2734375,16.40625,20.06692270138614,1.0147184946020233,176.21439588767603,1.2315806429778653,6.2121596269236825,,0.0,120.0,0,3,1771527558937,583,False,44.57497596740723,16,-1.4331682029004498
38.991517782211304,1771527558.9915178,breathing_no_rate,,AppState.ESTIMATE_BREATHING_RATE,0.0000;3.0000,True,0.40036384016275356,1.824202143014552,28.327366090473063,0,10.139135837554932,1.8862534179796229,21.940389615147936,0.08597173755708316,0,2421.1380653011097,82.69150880153238,29.279161794989083,2421.1380653011097,104.9470423704863,23.07009335938107,212.38667797185758,187.58694736749203,3523197.9375,153553.0806505599,633243.75,2429835.8597591273,7,0.2734375,16.40625,20.78888848169687,1.0167376251391889,182.05520549775278,1.2356820555991415,6.380939143578875,,0.0,120.0,0,3,1771527558991,584,False,54.2607307434082,16,-1.7423486194169693
39.035741090774536,1771527559.035741,breathing_no_rate,,AppState.ESTIMATE_BREATHING_RATE,0.0000;3.0000,True,0.40036384016275356,1.8503100098233065,28.260213642358885,0,10.139135837554932,2.098552273810918,21.57848909471797,0.09725204876495984,0,2775.08754436797,83.08580104333106,33.4002622528403,2775.08754436797,105.52389660406264,26.298190586669747,508.56810581774243,508.56810581774243,4663070.96875,167470.27846391205,684745.0,3224518.113432742,7,0.2734375,16.40625,21.55523806437153,1.0158162171067449,188.08789172117756,1.2413318068279762,6.687578965790259,,0.0,120.0,0,3,1771527559035,585,False,44.22330856323242,16,-2.0489884416283526
39.09013891220093,1771527559.090139,breathing_no_rate,,AppState.ESTIMATE_BREATHING_RATE,0.0000;3.0000,True,0.40036384016275356,1.8765704136370855,28.192958531924294,0,10.139135837554932,2.1262630501023323,21.501018997850217,0.09889126883781814,1,2957.7769972776855,83.2832090395803,35.514685749398645,2874.5189468468025,105.93461948963966,27.13483996703074,582.520714826981,570.9849664378794,5149109.46875,195467.39872256524,797369.5000000009,3578512.080656544,7,0.2734375,16.40625,22.366774591753174,1.0150616787057436,194.3018822848724,1.2487237861771372,6.988469639462719,,0.0,120.0,0,3,1771527559090,586,False,54.3978214263916,16,-2.349879115300813
39.16196584701538,1771527559.1619658,breathing_no_rate,,AppState.ESTIMATE_BREATHING_RATE,0.0000;3.0000,True,0.40036384016275356,1.915473753062053,28.12448308572437,0,10.139135837554932,2.285379618074896,21.31111912605535,0.10723883642382308,1,2952.9667351770995,83.51894118423438,35.35685071279574,2889.8614971406937,106.5429088138633,27.12392151937889,550.6323490304399,550.6323490304399,5172723.0,143818.01237615608,538876.2500000009,3637399.979668865,7,0.2734375,16.40625,23.223421968492197,1.0146841537700435,200.68534513378154,1.2579974604403943,7.279415185697564,,0.0,120.0,0,3,1771527559161,587,False,71.82693481445312,16,-2.640824661535658
39.1866238117218,1771527559.1866238,breathing_no_rate,,AppState.ESTIMATE_BREATHING_RATE,0.0000;3.0000,True,0.7606912963092318,1.955377007163156,28.056524693538428,3,10.139135837554932,2.3347903928331513,21.294608039137795,0.10964232769311133,1,2890.9559979410355,83.77802035855055,34.507332418860045,532.4751901497383,29.39589872423842,18.11392790289386,451.27490352342056,206.58622118452251,4911533.09375,157016.7100886198,564766.4999999991,3413715.007933825,7,0.2734375,16.40625,24.124119977864726,1.0147464393303844,207.2253553279684,1.269218546888157,7.555340905514604,,0.0,120.0,0,3,1771527559186,588,False,24.6579647064209,16,-2.9167503813526983
39.2410569190979,1771527559.241057,breathing_no_rate,,AppState.ESTIMATE_BREATHING_RATE,0.0000;3.0000,True,0.7606912963092318,1.9945137444001448,27.990226571901502,3,10.139135837554932,2.3666388332848713,21.39350822068456,0.1106241579810662,1,2851.2109009265696,84.03565241256068,33.9285864872571,503.209298062198,29.438495676804987,17.093580581347105,428.00041278668596,166.52520401185416,4862978.09375,145322.586812948,597074.2499999991,3410916.8322140123,7,0.2734375,16.40625,25.06681252605063,1.0152913089950977,213.90858032435295,1.2823650484501685,7.810864049019983,,0.0,120.0,0,3,1771527559241,589,False,54.43310737609863,16,-3.172273524858077
39.28540515899658,1771527559.2854052,breathing_no_rate,,AppState.ESTIMATE_BREATHING_RATE,0.0000;3.0000,True,0.7606912963092318,2.0408767245527493,27.923316339940314,3,10.139135837554932,2.4817113297927307,21.26569250136848,0.11670023581486136,1,2890.0171421690998,84.13928020422716,34.34801361646967,496.6320199919151,29.4858794392434,16.843045872123238,417.6039110579027,150.21041938245764,4970348.46875,209003.52056153555,933199.75,3506226.251632155,7,0.2734375,16.40625,26.048518189813784,1.0163407311373016,220.72183832849797,1.2973229353640496,8.040943289601923,,0.0,120.0,0,3,1771527559285,590,False,44.34823989868164,16,-3.402352765440018
39.34068584442139,1771527559.3406858,breathing_no_rate,,AppState.ESTIMATE_BREATHING_RATE,0.0000;3.0000,True,0.7606912963092318,2.0699829715375455,27.85360988098426,3,10.139135837554932,2.346734829535594,20.91775912623784,0.11218863432076805,1,2863.4213071134413,84.59459644646935,33.848749534392994,490.7169659029531,29.589658290215517,16.58407005155026,370.8329476258832,135.51077457296083,4854310.5625,150432.207984675,668235.5,3408863.4042940303,7,0.2734375,16.40625,27.06554492486605,1.01789688503084,227.653163982433,1.3138971824936143,8.241881001339564,,0.0,120.0,0,3,1771527559340,591,False,55.28068542480469,16,-3.6032904771776577
39.38493537902832,1771527559.3849354,breathing_no_rate,,AppState.ESTIMATE_BREATHING_RATE,0.0000;3.0000,True,0.7606912963092318,2.0993924762257357,27.7835105143493,3,10.139135837554932,2.3790278091324657,20.808565118129142,0.11432925795279585,1,2863.974058918176,84.8614864090143,33.74880855940564,513.5942358151034,29.635323133122746,17.33047530781738,329.30548073733416,148.74550230783797,4763989.1875,129971.00309607814,463586.99999999907,3311314.8715299717,7,0.2734375,16.40625,28.113729444076416,1.0199449246640675,234.69231445934446,1.3318350285148697,8.411867760777799,,0.0,120.0,0,3,1771527559384,592,False,44.249534606933594,16,-3.7732772366158933
39.43938422203064,1771527559.4393842,breathing_no_rate,,AppState.ESTIMATE_BREATHING_RATE,0.0000;3.0000,True,0.7606912963092318,2.1267329135733233,27.711021918177327,3,10.139135837554932,2.3866948673895103,20.498346192003268,0.11643353297468283,1,2949.2098604170665,85.194516837959,34.61736705417183,507.31348558485024,29.705450053736566,17.078128244145507,389.304328202365,133.79160767992164,5068778.578125,111610.17786862006,406394.75,3555902.951186164,7,0.2734375,16.40625,29.188718693683985,1.0224567935964624,241.8315616806067,1.3508524075777661,8.550790054328163,,0.0,120.0,0,3,1771527559439,593,False,54.448843002319336,16,-3.9121995301662564
39.49363470077515,1771527559.4936347,breathing_no_rate,,AppState.ESTIMATE_BREATHING_RATE,0.0000;3.0000,True,0.7606912963092318,2.1410009793883615,27.635747566148332,3,10.139135837554932,2.2766664853676404,20.145886810741075,0.11300899814649973,1,2753.572633870405,85.32480762976093,32.271653582699656,507.5879542010429,29.727775129867776,17.074535580497916,209.79559033679288,125.90423681240054,4377970.546875,93520.01208615961,392892.75,2992548.8654693407,7,0.2734375,16.40625,30.286152909674133,1.025394895561741,249.06576278045438,1.3706542264029444,8.659440482725635,,0.0,120.0,0,3,1771527559493,594,False,54.250478744506836,16,-4.020849958563729
39.537954807281494,1771527559.5379548,breathing_no_rate,,AppState.ESTIMATE_BREATHING_RATE,0.0000;3.0000,True,0.7606912963092318,2.14338136086263,27.55577048636132,3,10.139135837554932,2.1660148180751717,19.597984400098348,0.11052232585478432,1,2319.9821288374183,85.43108658141026,27.156181919791813,497.0651562232561,29.755428026477556,16.705024567760976,366.53091376942257,108.35710569094766,3078074.4375,105632.63488573197,454772.74999999953,2008083.9152875403,7,0.2734375,16.40625,31.401734703260928,1.0252156798422272,256.39226349154626,1.3909416858522763,8.73831362768922,,0.0,120.0,0,3,1771527559537,595,False,44.320106506347656,16,-4.099723103527313
39.592254877090454,1771527559.5922549,breathing_no_rate,,AppState.ESTIMATE_BREATHING_RATE,0.0000;3.0000,True,0.7606912963092318,2.1476832634904333,27.463999518064256,3,10.139135837554932,2.188587181669685,18.332711696826586,0.119381530552796,1,2035.311664171485,85.42273670610582,23.826345802407186,440.6139404640416,29.79416506555578,14.788598354066137,566.7098874191147,48.7458993242181,2393238.71875,72378.96391961655,340453.75,1565328.9323615485,7,0.2734375,16.40625,32.531281113278006,1.023666982557914,263.81074533770555,1.411413518030302,8.787181083753225,,0.0,120.0,0,3,1771527559592,596,False,54.30006980895996,16,-4.148590559591319
39.636428356170654,1771527559.6364284,breathing_no_rate,,AppState.ESTIMATE_BREATHING_RATE,0.0000;3.0000,True,0.7606912963092318,2.1306711539678442,27.36338181374132,3,10.139135837554932,1.9689143695461966,17.351836385661887,0.11347008614371637,1,2233.977203225505,85.56055632752344,26.109895716991275,458.0933865286094,29.84717536050063,15.347964454937884,272.97682868577476,62.19359736012791,2957083.703125,98589.72848459303,471777.75,1994755.5476915187,7,0.2734375,16.40625,33.670855764508076,1.0217765608270772,271.3228852526858,1.431779319525063,8.8064641165701,,0.0,120.0,0,3,1771527559636,597,False,44.173479080200195,16,-4.167873592408194
39.69061803817749,1771527559.690618,breathing_no_rate,,AppState.ESTIMATE_BREATHING_RATE,0.0000;3.0000,True,0.7606912963092318,2.1019530945819334,27.253548466339254,3,10.139135837554932,1.8288922531309293,16.325038872196806,0.11202988656484537,1,2234.3812080333337,85.72468416667574,26.064618723621418,447.73267781260955,29.840500717113944,15.004194535543581,255.97880026230268,48.67734229878579,2975733.921875,90365.12685020729,352869.25000000047,2028668.361066155,7,0.2734375,16.40625,34.81696306555022,1.0195881560486881,278.93189989811117,1.4517843806252448,8.8064641165701,,0.0,120.0,0,3,1771527559690,598,False,54.18968200683594,16,-4.160019279081757
39.74479031562805,1771527559.7447903,breathing_no_rate,,AppState.ESTIMATE_BREATHING_RATE,0.0000;3.0000,True,0.7606912963092318,2.077716452260168,27.13081386777761,3,10.139135837554932,1.8472664118380417,14.918619032232701,0.12382288251500174,1,2030.6389465510601,85.64425174375913,23.71016040402644,412.3723476725858,29.865341806001236,13.807722353805932,431.7335975261544,12.50628271366054,2520760.84375,50117.09984126197,200141.5,1730053.3719524043,7,0.2734375,16.40625,35.966607387162234,1.0171474189468581,286.6421134739013,1.4712119444768383,8.8064641165701,,0.0,120.0,0,3,1771527559744,599,False,54.17227745056152,16,-4.1274700874952766
39.79483938217163,1771527559.7948394,breathing_no_rate,,AppState.ESTIMATE_BREATHING_RATE,0.0000;3.0000,True,0.5204729922115796,2.0315791149075286,27.008858340764125,1,10.139135837554932,1.5928899963105627,14.874181773485496,0.10709093249370763,0,2006.1333396767275,85.58561967259678,23.440074948661273,2003.7125795788425,108.77060022684157,18.421453732733564,430.73709906317254,430.73709906317254,2438520.484375,55809.211099867665,220177.74999999953,1673914.6874015338,7,0.2734375,16.40625,37.11721792080824,1.0145011547867278,294.4581953962798,1.4898681216799368,8.8064641165701,,0.0,120.0,0,3,1771527559794,600,False,50.0490665435791,16,-4.070961843107234
39.83897089958191,1771527559.838971,breathing_no_rate,,AppState.ESTIMATE_BREATHING_RATE,0.0000;3.0000,True,0.5204729922115796,1.994176413088685,26.888238610674804,1,10.139135837554932,1.6385391085636782,14.886474950513144,0.11006897965438944,0,2008.7748024682237,85.6388125451896,23.45635982965999,1992.413902821462,108.95326846713738,18.286866753374447,415.1249781901545,415.1249781901545,2433841.40625,65898.14728094825,271234.25000000093,1684778.4398097643,7,0.2734375,16.40625,38.266643234388795,1.0116963025314367,302.3844329540581,1.507581718752946,8.8064641165701,,0.0,120.0,0,3,1771527559838,601,False,44.13151741027832,16,-3.991075746712303
39.893357276916504,1771527559.8933573,breathing_no_rate,,AppState.ESTIMATE_BREATHING_RATE,0.0000;3.0000,True,0.5204729922115796,1.9619608847495864,26.757665946179806,1,10.139135837554932,1.6556449475251291,13.76557701855523,0.1202742860087258,0,2364.0677238871563,85.64639612060036,27.602652661889753,2318.25627155951,108.93110327269689,21.281857999131173,83.84715294314083,83.84715294314083,3285287.5,67970.1339934956,302907.25000000047,2326557.7125496245,7,0.2734375,16.40625,39.413270833901464,1.008778568538769,310.4243611233083,1.5242177479054964,8.8064641165701,,0.0,120.0,0,3,1771527559893,602,False,54.38637733459473,16,-3.8898754856171225
39.937573194503784,1771527559.9375732,breathing_no_rate,,AppState.ESTIMATE_BREATHING_RATE,0.0000;3.0000,True,0.5204729922115796,1.9357650713140384,26.621343504336537,1,10.139135837554932,1.6866865816054502,13.057146939085433,0.12917726891985287,0,2637.0812004586624,85.77220152171716,30.745173303733136,2594.092129544072,109.16892719832221,23.76218394825609,282.1213942740046,180.3005805245739,4101339.015625,91018.93145768612,375777.50000000093,2903932.9338656897,7,0.2734375,16.40625,40.556126928563195,1.0057905121724167,318.5805643776759,1.539690113315698,8.8064641165701,,0.0,120.0,0,3,1771527559937,603,False,44.21591758728027,16,-3.771176289117375
39.99184536933899,1771527559.9918454,breathing_no_rate,,AppState.ESTIMATE_BREATHING_RATE,0.0000;3.0000,True,0.5204729922115796,1.922807355400633,26.479458085051046,1,10.139135837554932,1.7996010912498803,12.361740628492306,0.14557829234472375,0,2598.832481254804,85.94950118099437,30.236737217961135,2585.9630474568853,109.31583199957755,23.65588771664129,229.02589441259852,161.68983019781945,4039681.8125,52411.91453125947,191621.5,2853857.1393853715,7,0.2734375,16.40625,41.69483944306565,1.0027698467254789,326.8544579123955,1.5539628405931822,8.8064641165701,,0.0,120.0,0,3,1771527559991,604,False,54.27217483520508,16,-3.639568583046307
40.03613328933716,1771527560.0361333,breathing_no_rate,,AppState.ESTIMATE_BREATHING_RATE,0.0000;3.0000,True,0.40036384016275356,1.913763095993972,26.330297076665527,0,10.139135837554932,1.8277672753607843,11.488652441673288,0.15909326916112035,1,2499.831070855089,85.89423567075205,29.103595268118855,2478.614437795842,110.14320355456985,22.50356225153123,102.18371277799588,102.18371277799588,3725268.671875,106520.47901495705,467742.99999999953,2621433.3023983464,6,0.234375,14.0625,42.84027530866034,1.000250531227944,335.2462466384296,1.5670391044218832,8.8064641165701,,0.0,120.0,0,3,1771527560036,605,False,44.287919998168945,16,-3.499044648596461
40.090553283691406,1771527560.0905533,breathing_no_rate,,AppState.ESTIMATE_BREATHING_RATE,0.0000;3.0000,True,0.5204729922115796,1.8971904483769373,26.17299450658647,1,10.139135837554932,1.7396122136303862,10.5212576984637,0.1653426104864877,1,2382.0941917315636,85.86105443300194,27.74359350038715,2382.0941917315636,109.068790886917,21.84029154755634,43.93106426636541,43.93106426636541,3359537.84375,78803.19673708292,337256.5,2346153.1511761826,6,0.234375,14.0625,44.103715985906824,1.0032517968612031,343.75493466282336,1.5789434342847553,8.8064641165701,,0.0,120.0,0,3,1771527560090,606,False,54.41999435424805,16,-3.351901574491664
40.14466667175293,1771527560.1446667,breathing_no_rate,,AppState.ESTIMATE_BREATHING_RATE,0.0000;3.0000,True,0.40036384016275356,1.8869154090610287,26.010697438038793,0,10.139135837554932,1.789216924499756,9.862003870213398,0.18142529123542261,1,2330.717427437848,85.99940073133256,27.10155428515196,2264.198161912126,110.07646817237047,20.569320577637114,103.61201966637054,103.61201966637054,3200725.0625,68686.0256084082,279675.5,2226917.20293794,6,0.234375,14.0625,45.36951822136505,1.0062149664207793,352.3781026603746,1.589712049047151,8.8064641165701,,0.0,120.0,0,3,1771527560144,607,False,54.11338806152344,16,-3.199470122446285
40.20698356628418,1771527560.2069836,breathing_no_rate,,AppState.ESTIMATE_BREATHING_RATE,0.0000;3.0000,True,0.40036384016275356,1.8779074884463078,25.845631631271154,0,10.139135837554932,1.7922571891093595,9.42144630328115,0.19023164079329827,1,2284.842951386375,86.01639574151476,26.562877131307893,2211.0586848413814,110.2063781694543,20.062892198685407,147.2085863264724,147.2085863264724,3061117.109375,61638.761288363174,274304.5,2123577.197814749,6,0.234375,14.0625,46.63750290518458,1.0091160925403422,361.1123608719817,1.59939186786221,8.8064641165701,,0.0,120.0,0,3,1771527560206,608,False,62.31689453125,16,-3.043186558432308
40.24154281616211,1771527560.2415428,breathing_no_rate,,AppState.ESTIMATE_BREATHING_RATE,0.0000;3.0000,True,0.40036384016275356,1.8696347642644802,25.67772455838239,0,10.139135837554932,1.790974956656094,8.970830883622742,0.199644267035072,1,2289.122441194715,86.17901654800863,26.562410814852214,2220.731232506818,110.20849317428883,20.150273073552505,129.1629505406836,129.1629505406836,3084902.3125,69505.62619367018,280713.49999999907,2144224.081469183,6,0.234375,14.0625,47.90772852824938,1.0119338893826688,369.9533451160115,1.6080363578777515,8.8064641165701,,0.0,120.0,0,3,1771527560241,609,False,34.55924987792969,16,-2.884089870633822
40.28578233718872,1771527560.2857823,breathing_no_rate,,AppState.ESTIMATE_BREATHING_RATE,0.0000;3.0000,True,0.40036384016275356,1.8587846518675901,25.508438585070724,0,10.139135837554932,1.7556181815598393,8.664343169150367,0.20262565171796756,1,2275.752871647644,86.21271593417723,26.396951388920023,2178.6656152978708,110.3128467465835,19.749881174611208,160.8043044042047,160.8043044042047,3019489.640625,56590.43128134945,228085.75,2085457.1202966482,6,0.234375,14.0625,49.18047469832834,1.0146499448324986,378.8958751258801,1.6157054078267388,8.8064641165701,,0.0,120.0,0,3,1771527560285,610,False,44.23952102661133,16,-2.723400629203712
40.340266704559326,1771527560.3402667,breathing_no_rate,,AppState.ESTIMATE_BREATHING_RATE,0.0000;3.0000,True,0.40036384016275356,1.8403549242054897,25.33822268186011,0,10.139135837554932,1.6651189559424364,8.40159846605436,0.19819073268878024,1,2276.1884430171854,86.35495968922136,26.358514336437537,2167.376536456287,110.25907013716534,19.65712692606924,161.61647059893085,161.61647059893085,3005660.984375,73554.84275634006,318105.5,2062800.3226160582,6,0.234375,14.0625,50.45627349468359,1.0172496002565974,387.9344569375929,1.6224674904691039,8.8064641165701,,0.0,120.0,0,3,1771527560340,611,False,54.48436737060547,16,-2.563013426528055
40.394683599472046,1771527560.3946836,breathing_no_rate,,AppState.ESTIMATE_BREATHING_RATE,0.0000;3.0000,True,0.40036384016275356,1.8272426667313388,25.16996691078891,0,10.139135837554932,1.7025669701217556,8.428377476295633,0.2020041193821861,1,2185.985898320538,86.29893052791631,25.330393840605897,2071.8580127508735,110.35553386623711,18.77439164259235,241.480813864825,241.480813864825,2765405.78125,61712.32113149306,257231.75,1887599.9011030023,6,0.234375,14.0625,51.735847330134234,1.0197218888619701,397.0633531552181,1.628396531527447,8.8064641165701,,0.0,120.0,0,3,1771527560394,612,False,54.41689491271973,16,-2.4046521325240384
40.43897724151611,1771527560.4389772,breathing_no_rate,,AppState.ESTIMATE_BREATHING_RATE,0.0000;3.0000,True,0.40036384016275356,1.8083768278607635,25.015039746307853,0,10.139135837554932,1.6289941694626924,9.599657774687442,0.16969294192844686,1,1869.2196253550571,86.34488725325511,21.64829539762867,1698.4227207268661,110.56892006501322,15.36076068856287,577.4804868950325,577.4804868950325,1973286.640625,60412.06741859464,206877.25,1320868.381412722,6,0.234375,14.0625,53.02002003746942,1.0220580659327312,406.2766668304935,1.6335631348682256,8.8064641165701,,0.0,120.0,0,3,1771527560438,613,False,44.29364204406738,16,-2.248549646542269
40.49342226982117,1771527560.4934223,breathing_no_rate,,AppState.ESTIMATE_BREATHING_RATE,0.0000;3.0000,True,0.40036384016275356,1.791375123976252,24.88110060742637,0,10.139135837554932,1.629717279815547,11.55404467295579,0.14105166855457346,1,1559.942022410208,86.24899104602892,18.08649589372726,1394.3450215289256,110.39877801998328,12.630076587114987,827.8896025912625,827.8896025912625,1366119.484375,54644.39514455809,222327.99999999977,910082.5519761248,6,0.234375,14.0625,54.309618555753346,1.0242494412749739,415.56811468939674,1.638025245340965,8.8064641165701,,0.0,120.0,0,3,1771527560493,614,False,54.44502830505371,16,-2.0927151340177894
40.537742137908936,1771527560.5377421,breathing_no_rate,,AppState.ESTIMATE_BREATHING_RATE,0.0000;3.0000,True,0.40036384016275356,1.768792154951405,24.765292413143555,0,10.139135837554932,1.5540657891645857,13.242280575335958,0.11735635566744534,1,1489.6011958427835,86.14080243708015,17.29263198950974,1369.071744433523,110.18897643519904,12.424761429980563,801.2229805723998,801.2229805723998,1263092.140625,25470.718226243524,84950.5,849642.7283480772,6,0.234375,14.0625,55.60550594093329,1.0262878467557677,424.93107767336585,1.6418328009206833,8.8064641165701,,0.0,120.0,0,3,1771527560537,615,False,44.319868087768555,16,-1.9355806729295368
40.592175006866455,1771527560.592175,breathing_no_rate,,AppState.ESTIMATE_BREATHING_RATE,0.0000;3.0000,True,0.40036384016275356,1.7373488681829188,24.662343563487596,0,10.139135837554932,1.4383756601533986,14.418847232154667,0.09975663358482643,1,1511.376261268186,86.03858772848879,17.566260687821334,1432.561076632075,109.85753957779822,13.040170771388272,692.8209919725175,692.8209919725175,1329105.578125,37238.77650712767,157428.5,904096.2026730641,6,0.234375,14.0625,56.90869289050119,1.028169197561259,434.3593308864495,1.645041296343615,8.8064641165701,,0.0,120.0,0,3,1771527560592,616,False,54.43286895751953,16,-1.7787006912483867
40.6365168094635,1771527560.6365168,breathing_no_rate,,AppState.ESTIMATE_BREATHING_RATE,0.0000;3.0000,True,0.40036384016275356,1.701995668946366,24.567222668554507,0,10.139135837554932,1.365845715295454,15.102614355431708,0.09043770059014883,1,1525.6277716586867,86.01031765750574,17.737729765352334,1494.004550748173,109.84736831502502,13.60073139349139,637.123534101321,592.9397407785866,1392944.046875,53669.901916805495,218610.75,957081.1467559113,6,0.234375,14.0625,58.220335119746245,1.0298946035911754,443.84759521133856,1.647713978637479,8.8064641165701,,0.0,120.0,0,3,1771527560636,617,False,44.3418025970459,16,-1.6248527983916163
40.690799951553345,1771527560.6908,breathing_no_rate,,AppState.ESTIMATE_BREATHING_RATE,0.0000;3.0000,True,0.40036384016275356,1.6709910811244355,24.476121077662157,0,10.139135837554932,1.3761891683025906,15.411436866007355,0.08929661654382935,1,1619.059140365169,85.79332394106856,18.87162154316843,1560.7705291077384,109.60718501470318,14.239673511222191,510.59260505039924,494.1407089572315,1524860.6875,69835.03084297913,236933.0,1079676.4232192575,6,0.234375,14.0625,59.54157154447966,1.0314687021398163,453.3908670553443,1.6499140456336483,8.8064641165701,,0.0,120.0,0,3,1771527560690,618,False,54.28314208984375,16,-1.4752968428599214
40.73498010635376,1771527560.73498,breathing_no_rate,,AppState.ESTIMATE_BREATHING_RATE,0.0000;3.0000,True,0.40036384016275356,1.6419740875718996,24.3849231953938,0,10.139135837554932,1.3660708808349895,15.310657911583702,0.08922352577104001,1,1711.9402746317555,85.74217959099296,19.966138985247177,1636.366565032496,109.60176408797625,14.930111560102908,393.06399564985736,393.06399564985736,1674428.59375,40428.176612287774,153595.99999999977,1199721.8979076257,6,0.234375,14.0625,60.873540474223454,1.032897671716236,462.98479900607595,1.651699161133195,8.8064641165701,,0.0,120.0,0,3,1771527560734,619,False,44.18015480041504,16,-1.3297098452942284
40.78780651092529,1771527560.7878065,breathing_no_rate,,AppState.ESTIMATE_BREATHING_RATE,0.0000;3.0000,True,0.40036384016275356,1.6055904782937807,24.29120308549708,0,10.139135837554932,1.2596430439284296,14.965974050812282,0.08416712734951555,1,1769.9381102350728,85.69482713321023,20.65396674951102,1697.653275710694,109.38063740500493,15.520601415122982,313.93274934214537,311.5789393566208,1771260.828125,52361.59548504981,229991.25,1291112.343471564,6,0.234375,14.0625,62.2173265377521,1.0341893727004894,472.62537354944357,1.6531220892830172,8.8064641165701,,0.0,120.0,0,3,1771527560787,620,False,52.8264045715332,16,-1.1877529019978839
40.842122077941895,1771527560.842122,breathing_no_rate,,AppState.ESTIMATE_BREATHING_RATE,0.0000;3.0000,True,0.6405821442604057,1.5823872927000089,24.19043433166362,2,10.139135837554932,1.3617637018982043,14.163859351412878,0.09614354873315101,0,1872.7664112883915,85.72417685735343,21.846420460622934,1073.0823466334025,62.61608305816511,17.137487594352734,223.3765031165883,146.81851047295868,2063062.734375,69063.0413528256,281490.5,1480638.7353741552,6,0.234375,14.0625,63.57398288030399,1.0353550312846025,482.3096158434262,1.6542362171622513,8.8064641165701,,0.0,120.0,0,3,1771527560842,621,False,54.31556701660156,16,-1.0514019349174752
40.88639998435974,1771527560.8864,breathing_no_rate,,AppState.ESTIMATE_BREATHING_RATE,0.0000;3.0000,True,0.6405821442604057,1.5647171859632216,24.085303736861555,2,10.139135837554932,1.396703945610243,13.624721945372762,0.10251247336332468,0,1837.0682709227904,85.6851667540143,21.439746697059267,1079.5375058618854,62.582099706262525,17.24994065254425,252.38112834686353,131.81813851129186,1998756.015625,56520.578360166524,198930.25,1402822.1251594848,6,0.234375,14.0625,64.94440311793726,1.036410295520838,492.0354310012395,1.6550971969195338,8.8064641165701,,0.0,120.0,0,3,1771527560886,622,False,44.27790641784668,16,-0.9245435218997333
40.94058537483215,1771527560.9405854,breathing_no_rate,,AppState.ESTIMATE_BREATHING_RATE,0.0000;3.0000,True,0.6405821442604057,1.5483754321312497,23.97609794129294,2,10.139135837554932,1.3929926121370626,13.110030277537838,0.10625395842277362,0,1812.4150896059239,85.68777642824166,21.151384306285046,1071.8692146345327,62.65318604421362,17.10797618274383,238.9928697821606,130.99460331143882,1965137.21875,49089.084968911004,224524.5,1379726.407996515,6,0.234375,14.0625,66.32924330388028,1.0373735440157124,501.8013552230234,1.6557577328061446,8.8064641165701,,0.0,120.0,0,3,1771527560940,623,False,54.18539047241211,16,-0.809988610372929
40.99499011039734,1771527560.99499,breathing_no_rate,,AppState.ESTIMATE_BREATHING_RATE,0.0000;3.0000,True,0.6405821442604057,1.5335795172124964,23.861694062700803,2,10.139135837554932,1.392895046738342,12.478412806376452,0.11162437629206738,1,1876.0930980364487,85.58581227841114,21.920608662468336,1096.2398178689052,62.6149842197599,17.507627471467902,151.6149513200753,100.13281306105796,2070302.40625,72031.46334783346,318950.0,1460586.3575146908,6,0.234375,14.0625,67.72892450432168,1.0378878562134402,511.60642853537524,1.6562632924886977,8.8064641165701,,0.0,120.0,0,3,1771527560994,624,False,54.40473556518555,16,-0.7087505128371359
41.03911805152893,1771527561.039118,breathing_no_rate,,AppState.ESTIMATE_BREATHING_RATE,0.0000;3.0000,True,0.6405821442604057,1.5273983337106085,23.744423999112442,2,10.139135837554932,1.4686255891630904,12.075954947180554,0.12161568964650399,1,1785.3262481966706,85.5062866150621,20.87947353173097,1062.054555522573,62.5207101222413,16.98724396170554,227.62578375787712,126.14089441184046,1900930.28125,30175.740139518937,94728.25,1326946.8877530866,6,0.234375,14.0625,69.14368033432814,1.0371599082193308,521.4501378488852,1.6566505720697702,8.8064641165701,,0.0,120.0,0,3,1771527561039,625,False,44.1279411315918,16,-0.6204088716958166
41.096490144729614,1771527561.0964901,breathing_no_rate,,AppState.ESTIMATE_BREATHING_RATE,0.0000;3.0000,True,0.6405821442604057,1.5210702205788067,23.62451348277901,2,10.139135837554932,1.4609004203375437,11.693317182338713,0.12493464407337856,1,1822.9843663619279,85.41574434808524,21.342486449706282,1054.7000239997153,62.503331752796356,16.87430084774088,178.4025804010596,125.36832720554276,1940726.78125,42793.57698618417,182529.50000000047,1374253.3050678642,6,0.234375,14.0625,70.57350654454025,1.0364897497245782,531.3312261118347,1.6569473491254687,8.8064641165701,,0.0,120.0,0,3,1771527561096,626,False,57.372093200683594,16,-0.5431573901237859
41.14460372924805,1771527561.1446037,breathing_no_rate,,AppState.ESTIMATE_BREATHING_RATE,0.0000;3.0000,True,0.6405821442604057,1.503907730778272,23.4995773994539,2,10.139135837554932,1.3407210807559724,11.068332995375833,0.12113125627815609,1,1860.8009794591817,85.36510066064065,21.798146608352145,1095.7128904422225,62.473255077705794,17.538911475987742,152.40877124417557,79.21996527197712,2005829.171875,64161.32861448496,241167.74999999977,1398420.2589843443,6,0.234375,14.0625,72.01828480566623,1.0358677754364627,541.2483240316936,1.6571744952635359,8.8064641165701,,0.0,120.0,0,3,1771527561144,627,False,48.11358451843262,16,-0.4752230985666856
41.19195508956909,1771527561.191955,breathing_no_rate,,AppState.ESTIMATE_BREATHING_RATE,0.0000;3.0000,True,0.6405821442604057,1.4850995272121887,23.368526061614894,2,10.139135837554932,1.3062648844209679,10.328808737367313,0.12646810658510177,1,1887.4174785354853,85.33009512680024,22.119012942721675,1118.1158817403498,62.54186913813387,17.877877606326916,98.99338038794144,53.35800035176317,2091502.390625,45963.89243139735,157116.5,1464089.4934002534,6,0.234375,14.0625,73.47780013901944,1.0352853201477705,551.2000828968506,1.6573480791303703,8.8064641165701,,0.0,120.0,0,3,1771527561191,628,False,47.35136032104492,16,-0.4154567288564504
41.26938438415527,1771527561.2693844,breathing_no_rate,,AppState.ESTIMATE_BREATHING_RATE,0.0000;3.0000,True,0.6405821442604057,1.4718934350289965,23.230167511772745,2,10.139135837554932,1.3463255268579077,9.46337650387962,0.1422669304305603,1,1923.533341438354,85.30081639513875,22.549999199367864,1151.670500362951,62.51350558677265,18.422747045371466,90.2221203667325,18.597767099618068,2148408.640625,45437.60072022617,195088.75,1477381.4680669648,6,0.234375,14.0625,74.95165573068917,1.0347346451431858,561.1843351078387,1.6574805082930324,8.8064641165701,,0.0,120.0,0,3,1771527561269,629,False,77.42929458618164,16,-0.3628966688469213
41.29628896713257,1771527561.296289,breathing_no_rate,,AppState.ESTIMATE_BREATHING_RATE,0.0000;3.0000,True,0.5204729922115796,1.4680109657621303,23.08571767382212,1,10.139135837554932,1.4310951592073797,8.712838423070751,0.16425131392930772,1,1928.8463601982403,85.22844166443582,22.631486889903783,1928.8463601982403,107.99489309199944,17.860533076663362,110.07889241174462,50.46512325342155,2155308.828125,48522.31870149742,192474.50000000047,1453157.8106682356,6,0.234375,14.0625,76.43937625041862,1.0342081473150242,571.1992686690247,1.657581884413492,8.8064641165701,,0.0,120.0,0,3,1771527561296,630,False,26.904582977294922,16,-0.3175223603718748
41.342912435531616,1771527561.3429124,breathing_no_rate,,AppState.ESTIMATE_BREATHING_RATE,0.0000;3.0000,True,0.40036384016275356,1.4543136854896659,22.938233347436103,0,10.139135837554932,1.3240753979184559,8.263419968626843,0.16023334198010608,1,1870.157961451719,85.11541360954539,21.972024597199578,1770.9405968739466,109.4137249995258,16.18572621364857,138.951850403781,138.951850403781,2049981.265625,43881.49848610997,199646.0,1375415.8333195783,6,0.234375,14.0625,77.9403369573186,1.033698037000956,581.2429612079748,1.6576606011950163,8.8064641165701,,0.0,120.0,0,3,1771527561342,631,False,46.62346839904785,16,-0.27980272609805046
41.39019846916199,1771527561.3901985,breathing_no_rate,,AppState.ESTIMATE_BREATHING_RATE,0.0000;3.0000,True,0.40036384016275356,1.4506956457110995,22.79322775426657,0,10.139135837554932,1.4162941225070909,8.365050396105218,0.16931088938773267,1,1774.8712816444606,85.04577627609902,20.86959940093339,1640.4945960079385,109.31141580240507,15.007532232116938,252.99711754155715,252.99711754155715,1797781.84375,54848.38995285914,195169.25,1220407.8446181691,6,0.234375,14.0625,79.4538738520011,1.0331986104773978,591.3128724836045,1.6577224312091134,8.8064641165701,,0.0,120.0,0,3,1771527561390,632,False,47.286033630371094,16,-0.2479859953490756
41.44108200073242,1771527561.441082,breathing_no_rate,,AppState.ESTIMATE_BREATHING_RATE,0.0000;3.0000,True,0.40036384016275356,1.4522640402815605,22.652276885021962,0,10.139135837554932,1.4671768564778846,8.627547936321506,0.17005722450188807,1,1710.0771364181207,84.97142667084805,20.125319809237563,1574.687669924579,109.10913123028777,14.432226268822372,299.39549895267373,299.39549895267373,1640159.765625,42472.71135732587,132795.74999999953,1155894.7743374691,6,0.234375,14.0625,80.97955453108624,1.0327084200951444,601.4060686210673,1.6577698452886986,8.8064641165701,,0.0,120.0,0,3,1771527561441,633,False,50.88353157043457,16,-0.21716423370065183
41.4875967502594,1771527561.4875968,breathing_no_rate,,AppState.ESTIMATE_BREATHING_RATE,0.0000;3.0000,True,0.40036384016275356,1.4586356695314087,22.51349471554027,0,10.139135837554932,1.5192192354680025,8.704553200496512,0.17453155840403317,1,1737.6237028806033,84.99146732802885,20.444684125215915,1606.0952077651716,108.85830907288123,14.753997388248315,251.67306041092638,251.67306041092638,1676648.28125,38352.82398947661,182579.25,1209142.822569411,6,0.234375,14.0625,82.51721903269743,1.0322291602687865,611.519501317727,1.6578034024750912,8.8064641165701,,0.0,120.0,0,3,1771527561487,634,False,46.51474952697754,16,-0.18269754470672436
41.543981313705444,1771527561.5439813,breathing_no_rate,,AppState.ESTIMATE_BREATHING_RATE,0.0000;3.0000,True,0.40036384016275356,1.4546959910026278,22.374958067581122,0,10.139135837554932,1.4172362197952766,8.590446148631969,0.16497818566221892,1,1763.5280357319245,84.90085813893171,20.77161614580287,1642.4323925393398,108.76826805155908,15.100290019748062,202.22639335318422,202.22639335318422,1738133.546875,47790.1231726104,208213.25000000023,1237860.5736194586,6,0.234375,14.0625,84.06677576242642,1.0317621047362429,621.650309943482,1.6578241233370925,8.8064641165701,,0.0,120.0,0,3,1771527561543,635,False,56.38456344604492,16,-0.1435646130598529
41.59080648422241,1771527561.5908065,breathing_no_rate,,AppState.ESTIMATE_BREATHING_RATE,0.0000;3.0000,True,0.40036384016275356,1.4515541357099992,22.234099791891612,0,10.139135837554932,1.4216803326652387,8.218583979084375,0.1729836108154781,1,1828.4151361647196,84.84762573371302,21.549396583959744,1710.2918621996218,108.71509252907242,15.731871466940309,126.18676885134755,126.18676885134755,1876931.703125,69153.70744994102,289784.0,1342484.2750683487,6,0.234375,14.0625,85.6279802754788,1.0313066292307986,631.7955613493168,1.6578344698595298,8.8064641165701,,0.0,120.0,0,3,1771527561590,636,False,46.82517051696777,16,-0.10144782308536116
41.63805079460144,1771527561.6380508,breathing_no_rate,,AppState.ESTIMATE_BREATHING_RATE,0.0000;3.0000,True,0.40036384016275356,1.4434012555820062,22.088313132248544,0,10.139135837554932,1.3658809650190877,7.582419009082555,0.18013789045459472,1,1966.5720989357344,84.88668852994608,23.167025748905324,1789.3608681331582,108.844072086,16.43967221938285,47.696986743407024,44.24926979567749,2107822.46875,51987.92542255574,181303.00000000047,1524956.2207952098,6,0.234375,14.0625,87.2004468867112,1.030860564589262,641.9523130226803,1.6578378371800715,8.8064641165701,,0.0,120.0,0,3,1771527561638,637,False,47.24431037902832,16,-0.057874687390655294
41.69501447677612,1771527561.6950145,breathing_no_rate,,AppState.ESTIMATE_BREATHING_RATE,0.0000;3.0000,True,0.40036384016275356,1.4341925310543613,21.937330198307414,0,10.139135837554932,1.346632921457523,6.914402452263153,0.19475767147774264,1,1994.435887115076,84.88495385754804,23.495752738919975,1816.995714299087,108.86014028379103,16.69110208333014,70.15174845102092,15.602950313554174,2182094.125,65744.92952008973,261274.0,1566064.8560803947,6,0.234375,14.0625,88.78374100775555,1.0304210996230037,652.1177230018797,1.657838014749035,8.8064641165701,,0.0,120.0,0,3,1771527561695,638,False,56.96368217468262,16,-0.013290159417805904
41.74203133583069,1771527561.7420313,breathing_no_rate,,AppState.ESTIMATE_BREATHING_RATE,0.0000;3.0000,True,0.40036384016275356,1.4259223975446207,21.785793279625494,0,10.139135837554932,1.3472872229063995,6.707743590219497,0.20085550447545605,1,1835.150007705433,84.78305091704289,21.645246164583234,1695.3650567890238,108.84904509751368,15.57537831640724,128.87893145975227,128.87893145975227,1879328.65625,34290.8414443268,132026.25,1331232.5264490047,6,0.234375,14.0625,90.37728899368845,1.0299845649052475,662.2886163622918,1.6578390072806193,8.8064641165701,,0.0,120.0,0,3,1771527561742,639,False,47.01685905456543,16,0.0314209205838749
41.79674315452576,1771527561.7967432,breathing_no_rate,,AppState.ESTIMATE_BREATHING_RATE,0.0000;3.0000,True,0.40036384016275356,1.4225887803453534,21.634685854735093,0,10.139135837554932,1.3908916414379078,6.599371155495663,0.21076123898091015,0,1664.692487555885,84.65735820851808,19.66388418873107,1664.692487555885,108.75069806265667,15.307418868993977,248.84167660004778,149.8381281976392,1697221.765625,36555.33079942279,148775.00000000023,1132831.8085406765,6,0.234375,14.0625,91.98016581759201,1.0295453073195684,672.4619486099177,1.6578442018921176,8.8064641165701,,0.0,120.0,0,3,1771527561796,640,False,54.71181869506836,16,0.07188258368368752
41.84386157989502,1771527561.8438616,breathing_no_rate,,AppState.ESTIMATE_BREATHING_RATE,0.0000;3.0000,True,0.5204729922115796,1.4198972851551857,21.48397167860085,1,10.139135837554932,1.3943056554593054,6.487785558305879,0.21491241390667673,0,1728.420735319167,84.70362254907799,20.405511397075138,1718.2874570793588,107.35172694792688,16.00614639293919,173.21041144989817,173.21041144989817,1847543.625,60518.96561151306,203047.0,1209655.8168964605,6,0.234375,14.0625,93.59052455139633,1.0290948184849271,682.6331439446828,1.657854004015457,8.8064641165701,,0.0,120.0,0,3,1771527561843,641,False,47.118425369262695,16,0.09874342930556843
41.891069412231445,1771527561.8910694,breathing_no_rate,,AppState.ESTIMATE_BREATHING_RATE,0.0000;3.0000,True,0.5204729922115796,1.4148575637545076,21.3319647255888,1,10.139135837554932,1.3669382197676736,6.207146228640356,0.22022007685919692,1,1791.5653737112832,84.61192185555399,21.173911836544693,1791.5653737112832,107.2828209411046,16.699461833485017,93.8486814891653,93.8486814891653,1978150.5,79887.14504581022,312198.0,1310825.1789733048,6,0.234375,14.0625,95.20577020008683,1.028623665769849,692.797243510145,1.657864581014597,8.8064641165701,,0.0,120.0,0,3,1771527561891,642,False,47.20783233642578,16,0.10257244165349891
41.938074588775635,1771527561.9380746,breathing_no_rate,,AppState.ESTIMATE_BREATHING_RATE,0.0000;3.0000,True,0.5204729922115796,1.4129722225134898,21.178505976236128,1,10.139135837554932,1.3950457721647194,5.909232533566971,0.23607901093825348,1,1974.7022570266763,84.68173771492987,23.319104098346887,1974.7022570266763,107.36892102972224,18.391749102718844,102.0046391613389,83.8524048578322,2327945.078125,75211.8781689497,280559.0,1562695.2752228018,6,0.234375,14.0625,96.82301645185947,1.028125156605979,702.9490274154335,1.6578709026399916,8.8064641165701,,0.0,120.0,0,3,1771527561938,643,False,47.00517654418945,16,0.07929849488172899
41.99523949623108,1771527561.9952395,breathing_no_rate,,AppState.ESTIMATE_BREATHING_RATE,0.0000;3.0000,True,0.5204729922115796,1.4125647707885618,21.03000885550078,1,10.139135837554932,1.408690584536476,6.254421594939007,0.2252311525419294,1,2163.8973610276666,84.69657923973129,25.548816497975285,2163.8973610276666,107.39576929997945,20.148813823040715,265.7209864632375,256.42458678708726,2797421.84375,54352.55275893751,212264.99999999953,1872721.9332209283,6,0.234375,14.0625,98.43946588392092,1.0275972075463586,713.0832209909798,1.6578717636820175,8.8064641165701,,0.0,120.0,0,3,1771527561995,644,False,57.164907455444336,16,0.029265989385663035
42.04231286048889,1771527562.0423129,breathing_no_rate,,AppState.ESTIMATE_BREATHING_RATE,0.0000;3.0000,True,0.6405821442604057,1.4137165440674762,20.893282141289877,2,10.139135837554932,1.4246679867285172,7.28886013856655,0.1954582691187759,1,2331.9686635236435,84.77813889655735,27.506721589412393,1426.9143788368137,62.07329260025713,22.98757354476014,398.6529064380061,269.6260794569755,3207546.40625,68149.08802890114,247157.25,2184738.0705353846,6,0.234375,14.0625,100.05261089520312,1.0270423190493236,723.1946649637014,1.657873819523905,8.8064641165701,,0.0,120.0,0,3,1771527562042,645,False,47.0733642578125,16,-0.045221616484023806
42.09007000923157,1771527562.09007,breathing_no_rate,,AppState.ESTIMATE_BREATHING_RATE,0.0000;3.0000,True,0.6405821442604057,1.4342865071995443,20.769767654255816,2,10.139135837554932,1.6298725447510323,8.47997326579902,0.19220255695054436,1,2487.0417417084095,84.81282059083313,29.323889057733965,1488.1629838180527,62.225174792043795,23.915770245203326,520.015573090549,310.73128844858,3630347.515625,112018.11181688121,431267.75000000047,2508692.2862475296,6,0.234375,14.0625,101.66036078261254,1.026467242016421,733.2786459338781,1.657893798158878,8.8064641165701,,0.0,120.0,0,3,1771527562090,646,False,47.75714874267578,16,-0.14097288131715985
42.13741850852966,1771527562.1374185,breathing_no_rate,,AppState.ESTIMATE_BREATHING_RATE,0.0000;3.0000,True,0.6405821442604057,1.4382845325551612,20.656102352449373,2,10.139135837554932,1.4762990847599946,9.346310101781404,0.1579552859390635,1,2457.6593038715214,84.79604533572778,28.983183049540557,1467.5181909008827,62.17991088136457,23.601162659708788,474.0127116004546,272.42625307237836,3547699.703125,89296.78278473888,319823.75,2464437.6098593967,6,0.234375,14.0625,103.26104890604319,1.025882194359211,743.3308856776529,1.6579591184494618,8.8064641165701,,0.0,120.0,0,3,1771527562137,647,False,47.3484992980957,16,-0.2549073220089296
42.19456076622009,1771527562.1945608,breathing_no_rate,,AppState.ESTIMATE_BREATHING_RATE,0.0000;3.0000,True,0.6405821442604057,1.448752532702641,20.541153487071362,2,10.139135837554932,1.5482857529028324,9.103645591397711,0.17007315774636236,1,2254.6664283492137,84.84322731172018,26.57450099156213,1310.7933919600946,62.305731816358914,21.038086765476308,309.5136892662704,108.65763870308047,3024796.796875,85453.85237385718,321695.75000000047,2163378.1764702233,6,0.234375,14.0625,104.85345551379568,1.0252998958082946,753.3478603492171,1.6581077456646696,8.8064641165701,,0.0,120.0,0,3,1771527562194,648,False,57.14225769042969,16,-0.3845222165710574
42.24077296257019,1771527562.240773,breathing_no_rate,,AppState.ESTIMATE_BREATHING_RATE,0.0000;3.0000,True,0.6405821442604057,1.4508706383765544,20.424354457463146,2,10.139135837554932,1.4710102902182345,8.802753679083173,0.16710796912862563,0,2099.4681115850512,84.91033134867811,24.72570861770651,1101.077506709337,62.4075352477678,17.6433423034613,149.70398345961803,94.90589832047976,2453837.75,45292.75344193114,174496.50000000047,1861404.068276789,6,0.234375,14.0625,106.4367206647514,1.0247349002825552,763.3263696236668,1.6583878649862493,8.8064641165701,,0.0,120.0,0,3,1771527562240,649,False,46.212196350097656,16,-0.5279245686114517
42.32400870323181,1771527562.3240087,breathing_no_rate,,AppState.ESTIMATE_BREATHING_RATE,0.0000;3.0000,True,0.6405821442604057,1.446992958340147,20.31909837491347,2,10.139135837554932,1.4101226893783598,9.84603044796463,0.1432173805156821,0,1924.195564466486,84.8545584443071,22.676395938194926,869.2765715308909,62.34694075865932,13.942569770694245,306.8171730649095,306.8171730649095,1900107.109375,52660.0180615422,185941.00000000047,1547541.0537061628,6,0.234375,14.0625,108.01033605854238,1.02420321977581,773.2636242896608,1.6588574728047731,8.8064641165701,,0.0,120.0,0,3,1771527562324,650,False,83.2357406616211,16,-0.6836236566828436
42.34423780441284,1771527562.3442378,breathing_no_rate,,AppState.ESTIMATE_BREATHING_RATE,0.0000;3.0000,True,0.6405821442604057,1.4403322711687396,20.239097280764007,2,10.139135837554932,1.3770002465626925,12.278921745424833,0.11214341739441608,0,1523.2877028917583,84.74041525002337,17.97592917593547,593.9114846191308,62.18534511121371,9.55066637561334,593.1217672081661,546.7394523144226,1149452.921875,49512.23428590324,217490.74999999977,988619.2722943506,6,0.234375,14.0625,109.57413374250605,1.0237218734365396,783.1568717247033,1.6595827061417645,8.8064641165701,,0.0,120.0,0,3,1771527562344,651,False,20.229101181030273,16,-0.8497017320066013
42.39110088348389,1771527562.391101,breathing_no_rate,,AppState.ESTIMATE_BREATHING_RATE,0.0000;3.0000,True,0.6405821442604057,1.4165337649779302,20.18309045792751,2,10.139135837554932,1.19024966832593,14.610364913421279,0.08146611500107602,0,1425.04216220521,84.54171034664427,16.856083894509457,537.1285926107453,62.055323645164336,8.655640822589529,641.3230789965037,566.7803687590749,995574.734375,32741.078315257884,139915.75000000012,862810.671681457,6,0.234375,14.0625,111.1284022997111,1.0233081927632353,793.0040575457377,1.6606345615030547,8.8064641165701,,0.0,120.0,0,3,1771527562391,652,False,46.86307907104492,16,-1.0235802362717836
42.43564438819885,1771527562.4356444,breathing_no_rate,,AppState.ESTIMATE_BREATHING_RATE,0.0000;3.0000,True,0.6405821442604057,1.394023013950864,20.145313578073036,2,10.139135837554932,1.1799833208593342,16.386482551872135,0.07200955525702574,0,1654.460495524145,84.51311897734672,19.57637483416081,556.9131054583381,61.99682646498115,8.982929243385177,513.6951694324853,513.6951694324853,1273645.203125,32344.959104841928,133307.00000000023,1141462.5253030849,6,0.234375,14.0625,112.67381565691346,1.022978657382462,802.8032849697986,1.6620851664097729,8.8064641165701,,0.0,120.0,0,3,1771527562435,653,False,44.54350471496582,16,-1.2024916059115465
42.49037265777588,1771527562.4903727,breathing_no_rate,,AppState.ESTIMATE_BREATHING_RATE,0.0000;3.0000,True,0.6405821442604057,1.3835140914518609,20.1208813818246,2,10.139135837554932,1.283591767949423,17.68985749497574,0.07256088796879381,0,1725.057011059707,84.31674510934407,20.459245773803893,584.0493243564708,61.79624444924805,9.451210660976122,456.9376163136483,456.9376163136483,1367803.78125,44957.53648252036,191943.5,1227030.994202706,6,0.234375,14.0625,114.21131355823958,1.02274918636992,812.5522558405678,1.6640053715089733,8.8064641165701,,0.0,120.0,0,3,1771527562490,654,False,54.72826957702637,16,-1.3842083670439231
42.544721603393555,1771527562.5447216,breathing_no_rate,,AppState.ESTIMATE_BREATHING_RATE,0.0000;3.0000,True,0.6405821442604057,1.3708169272955835,20.107183622082978,2,10.139135837554932,1.2500880757403985,18.744245113010628,0.06669183358075081,0,1652.5170491272547,84.16523214695228,19.63420057135148,573.2714269054843,61.69016383709027,9.292752543340157,462.1556719136354,439.2413534635749,1249249.25,40402.744679546486,135080.49999999977,1112004.7884918863,6,0.234375,14.0625,115.74201417416442,1.0226346452547743,822.2481778676856,1.6664654878209137,8.8064641165701,,0.0,120.0,0,3,1771527562544,655,False,54.34894561767578,16,-1.5678021897688126
42.58907508850098,1771527562.589075,breathing_no_rate,,AppState.ESTIMATE_BREATHING_RATE,0.0000;3.0000,True,0.6405821442604057,1.3604915077300652,20.101383910018413,2,10.139135837554932,1.262313991032044,19.524307726508596,0.06465345704695681,0,1602.1629191599868,84.10813622985289,19.04884581870303,571.452371156162,61.66489897741735,9.267060850228098,506.4559737086795,414.20899115046575,1164224.171875,37343.08446433294,146286.25,1028332.8025077201,6,0.234375,14.0625,117.26728613713678,1.0226485605439133,831.888345942376,1.6695332317824445,8.8064641165701,,0.0,120.0,0,3,1771527562589,656,False,44.353485107421875,16,-1.7521977566249
42.64331340789795,1771527562.6433134,breathing_no_rate,,AppState.ESTIMATE_BREATHING_RATE,0.0000;3.0000,True,0.6405821442604057,1.3484917076402096,20.100690607103072,2,10.139135837554932,1.2343936251149217,20.03170638927515,0.06162199071139472,0,1562.2144864142374,83.87390813814096,18.62575049945965,584.529675385476,61.5418015766326,9.498091710040605,472.8564484308822,376.71109872365355,1135722.8125,16575.874549773966,61516.74999999977,982600.108185177,6,0.234375,14.0625,118.78857348337021,1.0228020660707127,841.4686727996391,1.673270139805122,8.8064641165701,,0.0,120.0,0,3,1771527562643,657,False,54.238319396972656,16,-1.9358524275511262
42.68736529350281,1771527562.6873653,breathing_no_rate,,AppState.ESTIMATE_BREATHING_RATE,0.0000;3.0000,True,0.6405821442604057,1.3526666154808773,20.09833149489339,2,10.139135837554932,1.3923630250687897,19.86359786410631,0.07009621492160316,0,1637.1250429487663,83.77161649337089,19.54271758691411,665.9128720223089,61.47148712095949,10.832873958313993,335.83271366268013,277.34856683298176,1308924.109375,43976.51078949428,180421.50000000023,1098662.842367204,6,0.234375,14.0625,120.30742613011736,1.0231034392935068,850.984585075872,1.6777306600603652,8.8064641165701,,0.0,120.0,0,3,1771527562687,658,False,44.0518856048584,16,-2.117584020278971
42.74161696434021,1771527562.741617,breathing_no_rate,,AppState.ESTIMATE_BREATHING_RATE,0.0000;3.0000,True,0.6405821442604057,1.3510046989800768,20.08746978082289,2,10.139135837554932,1.335202645225968,19.006720179394534,0.07024897681206628,0,1816.5728227386041,83.68758190469113,21.70659949030107,770.0489128133355,61.38705330413841,12.544158276919255,162.66748084349274,162.66748084349274,1646532.34375,29483.938288614605,126130.24999999977,1359997.4831104702,6,0.234375,14.0625,121.82541414758035,1.0235591779759772,860.4312889541112,1.6829573224151655,8.8064641165701,,0.0,120.0,0,3,1771527562741,659,False,54.251670837402344,16,-2.295551003412971
42.79043483734131,1771527562.7904348,breathing_no_rate,,AppState.ESTIMATE_BREATHING_RATE,0.0000;3.0000,True,0.6405821442604057,1.3476253409103607,20.063352954100875,2,10.139135837554932,1.315493282623246,17.66370859793816,0.07447435374371641,0,1960.1866869398561,83.7198297550736,23.413648745477182,856.7713604355014,61.305506502274035,13.975438901067482,139.28677797293608,71.3215580823312,1936607.625,53335.15825522018,166032.00000000047,1586778.968157588,6,0.234375,14.0625,123.34403965963541,1.024174372803356,869.8035671487746,1.6889764265842933,8.8064641165701,,0.0,120.0,0,3,1771527562790,660,False,48.81787300109863,16,-2.467550636965246
42.84463024139404,1771527562.8446302,breathing_no_rate,,AppState.ESTIMATE_BREATHING_RATE,0.0000;3.0000,True,0.6405821442604057,1.344915469072424,20.024619053316837,2,10.139135837554932,1.3191491081095268,16.170563647107983,0.08157718783438153,0,2018.9606314264772,83.67202574649946,24.12945800450892,894.5275573067886,61.33561895110754,14.584144948553616,186.00293819821422,31.521927868426246,2075981.65625,60298.87572884826,267944.99999999977,1688551.2254271207,6,0.234375,14.0625,124.86469349848477,1.0249512750382082,879.0952849204363,1.6957909763174033,8.8064641165701,,0.0,120.0,0,3,1771527562844,661,False,54.195404052734375,16,-2.6305322162302414
42.88910436630249,1771527562.8891044,breathing_no_rate,,AppState.ESTIMATE_BREATHING_RATE,0.0000;3.0000,True,0.6405821442604057,1.3409664761050497,19.97261260614131,2,10.139135837554932,1.3034181401236724,14.797927773542645,0.08808112595102571,0,2006.9288230481047,83.56182387199947,24.017293185202774,904.3528094202229,61.17088481374627,14.78404002425372,163.37990140756483,20.37579884313766,2075440.3125,60282.18261360615,276152.75,1676067.7199783486,6,0.234375,14.0625,126.38864629771967,1.0258875385887574,888.2996674366409,1.7033690201781357,8.8064641165701,,0.0,120.0,0,3,1771527562889,662,False,44.474124908447266,16,-2.779873209865331
42.943427324295044,1771527562.9434273,breathing_no_rate,,AppState.ESTIMATE_BREATHING_RATE,0.0000;3.0000,True,0.6405821442604057,1.343550380455211,19.91131292337594,2,10.139135837554932,1.3681190007300916,13.811943405237981,0.09905333091013092,0,1941.7260413176853,83.5053535731292,23.25271324782764,855.54097697378,61.09161327525701,14.004229567567865,92.2001722351365,64.97554157647028,1939907.984375,45684.43171421243,203189.0,1577680.6816855345,6,0.234375,14.0625,127.91693546783188,1.0269750624806389,897.4095609703166,1.7116350587077773,8.8064641165701,,0.0,120.0,0,3,1771527562943,663,False,54.32295799255371,16,-2.9100801687386944
42.98762249946594,1771527562.9876225,breathing_no_rate,,AppState.ESTIMATE_BREATHING_RATE,0.0000;3.0000,True,0.6405821442604057,1.342564985749684,19.84494924428899,2,10.139135837554932,1.3331955257929107,13.241707872163648,0.10068153885911016,0,1857.0379104318927,83.4129371548131,22.263188106696163,798.2309444170904,60.95969953807654,13.094404179361259,114.8409225492336,114.8409225492336,1741269.65625,40579.395210469374,165242.50000000023,1422128.0211927705,6,0.234375,14.0625,129.4502411932312,1.0281991258045367,906.4179035724035,1.7204617875763764,8.8064641165701,,0.0,120.0,0,3,1771527562987,664,False,44.19517517089844,16,-3.0146735302312915
43.04199409484863,1771527563.041994,breathing_no_rate,,AppState.ESTIMATE_BREATHING_RATE,0.0000;3.0000,True,0.6405821442604057,1.334364900373819,19.7860475277235,2,10.139135837554932,1.2563957666445982,13.925277644775077,0.0902241088906251,0,1538.1640359735693,83.34219669421432,18.456005444621233,582.4826077070885,60.937544684099215,9.55868193766462,372.7476648648203,310.46323973469805,1157376.921875,36206.13577432344,121331.25,972537.9035858293,6,0.234375,14.0625,130.98853823712483,1.0295362919242506,915.3168548469583,1.7296562953579715,8.8064641165701,,0.0,120.0,0,3,1771527563041,665,False,54.37159538269043,16,-3.0849053904923593
43.08624196052551,1771527563.086242,breathing_no_rate,,AppState.ESTIMATE_BREATHING_RATE,0.0000;3.0000,True,0.6405821442604057,1.3145109570005467,19.751724069663016,2,10.139135837554932,1.1257330729947057,16.336511389810898,0.06890902507054951,0,1094.5963671743343,83.12937030633874,13.16738432069781,264.9660945290925,60.741731569213464,4.362175520511942,806.6540565504706,589.7488291480951,528952.71875,15533.319984511067,52983.99999999988,478941.12014564406,6,0.234375,14.0625,132.5309387695145,1.0309531008075425,924.0988413826049,1.7389515246459437,8.8064641165701,,0.0,120.0,0,3,1771527563086,666,False,44.24786567687988,16,-3.110056510595368
43.140366077423096,1771527563.140366,breathing_no_rate,,AppState.ESTIMATE_BREATHING_RATE,0.0000;3.0000,True,0.6405821442604057,1.2920819136685382,19.73887457480507,2,10.139135837554932,1.0788191244640595,18.460339128544945,0.058439832383006325,0,964.6433035713253,82.88962840340089,11.637684015966816,239.54047805120535,60.55077745450817,3.9560264643540908,799.0624747039221,577.7230991079264,437731.75,19187.44203370722,84249.74999999994,382833.6137851825,6,0.234375,14.0625,134.0755748336803,1.0324088145357027,932.7572161451931,1.7480351778642904,8.8064641165701,,0.0,120.0,0,3,1771527563140,667,False,54.12411689758301,16,-3.0825919929138936
43.19455671310425,1771527563.1945567,breathing_no_rate,,AppState.ESTIMATE_BREATHING_RATE,0.0000;3.0000,True,0.6405821442604057,1.2751085383434226,19.724041059934965,2,10.139135837554932,1.1137200515289696,18.24809396911765,0.06103213044347278,1,1202.2301282408455,82.67824159133616,14.541070360067815,560.3489774796595,60.458767467239,9.26828317785389,541.1271986440554,241.27383669499443,804848.15625,31898.739001927413,122401.99999999988,616118.4769195206,6,0.234375,14.0625,135.61967855496803,1.0338604274686864,941.2868561283602,1.7566047515955587,8.8064641165701,,0.0,120.0,0,3,1771527563194,668,False,54.190635681152344,16,-3.00166305289517
43.238627672195435,1771527563.2386277,breathing_no_rate,,AppState.ESTIMATE_BREATHING_RATE,0.0000;3.0000,True,0.6405821442604057,1.254492321652921,19.697264257820606,2,10.139135837554932,1.0584664899142184,17.032950133477307,0.06214228783372762,1,1597.999634552915,82.6052901429137,19.3450035920085,892.3746804523872,60.51271933359891,14.74689437633917,349.80911277545283,85.22696254466427,1306770.578125,41244.7697515355,187225.5,948139.8252929325,6,0.234375,14.0625,137.15966053584418,1.0352662692324164,949.6837587878466,1.764405278673629,8.8064641165701,,0.0,120.0,0,3,1771527563238,669,False,44.07095909118652,16,-2.870491286344842
43.29273009300232,1771527563.29273,breathing_no_rate,,AppState.ESTIMATE_BREATHING_RATE,0.0000;3.0000,True,0.6405821442604057,1.2414106928220652,19.669184632784415,2,10.139135837554932,1.1170262235199493,16.875238542034893,0.06619321087943922,1,1770.5851455980592,82.64643118012037,21.42361285652863,1057.7158338401907,60.57380086337097,17.46160582210272,276.511001022591,235.31372199122677,1568115.953125,36598.12865468868,141521.5,1129790.5924531661,6,0.234375,14.0625,138.6913826498813,1.0365878739291805,957.9459359090692,1.7712451732125902,8.8064641165701,,0.0,120.0,0,3,1771527563292,670,False,54.102420806884766,16,-2.6935186773548865
43.35546088218689,1771527563.355461,breathing_no_rate,,AppState.ESTIMATE_BREATHING_RATE,0.0000;3.0000,True,0.6405821442604057,1.2312366006366335,19.62864905609874,2,10.139135837554932,1.1344979549008065,15.59532539628295,0.07274602651756538,1,1393.0870971178542,82.56358884217504,16.872899018039853,878.9099161034651,60.60294327158223,14.502759579683625,610.6383765671769,53.06765264684407,954961.578125,29931.248181994997,101566.50000000012,678008.4309938087,6,0.234375,14.0625,140.21036008995765,1.0377921515397757,966.0730959822481,1.777008138219671,8.8064641165701,,0.0,120.0,0,3,1771527563355,671,False,62.73078918457031,16,-2.4767999315674594
43.38984775543213,1771527563.3898478,breathing_no_rate,,AppState.ESTIMATE_BREATHING_RATE,0.0000;3.0000,True,0.40036384016275356,1.231389153468907,19.575639977089843,0,10.139135837554932,1.232839676437278,14.301192441545812,0.08620537632719355,1,1165.89220295285,82.4429214713929,14.141810869029724,782.3400096026024,106.31477012017656,7.358714209802634,787.4984205286142,787.4984205286142,677993.875,19426.472391711726,72485.75,470218.5088019024,6,0.234375,14.0625,141.71194714964963,1.0388535869849413,974.0659281236734,1.7816569006685723,8.8064641165701,,0.0,120.0,0,3,1771527563389,672,False,34.38687324523926,16,-2.2277828709954246
43.44504761695862,1771527563.4450476,breathing_no_rate,,AppState.ESTIMATE_BREATHING_RATE,0.0000;3.0000,True,0.40036384016275356,1.230868507797839,19.52661675694844,0,10.139135837554932,1.2259180359317141,14.648765500263313,0.08368746402732645,1,1323.176582898613,82.4172538889375,16.054606535005682,1071.8085256355262,106.06860935361097,10.104860732662495,467.710227431337,467.710227431337,976458.171875,30619.241055553885,112310.00000000035,600737.2247549245,6,0.234375,14.0625,143.19152766507162,1.0397533540348263,981.9263619651954,1.7852192793664283,8.8064641165701,,0.0,120.0,0,3,1771527563445,673,False,55.19986152648926,16,-1.9524264689083957
43.489933490753174,1771527563.4899335,breathing_no_rate,,AppState.ESTIMATE_BREATHING_RATE,0.0000;3.0000,True,0.6405821442604057,1.2546526309962356,19.489955489811056,2,10.139135837554932,1.4807999693820153,15.842128858636508,0.093472284091495,1,2271.600201743806,82.47584500007062,27.5426120425237,1434.3489730754156,60.66261978985209,23.644692201237827,680.0726551917364,566.0238231231091,3008574.9375,77565.23072381267,339310.50000000093,2011661.157029959,6,0.234375,14.0625,144.64441518574478,1.0404770915360715,989.6570220851302,1.7877689327095287,8.8064641165701,,0.0,120.0,0,3,1771527563489,674,False,44.885873794555664,16,-1.6531679896288192
43.54431915283203,1771527563.5443192,breathing_no_rate,,AppState.ESTIMATE_BREATHING_RATE,0.0000;3.0000,True,0.6405821442604057,1.3028759082140255,19.50107900619957,2,10.139135837554932,1.7613988354656795,20.607878156438314,0.085472110326405,1,3183.1690067888712,82.76037141716672,38.46247850562611,1939.9283421446912,60.78473983596594,31.914726415674046,1494.7435538239686,1006.3648150686182,5882082.96875,183885.96188402883,758312.4999999981,4039688.0236406797,6,0.234375,14.0625,146.06586499230252,1.0410139465634674,997.2615371066059,1.7894180833081266,8.8064641165701,,0.0,120.0,0,3,1771527563544,675,False,54.38566207885742,16,-1.3303368117241778
43.588526248931885,1771527563.5885262,breathing_no_rate,,AppState.ESTIMATE_BREATHING_RATE,0.0000;3.0000,True,0.6405821442604057,1.3727365194747034,19.548771694999715,2,10.139135837554932,2.036994401206119,24.29423397445544,0.0838468256815219,1,3255.851403746991,82.98391483474465,39.23472892537674,1909.6333294967912,61.01702035381075,31.296731934669612,1472.0022659370527,916.6474244981905,6145004.65625,190181.97933471747,854030.25,4315690.691361766,6,0.234375,14.0625,147.451222764652,1.041356560242249,1004.7447151913814,1.7903201689372528,8.8064641165701,,0.0,120.0,0,3,1771527563588,676,False,44.207096099853516,16,-0.984260702260927
43.643080711364746,1771527563.6430807,breathing_no_rate,,AppState.ESTIMATE_BREATHING_RATE,0.0000;3.0000,True,0.6405821442604057,1.4657900699430766,19.60924257216516,2,10.139135837554932,2.350574116436245,25.626145242440852,0.09172562217635472,0,3141.3380235379,83.25824743053346,37.73005222240771,1648.8777291312417,61.490418436147564,26.81519773388178,1305.3946359399922,615.9616349666139,5609356.390625,101115.77540084357,431362.0,4232042.832373793,6,0.234375,14.0625,148.79593946438033,1.0415005722867456,1012.112711171947,1.7906711118620195,8.8064641165701,,0.0,120.0,0,3,1771527563643,677,False,54.55446243286133,16,-0.6140171545604697
43.6871919631958,1771527563.687192,breathing_no_rate,,AppState.ESTIMATE_BREATHING_RATE,0.0000;3.0000,True,0.40036384016275356,1.5306016988345919,19.655110491272456,0,10.139135837554932,2.146852180216693,24.219006665650788,0.08864327962603341,0,2574.071544539166,83.3060669156637,30.898968584294966,2574.071544539166,107.48861404129944,23.947387985914535,693.1914831621461,693.1914831621461,3143031.546875,137837.94139601325,539467.9999999995,2655989.2094229683,6,0.234375,14.0625,150.09535147342012,1.041444384893309,1019.3716979315777,1.7907151011243312,8.8064641165701,,0.0,120.0,0,3,1771527563687,678,False,44.11125183105469,16,-0.21740000291759898
43.74141597747803,1771527563.741416,breathing_no_rate,,AppState.ESTIMATE_BREATHING_RATE,0.0000;3.0000,True,0.6405821442604057,1.5556713731265033,19.681036383887527,2,10.139135837554932,1.79404215804139,22.260684303961607,0.0805924082774725,0,1870.5789231712463,83.19881732476935,22.483239345180785,822.461779602098,61.49260055262256,13.374971495715128,308.3371047948833,198.22327452416687,1663834.796875,66569.31808790904,243950.25000000023,1375763.8895312804,6,0.234375,14.0625,151.34529376313336,1.0411973484110373,1026.5237363879476,1.7907506822145562,8.8064641165701,,0.0,120.0,0,3,1771527563741,679,False,54.22401428222656,16,0.1955242623117425
43.79416370391846,1771527563.7941637,breathing_no_rate,,AppState.ESTIMATE_BREATHING_RATE,0.0000;3.0000,True,0.6405821442604057,1.556614518869167,19.701501298278433,2,10.139135837554932,1.5655822616627137,21.73777733424027,0.07202126682587115,0,1784.2350295364677,83.10183914034059,21.470463806484712,753.4749731452598,61.37351364448623,12.276875290171281,250.9425370232026,250.9425370232026,1638136.34375,101874.38493329956,388011.25,1367569.7665333378,6,0.234375,14.0625,152.54483190502472,1.0407909289865684,1033.5700215006616,1.791077283858022,8.8064641165701,,0.0,120.0,0,3,1771527563794,680,False,52.74772644042969,16,0.5924097147237956
43.8383309841156,1771527563.838331,breathing_no_rate,,AppState.ESTIMATE_BREATHING_RATE,0.0000;3.0000,True,0.6405821442604057,1.5720344994089168,19.743362306884276,2,10.139135837554932,1.718652792962831,23.90856754728145,0.07188438995737191,0,3153.945526291236,83.32496263787613,37.85114840027219,1740.5804045005361,61.4978767682127,28.30309753672524,1201.640793118618,691.3458642272053,5593015.703125,233467.22817381824,920021.9999999991,4093722.0177123626,6,0.234375,14.0625,153.69507074130033,1.040269234762126,1040.5067210603472,1.7919193809783691,8.8064641165701,,0.0,120.0,0,3,1771527563838,681,False,44.167280197143555,16,0.9514038848468586
43.892752170562744,1771527563.8927522,breathing_no_rate,,AppState.ESTIMATE_BREATHING_RATE,0.0000;3.0000,True,0.6405821442604057,1.5657541756989777,19.784707790901788,2,10.139135837554932,1.5060387731442337,23.898617905156975,0.06301781881521419,0,1683.3625029702455,83.30160556194949,20.208043909767856,664.4101295980519,61.424968078377916,10.81661334751451,599.6588938732625,361.39659689777216,1281958.46875,42842.35224852302,151864.25000000047,1065916.870271499,6,0.234375,14.0625,154.7983192955003,1.039675060417255,1047.332355441,1.7934213201361018,8.8064641165701,,0.0,120.0,0,3,1771527563892,682,False,54.421186447143555,16,1.2710189132522571
43.93741226196289,1771527563.9374123,breathing_no_rate,,AppState.ESTIMATE_BREATHING_RATE,0.0000;3.0000,True,0.6405821442604057,1.5506284693420687,19.809170216169047,2,10.139135837554932,1.4068082324013822,22.243201915581782,0.063246660156092,0,2426.6274178373574,83.12185426401797,29.193615076253288,929.1484529698417,61.26945797515015,15.164953039596396,460.82250537581376,90.77379226802793,2709794.203125,78066.50895606673,325338.00000000047,2339244.4500905224,6,0.234375,14.0625,155.8568876498237,1.0390520678459259,1054.0365145306523,1.7956406999320549,8.8064641165701,,0.0,120.0,0,3,1771527563937,683,False,44.660091400146484,16,1.54584847903296
43.99169945716858,1771527563.9916995,breathing_no_rate,,AppState.ESTIMATE_BREATHING_RATE,0.0000;3.0000,True,0.6405821442604057,1.5279983467786173,19.841743599673816,2,10.139135837554932,1.312823629494377,23.082822402839522,0.056874484693691794,0,1823.4071066447284,82.97744246759967,21.974732558607624,522.7034442444395,61.122625386372405,8.551717812049795,512.5547454646089,466.94850328568236,1384922.265625,39597.66142967252,123768.00000000023,1311390.4372620506,6,0.234375,14.0625,156.87350904748064,1.0384368691371948,1060.6133682082109,1.7985906679033725,8.8064641165701,,0.0,120.0,0,3,1771527563991,684,False,54.28719520568848,16,1.7834966288126015
44.0358726978302,1771527564.0358727,breathing_no_rate,,AppState.ESTIMATE_BREATHING_RATE,0.0000;3.0000,True,0.6405821442604057,1.5036189260553459,19.85523203665638,2,10.139135837554932,1.2718113011971532,21.19734275676663,0.05999861943691816,1,1470.8910843537158,82.92626464126192,17.737336785866773,940.0309378219953,61.062267639544885,15.394628698620782,545.9331128358908,46.60012084909113,1289310.796875,62446.421744415406,214681.5,804700.7981350038,6,0.234375,14.0625,157.84985572731017,1.0378572738973162,1067.0547686684217,1.8022816827165726,8.8064641165701,,0.0,120.0,0,3,1771527564035,685,False,44.173240661621094,16,1.996812949671162
44.09030032157898,1771527564.0903003,breathing_no_rate,,AppState.ESTIMATE_BREATHING_RATE,0.0000;3.0000,True,0.6405821442604057,1.4872897379315806,19.864276118641527,2,10.139135837554932,1.3320263968621422,20.76416981288619,0.06415023614242163,0,2591.7385694741665,83.05000796147597,31.206963527868382,1266.2366870598285,61.217755093988714,20.684141146552477,629.2045880202672,262.58345305028183,3611863.96875,134527.89942894626,602695.5000000009,2858574.801973556,6,0.234375,14.0625,158.78903805450466,1.0373430764468607,1073.354101413869,1.8066545555286133,8.8064641165701,,0.0,120.0,0,3,1771527564090,686,False,54.4276237487793,16,2.1758735595119263
44.144421100616455,1771527564.144421,breathing_no_rate,,AppState.ESTIMATE_BREATHING_RATE,0.0000;3.0000,True,0.6405821442604057,1.4711455370381943,19.860441723687373,2,10.139135837554932,1.3176411159607422,19.4789162304251,0.0676444777679678,0,2278.3974854187536,83.00166018166308,27.45002305260699,890.3214175580074,61.126848807691104,14.565145020716662,296.63397708267416,106.43226274018787,2391966.125,101165.87840429456,347187.00000000047,2085599.2611664732,6,0.234375,14.0625,159.6944019795308,1.0369208892894273,1079.5025869456915,1.8115990128378108,8.8064641165701,,0.0,120.0,0,3,1771527564144,687,False,54.120779037475586,16,2.3166981009168386
44.18846368789673,1771527564.1884637,breathing_no_rate,,AppState.ESTIMATE_BREATHING_RATE,0.0000;3.0000,True,0.6405821442604057,1.4369633910373507,19.87879862293994,2,10.139135837554932,1.1119482002765653,21.705325395960866,0.05122928036970401,0,694.3252823110001,82.7752760500512,8.388075708533774,310.1891119240809,60.94388791543206,5.089749317428202,1209.0599782511604,644.7670461590394,259475.40625,7401.958659112542,23876.50000000003,168883.23497007633,6,0.234375,14.0625,160.56821122151257,1.0366108874626265,1085.4912204174645,1.8170272480484697,8.8064641165701,,0.0,120.0,0,3,1771527564188,688,False,44.04258728027344,16,2.430866316912387
44.24270415306091,1771527564.2427042,breathing_no_rate,,AppState.ESTIMATE_BREATHING_RATE,0.0000;3.0000,True,0.40036384016275356,1.4052539132774267,19.89554096104381,0,10.139135837554932,1.1037496729406056,21.56141755430417,0.051190960432426665,0,1245.97202579452,82.71488370905817,15.063456175094752,1245.97202579452,107.73368965519302,11.565296146179989,674.0754798668081,617.390423293758,821386.09375,64493.95596953706,218445.5,573507.4557178996,6,0.234375,14.0625,161.41277622353988,1.0364290674413585,1091.31339880747,1.8228475669227882,8.8064641165701,,0.0,120.0,0,3,1771527564242,689,False,54.24046516418457,16,2.5210255107238275
44.28682231903076,1771527564.2868223,breathing_no_rate,,AppState.ESTIMATE_BREATHING_RATE,0.0000;3.0000,True,0.40036384016275356,1.387101993461927,19.91145391265266,0,10.139135837554932,1.2145075144212172,21.49480585850409,0.056502371892054724,0,2458.749447921901,82.86934926044121,29.670191329304277,2458.749447921901,107.68535004596454,22.83272002040735,559.1402968384291,559.1402968384291,2874466.46875,57401.00566899088,217095.25,2379795.7809573538,6,0.234375,14.0625,162.23034144552892,1.0363878650486702,1096.9639950453725,1.8289633162245522,8.8064641165701,,0.0,120.0,0,3,1771527564286,690,False,44.11816596984863,16,2.5884489482380606
44.34102916717529,1771527564.3410292,breathing_no_rate,,AppState.ESTIMATE_BREATHING_RATE,0.0000;3.0000,True,0.40036384016275356,1.3639610211235451,19.92745136966375,0,10.139135837554932,1.143928974605353,21.51921167345918,0.05315849817877226,0,1281.6102694705985,82.65482872720317,15.505570445073008,1281.6102694705985,107.59340861358328,11.911605794194424,863.5082515116824,580.3755856069686,665571.046875,46534.50491916749,160264.25,623375.3466830021,6,0.234375,14.0625,163.02283795521998,1.036497360349414,1102.435870806335,1.835267783894988,8.8064641165701,,0.0,120.0,0,3,1771527564341,691,False,54.20684814453125,16,2.63254780627297
44.404027700424194,1771527564.4040277,breathing_no_rate,,AppState.ESTIMATE_BREATHING_RATE,0.0000;3.0000,True,0.6405821442604057,1.3412768886849389,19.94444181828745,2,10.139135837554932,1.125588627579432,21.635005615029236,0.05202626925807177,0,1440.4838935775194,82.39236530034937,17.48322054244907,444.7474924395303,60.54126057385158,7.3461881734301935,598.2599261615887,443.7776540021161,863712.0,40875.27426599503,143058.75000000012,832489.6905323808,6,0.234375,14.0625,163.79227919424204,1.0346306013616366,1107.722462257866,1.841637564675364,8.8064641165701,,0.0,120.0,0,3,1771527564404,692,False,62.99853324890137,16,2.6507214689921486
44.438618421554565,1771527564.4386184,breathing_no_rate,,AppState.ESTIMATE_BREATHING_RATE,0.0000;3.0000,True,0.6405821442604057,1.3328683585500747,19.95084001048006,2,10.139135837554932,1.2529172628601404,20.58746546546274,0.060858256928282874,0,2226.0145334487374,82.38640753950064,27.019196490081725,722.8650705050355,60.44382538515375,11.959287253692365,365.9654030312522,155.57481808459409,2125942.109375,80276.73767267169,308657.5,1997964.6516693335,6,0.234375,14.0625,164.54044154848788,1.0322240716110176,1112.819540058362,1.8479660188205862,8.8064641165701,,0.0,120.0,0,3,1771527564438,693,False,34.590721130371094,16,2.6466669846545208
44.4933226108551,1771527564.4933226,breathing_no_rate,,AppState.ESTIMATE_BREATHING_RATE,0.0000;3.0000,True,0.6405821442604057,1.3357137784612976,19.978961957513533,2,10.139135837554932,1.3627689754994776,22.77711912226089,0.059830611945466114,0,2851.644626899537,82.55923308441078,34.5405900748787,1580.9005765109014,60.45889884271246,26.148352132538225,1075.368303115973,659.695422189401,4710220.15625,166524.78791691177,694544.5,3468328.498619307,6,0.234375,14.0625,165.2688782357503,1.02976175595093,1117.720967845589,1.854128527031746,8.8064641165701,,0.0,120.0,0,3,1771527564493,694,False,54.70418930053711,16,2.6161529793174476
44.5376501083374,1771527564.53765,breathing_no_rate,,AppState.ESTIMATE_BREATHING_RATE,0.0000;3.0000,True,0.6405821442604057,1.3398273316583666,19.988101977596003,2,10.139135837554932,1.3789403609285917,20.897541592472173,0.06598576941506533,0,1960.9242579234162,82.62386345732368,23.733146525065685,869.6496645560786,60.507738355213974,14.372536276870578,90.3636188268602,48.41683125019665,1877749.203125,53116.54579526467,196886.5,1544719.3915247559,6,0.234375,14.0625,165.97993195137735,1.0272814436139819,1122.4239357020779,1.8599333687454838,8.8064641165701,,0.0,120.0,0,3,1771527564537,695,False,44.327497482299805,16,2.5431992501578606
44.59187984466553,1771527564.5918798,breathing_no_rate,,AppState.ESTIMATE_BREATHING_RATE,0.0000;3.0000,True,0.40036384016275356,1.3534757377637319,20.004601702861653,0,10.139135837554932,1.4832493135306382,21.64633811654183,0.06852195070946608,0,3102.3298011837005,82.85147997731985,37.444470539277056,3102.3298011837005,107.79937919180061,28.77873531753038,1107.6432046296497,1107.6432046296497,4674516.6875,120799.2333517524,487348.25,3942789.315949881,6,0.234375,14.0625,166.67572678867563,1.0248274119173437,1126.9249922361535,1.865205540834896,8.8064641165701,,0.0,120.0,0,3,1771527564591,696,False,54.229736328125,16,2.4273178647391673
44.63600492477417,1771527564.636005,breathing_no_rate,,AppState.ESTIMATE_BREATHING_RATE,0.0000;3.0000,True,0.40036384016275356,1.3598074954190897,20.01687138872809,0,10.139135837554932,1.4200119490001046,21.23771535716006,0.06686274512359451,0,2515.921310188874,82.84984540939406,30.36724205973274,2515.921310188874,108.19114719425926,23.25441013808861,489.50234565956794,489.50234565956794,2944607.640625,119238.70428793397,393412.25,2581711.2890146174,6,0.234375,14.0625,167.35734234403742,1.0224391117492242,1131.2220553649356,1.869880099251295,8.8064641165701,,0.0,120.0,0,3,1771527564636,697,False,44.12508010864258,16,2.2886596086903834
44.69039463996887,1771527564.6903946,breathing_no_rate,,AppState.ESTIMATE_BREATHING_RATE,0.0000;3.0000,True,0.40036384016275356,1.3691437488283755,20.013794026497912,0,10.139135837554932,1.4579159453644017,19.707593920130606,0.07397736888627561,0,2197.3012566555367,82.70143655059266,26.569082089460043,2197.3012566555367,108.59575440327885,20.233767597170072,243.77419030246904,160.4791097740981,2089787.0625,68908.42017611463,229764.5,1972391.03112676,6,0.234375,14.0625,168.02497949386634,1.0201526934392873,1135.3143170304033,1.8739165010071006,8.8064641165701,,0.0,120.0,0,3,1771527564690,698,False,54.38971519470215,16,2.1291876740199642
44.74462342262268,1771527564.7446234,breathing_no_rate,,AppState.ESTIMATE_BREATHING_RATE,0.0000;3.0000,True,0.40036384016275356,1.3541092024896741,20.038310537714,0,10.139135837554932,1.2111557452621988,22.4777238341069,0.05388249068931755,0,643.6119997716015,82.45484172422744,7.805630164404105,643.6119997716015,108.30891351595433,5.942373336344589,1321.0362200379511,1308.3925862327956,169975.203125,20851.60663103586,63698.50000000003,152199.11226774164,6,0.234375,14.0625,168.67827698229237,1.018009499690001,1139.2000982684508,1.877210541761304,8.8064641165701,,0.0,120.0,0,3,1771527564744,699,False,54.228782653808594,16,1.925333634963659
44.79451036453247,1771527564.7945104,breathing_no_rate,,AppState.ESTIMATE_BREATHING_RATE,0.0000;3.0000,True,0.40036384016275356,1.327640767941521,20.090168300909856,0,10.139135837554932,1.0759701061991278,25.25005895362811,0.04261257797981942,0,489.9063207644907,82.17036682253348,5.962080245018234,489.9063207644907,107.94140732753554,4.538631956811428,1373.0868487802572,1373.0868487802572,157689.828125,9501.830007424376,31785.25000000003,79749.59255412883,6,0.234375,14.0625,169.31648296986444,1.0160452441367924,1142.8858731011148,1.8796481738609445,8.8064641165701,,0.0,120.0,0,3,1771527564794,700,False,49.88694190979004,16,1.6575137464601006
44.83861207962036,1771527564.838612,breathing_no_rate,,AppState.ESTIMATE_BREATHING_RATE,0.0000;3.0000,True,0.40036384016275356,1.3046878256023926,20.16738372081932,0,10.139135837554932,1.0864436307326797,27.850382347887063,0.03901000773068724,1,463.1038794104407,81.9269465748722,5.652644200300594,384.1229102204788,107.53246541968477,3.5721575685791866,1388.8377767804898,1388.8377767804898,115333.53125,7782.075672496434,31374.99999999994,73324.5322728234,6,0.234375,14.0625,169.9367304438992,1.014282026948758,1146.3748387226794,1.881213769992534,8.8064641165701,,0.0,120.0,0,3,1771527564838,701,False,44.101715087890625,16,1.329058792236678
44.89310002326965,1771527564.8931,breathing_no_rate,,AppState.ESTIMATE_BREATHING_RATE,0.0000;3.0000,True,0.40036384016275356,1.295750190381955,20.25599732682552,0,10.139135837554932,1.210768187904723,29.073124968990687,0.04164561563830786,0,642.084073179868,81.65601122981609,7.86327991658687,642.084073179868,107.11223543290902,5.994497926206108,1062.0297164336728,1062.0297164336728,267214.484375,18846.95708601523,64098.75,148163.374813019,6,0.234375,14.0625,170.53477741887752,1.0127218435420027,1149.672201852266,1.8820283789633097,8.8064641165701,,0.0,120.0,0,3,1771527564893,702,False,54.48794364929199,16,0.9589949135018725
44.93742299079895,1771527564.937423,breathing_no_rate,,AppState.ESTIMATE_BREATHING_RATE,0.0000;3.0000,True,0.40036384016275356,1.3156304552930744,20.38434417277462,0,10.139135837554932,1.5046586132180633,33.154962300237194,0.04538260666826083,0,3797.2272130875313,81.79429414013183,46.424108832525796,3797.2272130875313,107.55499906441581,35.30498113600491,1965.6862901112718,1965.6862901112718,7489527.75,278467.4160071151,1432780.0,6025565.89208042,6,0.234375,14.0625,171.105377072247,1.0113425128258844,1152.7859535550201,1.8823187590344164,8.8064641165701,,0.0,120.0,0,3,1771527564937,703,False,44.322967529296875,16,0.5726494712130854
44.99170184135437,1771527564.9917018,breathing_no_rate,,AppState.ESTIMATE_BREATHING_RATE,0.0000;3.0000,True,0.40036384016275356,1.3724371319912414,20.519661562293294,0,10.139135837554932,1.9125738707169315,33.98385458370433,0.05627889755559851,0,3090.4504551319055,82.02830331763388,37.67541604666918,3090.4504551319055,108.18856987988912,28.565406295086035,1221.470122759269,1182.2680892952092,5357298.6875,171689.10034698495,662569.7500000009,3988810.106931428,6,0.234375,14.0625,171.64264275679022,1.0101085451418639,1155.7197173629754,1.8823504271245912,8.8064641165701,,0.0,120.0,0,3,1771527564991,704,False,54.27885055541992,16,0.1891189175613917
45.035855770111084,1771527565.0358558,breathing_no_rate,,AppState.ESTIMATE_BREATHING_RATE,0.0000;3.0000,True,0.40036384016275356,1.4566819385356662,20.661271727277388,0,10.139135837554932,2.257709523783414,34.751601151468904,0.06496706479445241,0,3203.870913149436,82.19082157947635,38.98088438028809,3203.870913149436,109.05863258483417,29.377508567493194,1216.8080263322104,1216.8080263322104,5416509.609375,128653.86837842893,547188.75,4356626.149583091,6,0.234375,14.0625,172.14086033949158,1.0089738863891502,1158.4780612135944,1.882378797021414,8.8064641165701,,0.0,120.0,0,3,1771527565035,705,False,44.15392875671387,16,-0.17900137959345072
45.09027099609375,1771527565.090271,breathing_no_rate,,AppState.ESTIMATE_BREATHING_RATE,0.0000;3.0000,True,0.40036384016275356,1.5571596715917544,20.821304938798555,0,10.139135837554932,2.5125353105475368,36.74474284594203,0.0683780893776655,0,3607.185234015575,82.43729214384875,43.75671665291321,3607.185234015575,109.08922167888443,33.066376113679105,1544.600217103524,1521.4905463197715,7161995.109375,165471.66336344532,622197.5000000009,5495567.6154069705,6,0.234375,14.0625,172.5951215997941,1.0078816576328085,1161.064412161383,1.8826055167933242,8.8064641165701,,0.0,120.0,0,3,1771527565090,706,False,54.415225982666016,16,-0.5060424048062391
45.144527435302734,1771527565.1445274,breathing_no_rate,,AppState.ESTIMATE_BREATHING_RATE,0.0000;3.0000,True,0.40036384016275356,1.6216070595211645,20.961194983423926,0,10.139135837554932,2.2343942169276847,34.88037099849119,0.06405878587014682,0,2579.8621276448575,82.46703631592815,31.28355574377886,2579.8621276448575,109.0485460512769,23.657923200627494,500.1831257212589,464.08290675190483,3547904.109375,76654.9966462441,307098.5,2822113.3112080917,6,0.234375,14.0625,173.00153167446845,1.0067697626432208,1163.479762856538,1.8831304885165627,8.8064641165701,,0.0,120.0,0,3,1771527565144,707,False,54.256439208984375,16,-0.7701113399961413
45.18869185447693,1771527565.1886919,breathing_no_rate,,AppState.ESTIMATE_BREATHING_RATE,0.0000;3.0000,True,0.40036384016275356,1.6988341412797945,21.11788555417206,0,10.139135837554932,2.4331348697671293,36.7087279188692,0.06628218975820613,0,3740.7475047817984,82.43355765959151,45.37894045752333,3740.7475047817984,109.58092651187127,34.136848663552904,1526.0414661162945,1526.0414661162945,7063302.328125,247302.13416399807,856894.0,5819565.272664446,6,0.234375,14.0625,173.35773920823692,1.0055842157609343,1165.724791562287,1.8839629176493762,8.8064641165701,,0.0,120.0,0,3,1771527565188,708,False,44.164419174194336,16,-0.9699234450185202
45.24292063713074,1771527565.2429206,breathing_no_rate,,AppState.ESTIMATE_BREATHING_RATE,0.0000;3.0000,True,0.40036384016275356,1.768298981845724,21.292251274972084,0,10.139135837554932,2.4287937444374563,38.641785799099836,0.06285407607717709,0,3920.9067634485077,82.80882022283134,47.348902603011844,3920.9067634485077,109.97691887532295,35.65208776086783,1602.3285385640456,1602.3285385640456,7590102.78125,175351.03708797134,807345.2499999981,6295628.569328805,6,0.234375,14.0625,173.66230819962308,1.0042831471601479,1167.7974257827002,1.8850661291328694,8.8064641165701,,0.0,120.0,0,3,1771527565242,709,False,54.228782653808594,16,-1.1168754799927123
45.286983013153076,1771527565.286983,breathing_no_rate,,AppState.ESTIMATE_BREATHING_RATE,0.0000;3.0000,True,0.40036384016275356,1.8124809748438144,21.429357720486898,0,10.139135837554932,2.2325780302513842,35.07156330439174,0.06365778482158958,0,2282.3186709188967,82.99284132860745,27.50018717704374,2282.3186709188967,110.01088245930143,20.746299092205675,158.43373391963087,34.05210024278813,2772243.5625,88340.85471535723,338039.5,2295286.9481608286,6,0.234375,14.0625,173.9143534766669,1.0028362348215514,1169.6935338262854,1.8863958422416922,8.8064641165701,,0.0,120.0,0,3,1771527565286,710,False,44.06237602233887,16,-1.2265760175501492
45.34111547470093,1771527565.3411155,breathing_no_rate,,AppState.ESTIMATE_BREATHING_RATE,0.0000;3.0000,True,0.40036384016275356,1.846674866109281,21.5346441545934,0,10.139135837554932,2.171801734744881,32.01073208673944,0.06784605015568237,0,2403.140985805088,83.00076205279004,28.95324002263608,2403.140985805088,110.02905417735711,21.840967404023996,225.92579739357961,81.48771079565358,3175048.71875,121279.33413054136,540742.2500000009,2554268.849552835,6,0.234375,14.0625,174.11396356975618,1.0012228813109332,1171.4123997453664,1.887914415304308,8.8064641165701,,0.0,120.0,0,3,1771527565341,711,False,54.13246154785156,16,-1.3112855395064669
45.38526201248169,1771527565.385262,breathing_no_rate,,AppState.ESTIMATE_BREATHING_RATE,0.0000;3.0000,True,0.40036384016275356,1.858017382191575,21.63405709261292,0,10.139135837554932,1.9658657901909755,31.52572726953202,0.062357507990894956,0,3127.4870266017892,83.02984933941951,37.66702037214593,3127.4870266017892,110.22756563587389,28.37300278321275,756.7752133494009,756.7752133494009,4627288.421875,92747.44507004642,453496.00000000093,3996321.954194337,7,0.2734375,16.40625,174.36059119074724,1.000568758496808,1172.9555753522131,1.889599237787582,8.8064641165701,,0.0,120.0,0,3,1771527565385,712,False,44.14653778076172,16,-1.3817857938484028
45.45868134498596,1771527565.4586813,breathing_no_rate,,AppState.ESTIMATE_BREATHING_RATE,0.0000;3.0000,True,0.40036384016275356,1.886539955268368,21.72464599646839,0,10.139135837554932,2.1577420480016176,30.738317420714832,0.07019714249151772,0,3090.0764262898906,83.17302919572148,37.15238528803872,3090.0764262898906,110.65894703500877,27.924325226810353,675.5702493618783,675.5702493618783,4305997.84375,154368.4832858307,704410.5,3889003.144662662,7,0.2734375,16.40625,174.80174216670372,1.0025534656001671,1174.3192148559965,1.8914530714810154,8.8064641165701,,0.0,120.0,0,3,1771527565458,713,False,73.41933250427246,16,-1.4501147024519314
45.49308919906616,1771527565.4930892,breathing_no_rate,,AppState.ESTIMATE_BREATHING_RATE,0.0000;3.0000,True,0.40036384016275356,1.908977475808975,21.79377926544189,0,10.139135837554932,2.1223208691267743,28.672597139266887,0.07401913606724708,0,2683.3771319051016,83.15313408001545,32.27030660432724,2683.3771319051016,110.69427210328764,24.241336799947785,252.5022982894061,252.5022982894061,3371681.640625,114384.47391681418,549404.2500000005,2898500.414161816,7,0.2734375,16.40625,175.22622584894552,1.0047443135440373,1175.4988132295077,1.8935034807675162,8.8064641165701,,0.0,120.0,0,3,1771527565493,714,False,34.407854080200195,16,-1.5258482949230077
45.5374276638031,1771527565.5374277,breathing_no_rate,,AppState.ESTIMATE_BREATHING_RATE,0.0000;3.0000,True,0.40036384016275356,1.9027512730576823,21.85891704938776,0,10.139135837554932,1.8435504705429215,28.340180833397707,0.06505076595366407,0,1697.5014600969419,83.07086939156841,20.43437696643153,1697.5014600969419,110.58575618109505,15.350091356266228,688.7261672928541,688.7261672928541,1430289.984375,44481.45191875526,161922.25,1179461.4151820817,7,0.2734375,16.40625,175.63465302643394,1.007150253388654,1176.4914212607343,1.8957891976714145,8.8064641165701,,0.0,120.0,0,3,1771527565537,715,False,44.33846473693848,16,-1.6119476104011037
45.591901779174805,1771527565.5919018,breathing_no_rate,,AppState.ESTIMATE_BREATHING_RATE,0.0000;3.0000,True,0.40036384016275356,1.881405950388676,21.90342332393986,0,10.139135837554932,1.6784475369834322,26.33183473037429,0.06374214156006257,0,2166.326976777167,82.97713303148295,26.107517789619436,2166.326976777167,110.67926844428153,19.573014957613065,206.51326834375186,206.51326834375186,2396679.34375,55260.852373501264,249080.25,1969848.6315364153,7,0.2734375,16.40625,176.02786879027704,1.009780251120656,1177.296205478741,1.8983479579733253,8.8064641165701,,0.0,120.0,0,3,1771527565591,716,False,54.4741153717041,16,-1.7066007910933791
45.63657855987549,1771527565.6365786,breathing_no_rate,,AppState.ESTIMATE_BREATHING_RATE,0.0000;3.0000,True,0.40036384016275356,1.8303534183964298,21.98245583567995,0,10.139135837554932,1.3449289975929053,29.846256614135378,0.0450618988818476,0,537.7988994503429,82.7276345433353,6.50083738538573,537.7988994503429,110.3331628918011,4.874317796661593,1723.3254416691734,1723.3254416691734,137944.171875,13369.196160074578,43190.25000000003,99238.84409989839,7,0.2734375,16.40625,176.40716530363233,1.0126432482824719,1177.912061834365,1.9011990286402347,8.8064641165701,,0.0,120.0,0,3,1771527565636,717,False,44.676780700683594,16,-1.8027293441677403
45.69099760055542,1771527565.6909976,breathing_no_rate,,AppState.ESTIMATE_BREATHING_RATE,0.0000;3.0000,True,0.40036384016275356,1.7865995493404214,22.040164298833254,0,10.139135837554932,1.3705732384876717,27.782204472893046,0.04933277486225401,0,2031.1556949262283,82.66911823119887,24.569703153494043,2031.1556949262283,110.20964498073934,18.429926847716196,215.96833210659202,215.96833210659202,2216386.46875,58385.57257348271,209887.5000000007,1797183.5227082928,7,0.2734375,16.40625,176.77351949942013,1.0157452177238513,1178.338565554492,1.9043370816882927,8.8064641165701,,0.0,120.0,0,3,1771527565690,718,False,54.41904067993164,16,-1.8927736941201716
45.73523449897766,1771527565.7352345,breathing_no_rate,,AppState.ESTIMATE_BREATHING_RATE,0.0000;3.0000,True,0.40036384016275356,1.7347848059382196,22.093803909982196,0,10.139135837554932,1.2421130260367426,27.43098991890353,0.04528137809330327,0,1550.6114544954519,82.55228356289095,18.783386570952498,1550.6114544954519,110.07545510109237,14.086804847250429,701.9441029707268,654.1094234895629,1087312.546875,41476.108126887615,172145.75000000023,975491.7486784784,7,0.2734375,16.40625,177.12717904305055,1.0190911587879312,1178.5763452270123,1.9077971500503021,8.8064641165701,,0.0,120.0,0,3,1771527565735,719,False,44.23689842224121,16,-1.989239431061926
45.78811287879944,1771527565.7881129,breathing_no_rate,,AppState.ESTIMATE_BREATHING_RATE,0.0000;3.0000,True,0.40036384016275356,1.6675510999545913,22.167698984001422,0,10.139135837554932,1.0282707055848448,29.520320428040517,0.034832640386019895,0,782.2667883305542,82.35297248209781,9.498950247255582,782.2667883305542,109.77629496975202,7.1260082929468105,1335.8561800753885,1335.8561800753885,310873.75,20039.706497546624,96536.25,239278.35920927903,7,0.2734375,16.40625,177.47062305862994,1.0226903454815208,1178.622874221463,1.9117280899701292,8.8064641165701,,0.0,120.0,0,3,1771527565788,720,False,52.878379821777344,16,-2.122332978642768
45.842469930648804,1771527565.84247,breathing_no_rate,,AppState.ESTIMATE_BREATHING_RATE,0.0000;3.0000,True,0.40036384016275356,1.611053355694491,22.230101986811263,0,10.139135837554932,1.0738540491384498,28.439252768806167,0.03775957328522204,0,1606.3033855427966,82.29018819106716,19.5199867789055,1606.3033855427966,109.53902748049713,14.664210760992255,498.3710992289841,480.66040079889535,1236738.53125,29537.003971828915,113578.25,1035535.0947034793,7,0.2734375,16.40625,177.80330846197833,1.0265538485162473,1178.4779391998027,1.9164013032753073,8.8064641165701,,0.0,120.0,0,3,1771527565842,721,False,54.357051849365234,16,-2.3166569802924206
45.886815547943115,1771527565.8868155,breathing_no_rate,,AppState.ESTIMATE_BREATHING_RATE,0.0000;3.0000,True,0.40036384016275356,1.564246966009141,22.270971255406476,0,10.139135837554932,1.1191962757443368,26.33749753829726,0.04249440456802789,0,1908.4986839299888,82.24226420108513,23.20581397467899,1908.4986839299888,109.44676669948971,17.43768903792979,203.3377029207645,167.60028440873816,1805035.390625,58045.77514388489,191719.75,1452017.415760445,7,0.2734375,16.40625,178.12604514254537,1.0307016128161404,1178.141257672341,1.9221863580995129,8.8064641165701,,0.0,120.0,0,3,1771527565886,722,False,44.34561729431152,16,-2.581071874352137
45.94121861457825,1771527565.9412186,breathing_no_rate,,AppState.ESTIMATE_BREATHING_RATE,0.0000;3.0000,True,0.40036384016275356,1.5220638439104677,22.289155538585543,0,10.139135837554932,1.1209727165293062,24.0985068684471,0.04651627267208464,0,2158.426122924989,82.31497193450852,26.22154964246426,2158.426122924989,109.45378152381643,19.719977627594435,170.54453253847026,77.31514081329351,2437448.4375,89823.81600830023,342025.5,1861154.3699431517,7,0.2734375,16.40625,178.4399584168257,1.0351612790679443,1177.6122430265611,1.9295244113534447,8.8064641165701,,0.0,120.0,0,3,1771527565941,723,False,54.403066635131836,16,-2.9119096180164363
45.98550605773926,1771527565.985506,breathing_no_rate,,AppState.ESTIMATE_BREATHING_RATE,0.0000;3.0000,True,0.40036384016275356,1.4720129248997202,22.314549238812,0,10.139135837554932,0.9961121728044809,24.841243572725954,0.040099126674078715,0,1169.5059887886423,82.08670683713889,14.247203156714647,1169.5059887886423,109.19511468263576,10.7102409496705,906.4209052324925,856.1071833355286,591841.40625,33226.40954189748,105633.24999999988,534712.4974728798,7,0.2734375,16.40625,178.74678736513275,1.0399670853027583,1176.8911172259197,1.9389196875728676,8.8064641165701,,0.0,120.0,0,3,1771527565985,724,False,44.28744316101074,16,-3.302049402211113
46.03976130485535,1771527566.0397613,breathing_no_rate,,AppState.ESTIMATE_BREATHING_RATE,0.0000;3.0000,True,0.40036384016275356,1.4237158759703814,22.379955767458146,0,10.139135837554932,0.9644915027971847,28.887959873099202,0.03338731800378686,2,488.13616344468886,81.88185909262201,5.96146898529214,102.57742883427134,108.75985175973811,0.9431552836237075,1805.9628081238889,1805.9628081238889,133209.546875,8441.45352987396,33276.25,83940.70586028569,7,0.2734375,16.40625,179.05036439213572,1.0451551552339202,1175.9757376752698,1.9509121991845733,8.8064641165701,,0.0,120.0,0,3,1771527566039,725,False,54.25524711608887,16,-3.7409432260937194
46.09426665306091,1771527566.0942667,breathing_no_rate,,AppState.ESTIMATE_BREATHING_RATE,0.0000;3.0000,True,0.40036384016275356,1.3780425648268684,22.460177877664655,0,10.139135837554932,0.9437655614573528,30.442344694859433,0.0310017369189607,1,649.4828952713074,81.67956960179554,7.951595465423196,625.7807248749358,108.44828913160372,5.7703144040361085,1204.666100811116,1204.666100811116,277111.96875,9177.358938439802,34617.75,148568.69746923173,7,0.2734375,16.40625,179.35368881494833,1.050760794079348,1174.8640326165296,1.9659979985831575,8.848925006330507,,0.0,120.0,0,3,1771527566094,726,False,54.505348205566406,16,-4.210334482168602
46.138378381729126,1771527566.1383784,breathing_no_rate,,AppState.ESTIMATE_BREATHING_RATE,0.0000;3.0000,True,0.40036384016275356,1.3402526726108535,22.53308326896011,0,10.139135837554932,0.9809338332637131,29.787230457249315,0.032931354079346845,0,1148.708685668934,81.59090787734301,14.07888103637391,1148.708685668934,108.46775385198525,10.590324265641824,709.4386974995874,640.2344470436956,594543.5625,19439.342217463432,80309.0,509006.2417355336,7,0.2734375,16.40625,179.65813787236692,1.0568132163418822,1173.5657403858315,1.9845601865613944,9.328931779921948,,0.0,120.0,0,3,1771527566138,727,False,44.11172866821289,16,-4.6903412557600435
46.192535400390625,1771527566.1925354,breathing_no_rate,,AppState.ESTIMATE_BREATHING_RATE,0.0000;3.0000,True,0.40036384016275356,1.306211532121057,22.592777335368822,0,10.139135837554932,0.9825370685653503,28.532386688008245,0.03443585281787383,0,1318.0934755002202,81.51550938129793,16.16984897093043,1318.0934755002202,108.36127521193815,12.16387932783244,487.29276037941327,442.18469267178057,815447.3125,34653.13354760244,140851.00000000023,686225.086259814,7,0.2734375,16.40625,179.96729760942972,1.0633328506787503,1172.0825571301928,2.0068742613346764,9.807686191384736,,0.0,120.0,0,3,1771527566192,728,False,54.15701866149902,16,-5.169095667222829
46.23668384552002,1771527566.2366838,breathing_no_rate,,AppState.ESTIMATE_BREATHING_RATE,0.0000;3.0000,True,0.40036384016275356,1.2732750176940557,22.626212083059816,0,10.139135837554932,0.9601037054182561,25.952997340556927,0.036993943041827446,0,1808.2633080959888,81.48695735513631,22.19083110678716,1808.2633080959888,108.45510874975294,16.672919597099526,128.2791081808573,45.063841557665455,1524521.78125,47098.53087310977,202167.5,1337069.806708136,7,0.2734375,16.40625,180.2836440535348,1.0703477401586434,1170.4179512136566,2.0332005573695273,10.287312654347279,,0.0,120.0,0,3,1771527566236,729,False,44.14844512939453,16,-5.648722130185372
46.29094409942627,1771527566.290944,breathing_no_rate,,AppState.ESTIMATE_BREATHING_RATE,0.0000;3.0000,True,0.40036384016275356,1.2542486775050437,22.662761937599615,0,10.139135837554932,1.0733399192937034,26.299502922471056,0.04081217513566762,0,2629.156754223918,81.57603225261192,32.2295247953483,2629.156754223918,108.61183137704563,24.20690932899015,813.2384748650331,813.2384748650331,3287531.796875,64825.07357630676,291297.0,2843392.910624553,7,0.2734375,16.40625,180.61081697659077,1.077890932032601,1168.578583863283,2.0638671594142433,10.778048445367837,,0.0,120.0,0,3,1771527566290,730,False,54.26025390625,16,-6.139457921205931
46.335009813308716,1771527566.3350098,breathing_no_rate,,AppState.ESTIMATE_BREATHING_RATE,0.0000;3.0000,True,0.40036384016275356,1.2588513156297494,22.70821195281788,0,10.139135837554932,1.302614726741129,27.230526341984696,0.04783656071623151,0,2871.0280177849622,81.61827174863419,35.17629026245376,2871.0280177849622,108.76720762242691,26.39608095599012,990.8754700663751,990.8754700663751,3788811.015625,173454.09495241512,661351.7500000005,3357629.577237389,7,0.2734375,16.40625,180.95248137228754,1.0860016183169543,1166.5720100978515,2.0992196386834956,11.283335208328072,,0.0,120.0,0,3,1771527566335,731,False,44.06571388244629,16,-6.644744684166167
46.390533447265625,1771527566.3905334,breathing_no_rate,,AppState.ESTIMATE_BREATHING_RATE,0.0000;3.0000,True,0.40036384016275356,1.2860497668080952,22.755091897824006,0,10.139135837554932,1.5446616689955663,27.41968549248927,0.05633404035076705,0,2753.398255451797,81.79159080582909,33.663586051952734,2753.398255451797,109.12239755661521,25.232200877899867,820.0831815127935,820.0831815127935,3450510.9375,86633.49429288048,378871.25000000093,3101613.459526971,7,0.2734375,16.40625,181.31259507652024,1.094712918811834,1164.4046935125216,2.1394997403697347,11.795462346565111,,0.0,120.0,0,3,1771527566390,732,False,55.52363395690918,16,-7.156871822403206
46.43572497367859,1771527566.435725,breathing_no_rate,,AppState.ESTIMATE_BREATHING_RATE,0.0000;3.0000,True,0.40036384016275356,1.310410972452242,22.796445813743663,0,10.139135837554932,1.5420454022917167,26.91119490928866,0.05730126095969687,0,2634.8436512260555,81.70405291315726,32.24862852268009,2634.8436512260555,109.92249758253242,23.9700125920427,658.8200577327957,658.8200577327957,3096562.546875,123516.32469334464,500626.00000000047,2820405.002827469,7,0.2734375,16.40625,181.69410349163127,1.1040453257566563,1162.086246629942,2.1847606379556903,12.301225308328362,,0.0,120.0,0,3,1771527566435,733,False,45.19152641296387,16,-7.662634784166458
46.50962948799133,1771527566.5096295,breathing_no_rate,,AppState.ESTIMATE_BREATHING_RATE,0.0000;3.0000,True,0.40036384016275356,1.3430498852285002,22.82764054000404,0,10.139135837554932,1.6533915022217245,25.9315417984735,0.0637598610606059,0,2464.8564169642823,81.66698561150136,30.18179743598824,2464.8564169642823,109.95826246331193,22.416291070116504,459.07305761699104,459.07305761699104,2696759.828125,123873.08135574941,558112.0,2486630.068166034,7,0.2734375,16.40625,182.09858170668065,1.1108342711681713,1159.6283243334517,2.234830985106668,12.786421281466927,,0.0,120.0,0,3,1771527566509,734,False,73.90451431274414,16,-8.147830757305021
46.543917417526245,1771527566.5439174,breathing_no_rate,,AppState.ESTIMATE_BREATHING_RATE,0.0000;3.0000,True,0.40036384016275356,1.3904125812701977,22.851319447427688,0,10.139135837554932,1.8407528170341412,25.20739046847066,0.07302433067252741,0,2575.40781054671,81.76339906984848,31.498296790659396,2575.40781054671,110.43068244603242,23.321487773853004,534.9461532650519,534.9461532650519,2936951.28125,87045.70539677676,338406.24999999953,2711810.850820492,7,0.2734375,16.40625,182.52617727822857,1.112062521314486,1157.04444143873,2.2893182220027417,13.238155448056967,,0.0,120.0,0,3,1771527566543,735,False,34.28792953491211,16,-8.59956492389506
46.588457107543945,1771527566.588457,breathing_no_rate,,AppState.ESTIMATE_BREATHING_RATE,0.0000;3.0000,True,0.40036384016275356,1.4350540927066637,22.864060218559676,0,10.139135837554932,1.8595204019610543,24.131777563484217,0.07705691787486849,0,2478.767758698362,81.91123214679989,30.261634377879894,2478.767758698362,110.86843278395838,22.357741481799483,411.62236349187515,411.62236349187515,2677540.828125,80896.2960689157,403426.0,2498507.463375315,7,0.2734375,16.40625,182.9754268748169,1.1133103137893656,1154.3484648348692,2.347644827791272,13.646225883033573,,0.0,120.0,0,3,1771527566588,736,False,44.539690017700195,16,-9.007635358871667
46.64326047897339,1771527566.6432605,breathing_no_rate,,AppState.ESTIMATE_BREATHING_RATE,0.0000;3.0000,True,0.40036384016275356,1.4735920472978925,22.85940428478998,0,10.139135837554932,1.8400237120239644,22.396134994766996,0.08215809166946618,0,2246.2163325245415,81.84366802049253,27.44520604739605,2246.2163325245415,110.95053141907576,20.2452057126254,213.41963062489958,168.16923655253095,2055784.390625,47296.65977593648,215314.49999999953,2035612.8756552178,7,0.2734375,16.40625,183.44338827750283,1.1145673444597441,1151.5547402322015,2.409087389617147,14.00233678338822,,0.0,120.0,0,3,1771527566643,737,False,54.80337142944336,16,-9.363746259226314
46.687565088272095,1771527566.687565,breathing_no_rate,,AppState.ESTIMATE_BREATHING_RATE,0.0000;3.0000,True,0.40036384016275356,1.4945652804561362,22.844728471280455,0,10.139135837554932,1.6939857432798804,21.384472797258336,0.07921568884400308,0,2415.855673009565,81.74894284468095,29.552133506729525,2415.855673009565,110.78859819349776,21.80599549394377,317.2430510061031,317.2430510061031,2412343.1875,65925.39066534908,255895.0,2350109.792182249,7,0.2734375,16.40625,183.92616103103384,1.1158266335399596,1148.6760986649683,2.472803598260794,14.298646187963799,,0.0,120.0,0,3,1771527566687,738,False,44.304609298706055,16,-9.660055663801893
46.74191951751709,1771527566.7419195,breathing_no_rate,,AppState.ESTIMATE_BREATHING_RATE,0.0000;3.0000,True,0.40036384016275356,1.5258858573554093,22.832143546517806,0,10.139135837554932,1.8236922992155502,21.57993304521439,0.08450870979581039,0,2806.791463631115,81.70528177290258,34.35263183349831,2806.791463631115,111.06884181424083,25.270736758920343,665.0654591015559,665.0654591015559,3388722.765625,91196.82134072512,423099.50000000047,3203906.3359780046,7,0.2734375,16.40625,184.41807122847763,1.1170726494905456,1145.7259805468002,2.537872589039096,14.528580048288887,,0.0,120.0,0,3,1771527566741,739,False,54.35442924499512,16,-9.889989524126982
46.79352068901062,1771527566.7935207,breathing_no_rate,,AppState.ESTIMATE_BREATHING_RATE,0.0000;3.0000,True,0.40036384016275356,1.5643074275714528,22.815959930137616,0,10.139135837554932,1.9296324710250752,21.205676613984238,0.09099603403654515,0,2682.3360162191184,81.74498478462161,32.81346278617111,2682.3360162191184,111.3863257144924,24.081376228087933,507.6980904892016,507.6980904892016,3157521.75,70355.51201631692,282088.0,2940025.7374428324,7,0.2734375,16.40625,184.91266482282467,1.1182913149221299,1142.7163961425056,2.603340345916623,14.68722742397992,,0.0,120.0,0,3,1771527566793,740,False,51.60117149353027,16,-10.048636899818014
46.83779168128967,1771527566.8377917,breathing_no_rate,,AppState.ESTIMATE_BREATHING_RATE,0.0000;3.0000,True,0.40036384016275356,1.585969284406803,22.785662058471164,0,10.139135837554932,1.7919374097375054,19.770998579474963,0.09063464358887519,0,2357.442076601512,81.70092999216506,28.854531726857097,2357.442076601512,111.4053220241401,21.160946656296396,171.67517493979358,171.67517493979358,2421543.0,68474.41247973824,271545.00000000093,2263403.944269928,7,0.2734375,16.40625,185.40247386546778,1.1194663770858595,1139.6595920982102,2.6682464724778474,14.770100005179906,,0.0,120.0,0,3,1771527566837,741,False,44.270992279052734,16,-10.131509481018
46.89213228225708,1771527566.8921323,breathing_no_rate,,AppState.ESTIMATE_BREATHING_RATE,0.0000;3.0000,True,0.40036384016275356,1.582147740326273,22.772306641791875,0,10.139135837554932,1.5458112306670027,21.443431552707167,0.0720878664776842,0,1086.1659130284838,81.472388771541,13.331705739731042,1086.1659130284838,111.27284064334616,9.7612850246191,1032.6581272226063,1032.6581272226063,465772.734375,31077.607164296773,102579.0,476275.147493068,7,0.2734375,16.40625,185.8793330044895,1.1205818295693453,1136.5679386396882,2.731629686052013,14.771628131367487,,0.0,120.0,0,3,1771527566892,742,False,54.34060096740723,16,-10.133037607205582
46.936434745788574,1771527566.9364347,breathing_no_rate,,AppState.ESTIMATE_BREATHING_RATE,0.0000;3.0000,True,0.40036384016275356,1.5581643158387795,22.763060321802655,0,10.139135837554932,1.3301219546392442,21.84304377762126,0.0608945332033392,0,1375.804334346367,81.31898152424728,16.91861246342858,1375.804334346367,111.00188315207421,12.394423367116218,697.785238391584,697.785238391584,973159.46875,38689.99158524344,134351.49999999965,715824.5897006941,7,0.2734375,16.40625,186.33466835392625,1.1216324317394297,1133.4547834481814,2.792465033509479,14.771628131367487,,0.0,120.0,0,3,1771527566936,743,False,44.30246353149414,16,-10.040820011121783
46.990851163864136,1771527566.9908512,breathing_no_rate,,AppState.ESTIMATE_BREATHING_RATE,0.0000;3.0000,True,0.40036384016275356,1.5613798401021306,22.74670814017973,0,10.139135837554932,1.5919541121745497,21.119652441903654,0.07537785560052894,0,2502.634777214806,81.4381607550412,30.73049236354662,2502.634777214806,111.14101566211475,22.517652572122167,402.9252628261215,402.9252628261215,3107126.0625,76506.3187012852,318373.99999999907,2494265.1112865363,7,0.2734375,16.40625,186.7572981208124,1.122592954114135,1130.3415778087135,2.84967427454616,14.771628131367487,,0.0,120.0,0,3,1771527566990,744,False,54.41641807556152,16,-9.840465044454293
47.035003662109375,1771527567.0350037,breathing_no_rate,,AppState.ESTIMATE_BREATHING_RATE,0.0000;3.0000,True,0.40036384016275356,1.5779814694897059,22.731110704035068,0,10.139135837554932,1.7358352725309056,21.179152809799273,0.08195961793362204,0,2752.4595208762835,81.3357199685373,33.840722402250364,2752.4595208762835,111.29959869790439,24.730183693855295,613.011088760361,613.011088760361,3614704.390625,104888.19500454873,441820.75,3034484.1628692932,7,0.2734375,16.40625,187.1375886795652,1.1234539179311036,1127.2590329055965,2.9023117678883703,14.771628131367487,,0.0,120.0,0,3,1771527567035,745,False,44.15249824523926,16,-9.530531889875805
47.089377880096436,1771527567.0893779,breathing_no_rate,,AppState.ESTIMATE_BREATHING_RATE,0.0000;3.0000,True,0.40036384016275356,1.5880270496665294,22.71075724183832,0,10.139135837554932,1.6835437605656194,20.68557079207142,0.08138734857292496,0,2625.283414759728,81.322448980241,32.282394930891876,2625.283414759728,111.50698597829238,23.543667616011625,456.257723030767,456.257723030767,3186758.46875,79950.67709746293,328411.00000000047,2758984.749570004,7,0.2734375,16.40625,187.46773880667462,1.1242131352940528,1124.2567197887706,2.9496875011455894,14.771628131367487,,0.0,120.0,0,3,1771527567089,746,False,54.37421798706055,16,-9.119913756026342
47.14349722862244,1771527567.1434972,breathing_no_rate,,AppState.ESTIMATE_BREATHING_RATE,0.0000;3.0000,True,0.40036384016275356,1.6161650967252383,22.6860199502304,0,10.139135837554932,1.8837109884371446,20.22463882086729,0.09313941302133108,0,2641.0709623417924,81.25119747443033,32.505009703277665,2641.0709623417924,111.53871167443364,23.678514146972052,443.30751804909914,443.30751804909914,2961012.171875,110082.0296173962,406393.75,2807294.797451977,7,0.2734375,16.40625,187.7409203942003,1.124864261461813,1121.3942638795245,2.991370721538937,14.771628131367487,,0.0,120.0,0,3,1771527567143,747,False,54.11934852600098,16,-8.619323162508822
47.18755507469177,1771527567.187555,breathing_no_rate,,AppState.ESTIMATE_BREATHING_RATE,0.0000;3.0000,True,0.40036384016275356,1.6200305006199345,22.65139591546338,0,10.139135837554932,1.6567840439513322,19.206275602830562,0.08626264030184476,0,2482.440288336509,81.15125938377855,30.59028667153547,2482.440288336509,111.57420099148266,22.249232046965446,267.3459370015007,267.3459370015007,2523393.390625,116309.54538717624,454938.74999999907,2430842.0595361693,7,0.2734375,16.40625,187.9542901401631,1.1254250088744389,1118.6842753570756,3.0271842764296264,14.771628131367487,,0.0,120.0,0,3,1771527567187,748,False,44.05784606933594,16,-8.041377676413033
47.241777658462524,1771527567.2417777,breathing_no_rate,,AppState.ESTIMATE_BREATHING_RATE,0.0000;3.0000,True,0.40036384016275356,1.619748083013845,22.61388124706294,0,10.139135837554932,1.6170627626680978,18.881140479047595,0.08564433723571456,0,1754.70888900588,80.97541626420471,21.6696495052151,1754.70888900588,111.41147102676992,15.74980451131921,578.873605698798,432.3575499147589,1214227.28125,52011.598310637884,194003.50000000023,1215087.09096055,7,0.2734375,16.40625,188.10722023427294,1.1259124055680911,1116.0719486059647,3.0571915863279417,14.771628131367487,,0.0,120.0,0,3,1771527567241,749,False,54.22258377075195,16,-7.400859788935218
47.28592491149902,1771527567.285925,breathing_no_rate,,AppState.ESTIMATE_BREATHING_RATE,0.0000;3.0000,True,0.40036384016275356,1.6112705207657108,22.575917577590097,0,10.139135837554932,1.5306630448279577,18.79850082870368,0.08142474012658196,0,1658.6355285011382,80.71070250174276,20.5503790336204,1658.6355285011382,111.30119716485981,14.902225409394813,756.8214393208053,496.2604435256194,949408.234375,35034.82018253282,166681.49999999988,1117061.9391046753,7,0.2734375,16.40625,188.1982485961458,1.1263178156603633,1113.4893258901689,3.081632596944862,14.771628131367487,,0.0,120.0,0,3,1771527567285,750,False,44.14725303649902,16,-6.709077441171271
47.340017318725586,1771527567.3400173,breathing_no_rate,,AppState.ESTIMATE_BREATHING_RATE,0.0000;3.0000,True,0.6405821442604057,1.60749434877762,22.52704267861241,2,10.139135837554932,1.571589252034293,17.663949501317724,0.08897156617369639,0,2039.8387210298024,80.50739075204629,25.33728521008635,262.7282118107037,58.76454702733537,4.470862536965021,485.6982936417284,485.6982936417284,1497794.109375,44155.40515194682,193261.50000000023,1686745.7922049174,7,0.2734375,16.40625,188.2309993037325,1.126673235643204,1110.875749552395,3.10086704865562,14.771628131367487,,0.0,120.0,0,3,1771527567340,751,False,54.0924072265625,16,-5.972863405898742
47.39658856391907,1771527567.3965886,breathing_no_rate,,AppState.ESTIMATE_BREATHING_RATE,0.0000;3.0000,True,0.6405821442604057,1.5955862236523788,22.492971886707664,2,10.139135837554932,1.482359817121667,19.102899699906143,0.0775986808458902,0,1657.90296878504,80.26766465496397,20.65468051040222,243.67326516515922,58.612640178323936,4.157350094103369,571.8458234469429,474.0242517174138,1022653.8125,32797.22574294349,159614.50000000023,1110924.4217597076,7,0.2734375,16.40625,188.21187441778218,1.1270233842602022,1108.1844339904005,3.115382070270374,14.771628131367487,,0.0,120.0,0,3,1771527567396,752,False,56.571245193481445,16,-5.202758604545485
47.445664167404175,1771527567.4456642,breathing_no_rate,,AppState.ESTIMATE_BREATHING_RATE,0.0000;3.0000,True,0.6405821442604057,1.571977084443265,22.479453071441966,2,10.139135837554932,1.3474935519126072,21.13431968684435,0.06375854874039943,0,1179.1947149564612,80.04806704460269,14.731082941511682,97.52365498303476,58.427157639518946,1.6691493976664473,881.7090712179697,582.4181547686835,517562.875,15068.581547171247,56995.99999999988,562908.2487318683,7,0.2734375,16.40625,188.14691589732467,1.1273966929160173,1105.3856088646517,3.125775875893748,14.771628131367487,,0.0,120.0,0,3,1771527567445,753,False,49.07560348510742,16,-4.411441348036028
47.493666887283325,1771527567.493667,breathing_no_rate,,AppState.ESTIMATE_BREATHING_RATE,0.0000;3.0000,True,0.6405821442604057,1.5369337272376828,22.47573106928304,2,10.139135837554932,1.2037298544676844,22.105388752806366,0.054454136404201985,0,1131.3109531230791,79.78372282511106,14.179721289626656,204.03378435016586,58.24080943173624,3.5032786518156067,872.9999372331888,446.9351113009013,501216.578125,14757.906222364849,52841.5,513937.3528791106,7,0.2734375,16.40625,188.04323473686995,1.1278232829656822,1102.4585879332117,3.132705574705701,14.771628131367487,,0.0,120.0,0,3,1771527567493,754,False,48.00271987915039,16,-3.607051072809228
47.57558536529541,1771527567.5755854,breathing_no_rate,,AppState.ESTIMATE_BREATHING_RATE,0.0000;3.0000,True,0.6405821442604057,1.4890751610347848,22.480922713245395,2,10.139135837554932,1.034020027176638,22.997495613862615,0.0449622882636134,0,965.2312708620665,79.51476209688548,12.139019791995764,176.50867542418416,58.02929535327279,3.0417166768368755,975.8212524306472,445.5754473903445,366910.015625,14126.578436825635,49328.49999999994,374750.5276611278,7,0.2734375,16.40625,187.9089513713456,1.128332314741893,1099.3905128136887,3.136860943239972,14.771628131367487,,0.0,120.0,0,3,1771527567575,755,False,81.91847801208496,16,-2.7956587469964314
47.59145665168762,1771527567.5914567,breathing_no_rate,,AppState.ESTIMATE_BREATHING_RATE,0.0000;3.0000,True,0.6405821442604057,1.4400385924870718,22.500001053085565,2,10.139135837554932,0.973782621302699,24.39831176577262,0.03991188532269132,0,635.6427664675341,79.23738882498972,8.022005468446789,49.73947753042848,57.87823103861128,0.8593814399128281,1225.9374160956122,537.5007440286165,145650.140625,8779.235720921602,31077.25000000003,160467.82028827787,7,0.2734375,16.40625,187.75368522309162,1.1289634663979005,1096.174094362554,3.138952889609146,14.771628131367487,,0.0,120.0,0,3,1771527567591,756,False,15.871286392211914,16,-1.9845905845720306
47.63772988319397,1771527567.63773,breathing_no_rate,,AppState.ESTIMATE_BREATHING_RATE,0.0000;3.0000,True,0.40036384016275356,1.3927139444254748,22.544048267045333,0,10.139135837554932,0.9427354814861562,26.92678276199258,0.035011070196690024,0,228.79539337855996,78.97736267878054,2.8969743432206965,228.79539337855996,109.51968163464433,2.0890801540103827,1533.3821085889408,1533.3821085889408,31384.046875,3665.4490081566382,12624.0,18042.3070123767,7,0.2734375,16.40625,187.5890625738681,1.1275029634342735,1092.8032906761714,3.1396827486662913,14.771628131367487,,0.0,120.0,0,3,1771527567637,757,False,46.273231506347656,16,-1.1724997766025465
47.69457387924194,1771527567.6945739,breathing_no_rate,,AppState.ESTIMATE_BREATHING_RATE,0.0000;3.0000,True,0.40036384016275356,1.3510466016431788,22.611864400222096,0,10.139135837554932,0.9548596752123812,29.359626164659957,0.032522882608403865,2,298.56116547744455,78.744170171962,3.7915335804752694,264.84672011608905,109.11711741682537,2.427178488430484,1406.1744369122027,1406.1744369122027,68908.375,5420.209935250431,22807.499999999985,21585.742032185924,7,0.2734375,16.40625,187.42347357271714,1.124129118669432,1089.2897584716216,3.1397487427439907,14.771628131367487,,0.0,120.0,0,3,1771527567694,758,False,56.84399604797363,16,-0.35259266431038755
47.74171233177185,1771527567.7417123,breathing_no_rate,,AppState.ESTIMATE_BREATHING_RATE,0.0000;3.0000,True,0.40036384016275356,1.3123566419501291,22.689118869882986,0,10.139135837554932,0.9444796622586455,30.376002979759004,0.031092953962932678,0,530.5149068652548,78.51183842192923,6.7571326505878755,530.5149068652548,108.85157158504231,4.873745956399963,1071.0731079306734,1071.0731079306734,185727.3125,9947.00153764157,40187.50000000003,99751.18242682052,7,0.2734375,16.40625,187.26751338848575,1.1205281951821982,1085.6461251361966,3.1398646346375942,14.771628131367487,,0.0,120.0,0,3,1771527567741,759,False,47.13845252990723,16,0.4672546261090921
47.79384636878967,1771527567.7938464,breathing_no_rate,,AppState.ESTIMATE_BREATHING_RATE,0.0000;3.0000,True,0.40036384016275356,1.2793076829844523,22.764489849473744,0,10.139135837554932,0.9650672107095489,30.26396512779941,0.031888326813831275,0,787.987321935607,78.26389916182305,10.06833713071527,787.987321935607,108.46781380888683,7.264711016640607,764.0693092141157,764.0693092141157,397845.296875,17340.652166634594,72988.0,246116.29773929087,7,0.2734375,16.40625,187.1317542563372,1.1167932421818159,1081.8921683928045,3.140722612342802,14.771628131367487,,0.0,120.0,0,3,1771527567793,760,False,52.134037017822266,16,1.2714484456938033
47.84120750427246,1771527567.8412075,breathing_no_rate,,AppState.ESTIMATE_BREATHING_RATE,0.0000;3.0000,True,0.40036384016275356,1.2454866941756646,22.83135007847507,0,10.139135837554932,0.9239055058811885,29.483998580871432,0.03133582791749495,0,938.2602188525581,78.18406491230905,12.000657933210642,938.2602188525581,108.18400404998346,8.672818380898416,576.4289593869754,576.4289593869754,530664.9375,26699.552352506187,121450.50000000012,354688.0305217976,7,0.2734375,16.40625,187.02624672268274,1.1130249059084,1078.053238375838,3.1429510203070152,14.771628131367487,,0.0,120.0,0,3,1771527567841,761,False,47.361135482788086,16,2.049579593539514
47.88892722129822,1771527567.8889272,breathing_no_rate,,AppState.ESTIMATE_BREATHING_RATE,0.0000;3.0000,True,0.40036384016275356,1.2185615350869479,22.89351363386028,0,10.139135837554932,0.9625481848055518,29.078839197565276,0.033101327677930246,0,814.0560028531513,77.9950854338205,10.437273045023426,814.0560028531513,107.86597023381475,7.546921434823446,657.9791672103102,657.9791672103102,394421.359375,14577.160390104067,66569.75000000006,258983.8715542293,7,0.2734375,16.40625,186.96032815601055,1.1093291242819154,1074.1576814379446,3.1470854948576763,14.771628131367487,,0.0,120.0,0,3,1771527567888,762,False,47.719717025756836,16,2.793170021392115
47.946475982666016,1771527567.946476,breathing_no_rate,,AppState.ESTIMATE_BREATHING_RATE,0.0000;3.0000,True,0.40036384016275356,1.1950898619828427,22.956580945240955,0,10.139135837554932,0.9719134028097614,29.231830983623556,0.03324846135437101,0,620.8245053203442,77.79139290149854,7.9806323316316945,620.8245053203442,107.49981868744159,5.775121417828916,799.3896149712592,799.3896149712592,212766.828125,12423.98790323291,51327.5,137390.4305280835,7,0.2734375,16.40625,186.94165440123956,1.1058024490824319,1070.2370502929205,3.1535451986780627,14.771628131367487,,0.0,120.0,0,3,1771527567946,763,False,57.54876136779785,16,3.4942899777442427
47.99386811256409,1771527567.993868,breathing_no_rate,,AppState.ESTIMATE_BREATHING_RATE,0.0000;3.0000,True,0.40036384016275356,1.17405107761598,23.019004005286742,0,10.139135837554932,0.974007332141305,29.230150498972662,0.033322008798490996,0,615.7876974097891,77.52146741093708,7.943447382614528,615.7876974097891,107.11336248647359,5.748934428996219,755.4535617270066,755.4535617270066,181294.921875,10428.54639346325,38283.00000000006,133788.59766450909,7,0.2734375,16.40625,186.97620398002286,1.102532577653536,1066.322792296163,3.1626197045225894,14.771628131367487,,0.0,120.0,0,3,1771527567993,764,False,47.39212989807129,16,4.146664032535834
48.040812492370605,1771527568.0408125,breathing_no_rate,,AppState.ESTIMATE_BREATHING_RATE,0.0000;3.0000,True,0.40036384016275356,1.1578298815072035,23.07934202335208,0,10.139135837554932,1.0035933643636623,29.08302510245096,0.03450787395031258,0,602.8439273819137,77.29783286679681,7.798975792930225,602.8439273819137,106.85530396173255,5.641684642927644,721.6178939227096,721.6178939227096,139757.265625,6351.442052959281,30809.00000000003,133757.2474536089,7,0.2734375,16.40625,187.06845032234534,1.0996007843939126,1062.4434817458252,3.174465005371539,14.878498856461707,,0.0,120.0,0,3,1771527568040,765,False,46.944379806518555,16,4.745461249256126
48.088127851486206,1771527568.0881279,breathing_no_rate,,AppState.ESTIMATE_BREATHING_RATE,0.0000;3.0000,True,0.40036384016275356,1.1468435049671653,23.130771567331305,0,10.139135837554932,1.0423813899541927,28.248054051145985,0.03690099813707358,0,775.9056502726346,77.05748884634252,10.069179023076783,775.9056502726346,106.48652362257673,7.2864210781771135,655.0840624530654,515.1604937700183,195550.765625,9553.983602840734,44857.25,239893.24001932502,7,0.2734375,16.40625,187.2197816857406,1.0970559936467048,1058.6310220511004,3.1890900970818024,15.417001374398575,,0.0,120.0,0,3,1771527568088,766,False,47.315359115600586,16,5.2839637671929935
48.14567685127258,1771527568.1456769,breathing_no_rate,,AppState.ESTIMATE_BREATHING_RATE,0.0000;3.0000,True,0.40036384016275356,1.1318162762824904,23.17014912379728,0,10.139135837554932,0.9889323977385576,27.088248806737525,0.03650780103053681,0,865.0648187419253,76.81954624687565,11.260998808175694,865.0648187419253,106.10025175647908,8.153277720012065,561.6945253519273,400.06669267021596,245401.453125,13954.824500424436,55616.99999999991,297720.4299366092,7,0.2734375,16.40625,187.43205757141348,1.0949716107745726,1054.9064211603957,3.206338701986527,15.8857471744815,,0.0,120.0,0,3,1771527568145,767,False,57.54899978637695,16,5.752709567275918
48.19269943237305,1771527568.1926994,breathing_no_rate,,AppState.ESTIMATE_BREATHING_RATE,0.0000;3.0000,True,0.40036384016275356,1.1146235354626606,23.191496187970536,0,10.139135837554932,0.951149248707234,25.31554686239988,0.03757174410805893,0,1036.758518924489,76.58680909057055,13.537037659904264,1036.758518924489,105.95086554792394,9.78527653882879,391.504135520942,214.46982056977913,368892.609375,21338.113581352365,84664.50000000006,427762.37927741033,7,0.2734375,16.40625,187.70466654163963,1.093396265770667,1051.2921840785334,3.2258917512131404,16.275587208674153,,0.0,120.0,0,3,1771527568192,768,False,47.02258110046387,16,6.14254960146857
48.23966312408447,1771527568.2396631,breathing_no_rate,,AppState.ESTIMATE_BREATHING_RATE,0.0000;3.0000,True,0.40036384016275356,1.0931652833473449,23.197461248389292,0,10.139135837554932,0.8891330992802524,23.79098973093111,0.037372682233850124,0,1508.8120456380577,76.47818237205021,19.72865984547432,1508.8120456380577,105.88205104763736,14.249932171648041,241.90220847302749,241.90220847302749,873315.390625,43596.57698987538,186909.5,902558.0215407644,7,0.2734375,16.40625,188.03424319236223,1.092340635867446,1047.8140217340679,3.247289999222981,16.57930975105598,,0.0,120.0,0,3,1771527568239,769,False,46.96369171142578,16,6.446272143850397
48.2866108417511,1771527568.2866108,breathing_no_rate,,AppState.ESTIMATE_BREATHING_RATE,0.0000;3.0000,True,0.40036384016275356,1.093497398160155,23.217201850355334,0,10.139135837554932,1.0966552560441312,25.18140819645069,0.04355019574144206,0,2349.211540768785,76.56696182705406,30.68179126715769,2349.211540768785,105.88042168703403,22.18740257467523,1016.412009343941,1016.412009343941,2339006.734375,66804.6457622352,307565.75,2186525.104116774,7,0.2734375,16.40625,188.4152773674056,1.0917975243629556,1044.4953151965133,3.269988376265669,16.794831101280515,,0.0,120.0,0,3,1771527568286,770,False,46.94771766662598,16,6.661793494074935
48.34369349479675,1771527568.3436935,breathing_no_rate,,AppState.ESTIMATE_BREATHING_RATE,0.0000;3.0000,True,0.40036384016275356,1.134858956578702,23.27473109256447,0,10.139135837554932,1.5281383837754503,28.998938633328883,0.05269635565097694,0,3233.4469761627834,76.96344155166234,42.01276490410441,3233.4469761627834,106.6222112086297,30.326204451017343,1784.9374919470595,1784.9374919470595,4764265.3125,162393.94703824446,634753.25,4157045.6792689073,7,0.2734375,16.40625,188.84203340851207,1.0917597236510896,1041.3496848775824,3.2934235099379325,16.925999440588072,,0.0,120.0,0,3,1771527568343,771,False,57.0826530456543,16,6.792961833382488
48.39077353477478,1771527568.3907735,breathing_no_rate,,AppState.ESTIMATE_BREATHING_RATE,0.0000;3.0000,True,0.40036384016275356,1.2029529007636586,23.37062632950128,0,10.139135837554932,1.8504127255032088,32.912282317278354,0.0562225587277353,0,3460.1620587273433,77.2528198143375,44.79010691128681,3460.1620587273433,106.85413954604672,32.38210586314133,1889.1847149026087,1889.1847149026087,5684084.3125,91051.80191540938,379637.25,4769665.0952210985,7,0.2734375,16.40625,189.30810158808703,1.0922028804724315,1038.3845824131881,3.3170535910414323,16.978607927397356,,0.0,120.0,0,3,1771527568390,772,False,47.080039978027344,16,6.845570320191773
48.43807625770569,1771527568.4380763,breathing_no_rate,,AppState.ESTIMATE_BREATHING_RATE,0.0000;3.0000,True,0.40036384016275356,1.263870537849554,23.48630227250332,0,10.139135837554932,1.8430956525535873,34.996154997664654,0.052665661488352486,0,3159.133682673147,77.58836511344978,40.716590406475795,3159.133682673147,107.15100898830259,29.483004522976902,1491.4706039418932,1491.4706039418932,4916551.84375,75845.95279103727,279465.0,3981715.544147194,7,0.2734375,16.40625,189.80623749551378,1.0930836276082694,1035.6027304031493,3.3403778336202676,16.978607927397356,,0.0,120.0,0,3,1771527568438,773,False,47.3027229309082,16,6.825237259629311
48.49565768241882,1771527568.4956577,breathing_no_rate,,AppState.ESTIMATE_BREATHING_RATE,0.0000;3.0000,True,0.40036384016275356,1.3363051295115915,23.60939876818732,0,10.139135837554932,2.0250372713184777,35.857602668987134,0.056474418827041024,0,2998.117357844127,77.94570144492204,38.46417829627451,2998.117357844127,107.88875202136872,27.788970598367136,1249.4572471526399,1249.4572471526399,4508469.515625,184236.80565512335,830954.5000000009,3628329.00322546,7,0.2734375,16.40625,190.3284602301836,1.0943467427359406,1033.0020648373443,3.3629522324165926,16.978607927397356,,0.0,120.0,0,3,1771527568495,774,False,57.581424713134766,16,6.737736552599395
48.543095111846924,1771527568.543095,breathing_no_rate,,AppState.ESTIMATE_BREATHING_RATE,0.0000;3.0000,True,0.40036384016275356,1.3981969789441158,23.743045227968338,0,10.139135837554932,1.9866852280245921,37.04097934804407,0.05363479213936776,0,3127.5953847364913,78.05560878143903,40.06881034588943,3127.5953847364913,107.81086775008934,29.010019583159224,1294.9867564473989,1294.9867564473989,4847457.296875,92047.53710295807,306687.50000000093,3962915.6672023367,7,0.2734375,16.40625,190.86684061763415,1.0959276024780273,1030.5766920232786,3.3844071269441764,16.978607927397356,,0.0,120.0,0,3,1771527568543,775,False,47.437429428100586,16,6.590080805152338
48.62828707695007,1771527568.628287,breathing_no_rate,,AppState.ESTIMATE_BREATHING_RATE,0.0000;3.0000,True,0.40036384016275356,1.4741108229272153,23.886449440197886,0,10.139135837554932,2.1959248507223905,38.155288060348866,0.05755230696179313,0,3291.02366590264,78.2211573777708,42.073318475287905,3291.02366590264,108.36624377236066,30.369454096660885,1369.6278532154224,1369.6278532154224,5289569.328125,140287.25665116095,594400.4999999991,4444035.474238009,7,0.2734375,16.40625,191.41399568377702,1.0977604168492223,1028.3176494051827,3.4044597496045843,16.978607927397356,,0.0,120.0,0,3,1771527568628,776,False,85.19196510314941,16,6.390647520412336
48.645726680755615,1771527568.6457267,breathing_no_rate,,AppState.ESTIMATE_BREATHING_RATE,0.0000;3.0000,True,0.40036384016275356,1.5526224672638462,24.038177898815647,0,10.139135837554932,2.29913724314665,39.13528597145452,0.05874844621717864,0,3377.350247073325,78.15958574888985,43.21095377706866,3377.350247073325,108.89768123832393,31.013977603902678,1367.317049617615,1367.317049617615,5421473.0,139597.05155453229,622003.75,4670145.222484649,7,0.2734375,16.40625,191.96388516275357,1.0997822834803719,1026.2141879233857,3.4229146626055527,16.978607927397356,,0.0,120.0,0,3,1771527568645,777,False,17.439603805541992,16,6.148136322554324
48.691498041152954,1771527568.691498,breathing_no_rate,,AppState.ESTIMATE_BREATHING_RATE,0.0000;3.0000,True,0.40036384016275356,1.6194478895191335,24.187551460672523,0,10.139135837554932,2.2548461866721636,39.05034534319251,0.05774202934180965,0,3169.215619760077,78.30286211727233,40.47381582263423,3169.215619760077,109.36047099040857,28.979535210753184,1088.6122890941283,1088.6122890941283,4788069.390625,135977.21859914865,628986.5,4127838.912944413,7,0.2734375,16.40625,192.51280061197608,1.1019531881639935,1024.2506540027446,3.4396532469554204,16.978607927397356,,0.0,120.0,0,3,1771527568691,778,False,45.77136039733887,16,5.8703408370608345
48.73576068878174,1771527568.7357607,breathing_no_rate,,AppState.ESTIMATE_BREATHING_RATE,0.0000;3.0000,True,0.40036384016275356,1.6755703818373955,24.317475434274787,0,10.139135837554932,2.2092016683675193,37.24501907749766,0.05931535875203615,0,2700.4904538631963,78.30561784798357,34.48654806697562,2700.4904538631963,109.69953855911308,24.61715417684627,582.1488724977771,582.1488724977771,3350194.4375,103483.81871341885,514080.0,2994079.6868876168,7,0.2734375,16.40625,193.0562172069489,1.1042089055772433,1022.4214161814159,3.4546129894165314,16.978607927397356,,0.0,120.0,0,3,1771527568735,779,False,44.26264762878418,16,5.562457568947189
48.788466930389404,1771527568.788467,breathing_no_rate,,AppState.ESTIMATE_BREATHING_RATE,0.0000;3.0000,True,0.40036384016275356,1.7145986771498605,24.428071803400233,0,10.139135837554932,2.085692664219484,35.43250269486957,0.058863825739936156,0,2657.7372013143063,78.27920144276183,33.952022405641245,2657.7372013143063,109.77974553844751,24.209722733956355,506.5576299825266,506.5576299825266,3145219.328125,88152.39077695581,376371.25,2875722.441469317,7,0.2734375,16.40625,193.59013982981483,1.1064857483163915,1020.7246340789508,3.4677711705456007,16.978607927397356,,0.0,120.0,0,3,1771527568788,780,False,52.706241607666016,16,5.227408094508664
48.84284687042236,1771527568.8428469,breathing_no_rate,,AppState.ESTIMATE_BREATHING_RATE,0.0000;3.0000,True,0.40036384016275356,1.7566898836309586,24.51999281769799,0,10.139135837554932,2.1569070468093052,33.66621034104263,0.06406741432717014,0,2676.738132737306,78.3251241990866,34.17470652072514,2676.738132737306,110.12482043621708,24.306401791259518,493.5629609076859,493.5629609076859,3248658.3125,76210.68770410116,287281.0,2944277.777176004,7,0.2734375,16.40625,194.11285614646002,1.1087340067169764,1019.1600810655507,3.4791519615674362,16.978607927397356,,0.0,120.0,0,3,1771527568842,781,False,54.379940032958984,16,4.870158531649688
48.8873233795166,1771527568.8873234,breathing_no_rate,,AppState.ESTIMATE_BREATHING_RATE,0.0000;3.0000,True,0.40036384016275356,1.7792255911786137,24.592645957980682,0,10.139135837554932,1.9935025791520917,31.821693960291316,0.06264602323110255,0,2639.112079167205,78.41893038803306,33.654017799970994,2639.112079167205,110.54277253061842,23.874125994192365,443.10689211332055,428.17981952537093,3274178.15625,87810.4455148842,289963.5,2859352.4922071006,7,0.2734375,16.40625,194.6242868033295,1.110924396550471,1017.7300036903882,3.4888378123200003,16.978607927397356,,0.0,120.0,0,3,1771527568887,782,False,44.47650909423828,16,4.49969695630495
48.941640853881836,1771527568.9416409,breathing_no_rate,,AppState.ESTIMATE_BREATHING_RATE,0.0000;3.0000,True,0.5204729922115796,1.787885130893208,24.65545584370941,1,10.139135837554932,1.8702229089885352,30.905091815202102,0.06051504134370713,0,2624.8781883939396,78.53338332096337,33.42372475705936,2408.0393379521443,100.33234022989517,24.00062963158753,574.1989188595105,574.1989188595105,3540133.375,81849.83844144495,322807.00000000047,2913272.083823732,7,0.2734375,16.40625,195.12639152694257,1.113040317360417,1016.4421983079451,3.4969614174008723,16.978607927397356,,0.0,120.0,0,3,1771527568941,783,False,54.317474365234375,16,4.12613163083201
48.98591208457947,1771527568.985912,breathing_no_rate,,AppState.ESTIMATE_BREATHING_RATE,0.0000;3.0000,True,0.5204729922115796,1.8107601755191545,24.721161600913803,1,10.139135837554932,2.0282636930741957,31.25893919745747,0.06488587729088018,0,2863.6258327784813,78.68543419193774,36.39334092961643,2769.889618739346,100.46142739560344,27.571672934770536,879.0632452021227,879.0632452021227,4570364.328125,95650.78873860967,410131.0,3531349.8655793415,7,0.2734375,16.40625,195.6211375945682,1.1150740386353026,1015.3106981409103,3.503687392105073,16.978607927397356,,0.0,120.0,0,3,1771527568985,784,False,44.271230697631836,16,3.7584379789641438
49.04015064239502,1771527569.0401506,breathing_no_rate,,AppState.ESTIMATE_BREATHING_RATE,0.0000;3.0000,True,0.5204729922115796,1.8471064034630316,24.79447149698353,1,10.139135837554932,2.192698403693874,32.08886724739975,0.06833206004812223,0,3041.5611033336977,78.92836148457171,38.535718290436094,2989.054424322598,100.78472859103236,29.657810921156766,1031.3687727736567,1031.3687727736567,5304693.5625,144191.62279166208,696985.75,3986762.7159524444,7,0.2734375,16.40625,196.1098272705093,1.1169928056147036,1014.3649382818332,3.5091966500209444,16.978607927397356,,0.0,120.0,0,3,1771527569040,785,False,54.23855781555176,16,3.404517010774054
49.09458374977112,1771527569.0945837,breathing_no_rate,,AppState.ESTIMATE_BREATHING_RATE,0.0000;3.0000,True,0.5204729922115796,1.886338173225163,24.857060034125205,1,10.139135837554932,2.2593668629044976,31.08467163674922,0.07268427632868166,1,2568.500171093288,79.31319908200877,32.38427148052759,2568.500171093288,101.16424868939589,25.389405885412664,573.628601968662,573.628601968662,3881724.203125,61187.71781544603,254476.25,2851747.981842138,7,0.2734375,16.40625,196.595329553319,1.1187816567167028,1013.6371823520793,3.513677586999364,16.978607927397356,,0.0,120.0,0,3,1771527569094,786,False,54.43310737609863,16,3.0725749883505133
49.13869118690491,1771527569.1386912,breathing_no_rate,,AppState.ESTIMATE_BREATHING_RATE,0.0000;3.0000,True,0.5204729922115796,1.9038762540085301,24.8925649518543,1,10.139135837554932,2.070634147771066,28.425333853281547,0.07284467293808682,1,1909.340423173013,79.34613065446614,24.063434567007192,1909.340423173013,101.17661695550083,18.871360602953363,485.60183109389527,80.32407565164158,2115129.015625,59248.82895879079,236202.50000000047,1474545.4203518527,7,0.2734375,16.40625,197.08140007685907,1.1204502212451541,1013.1594152392254,3.5173193313859668,16.978607927397356,,0.0,120.0,0,3,1771527569138,787,False,44.10743713378906,16,2.771556975406709
49.192816972732544,1771527569.192817,breathing_no_rate,,AppState.ESTIMATE_BREATHING_RATE,0.0000;3.0000,True,0.5204729922115796,1.8937067200934112,24.927437356961686,1,10.139135837554932,1.7970114159048132,28.397270725435824,0.06328113124730414,1,1243.652307721093,79.28607717604572,15.685632988803553,1243.652307721093,101.02997107944043,12.30973635269966,1059.2572412437025,700.5955433959612,909054.09375,34042.0521783668,126718.0,605263.2180904954,7,0.2734375,16.40625,197.57117779995482,1.1219993144418803,1012.9717090801789,3.520301975516584,16.978607927397356,,0.0,120.0,0,3,1771527569192,788,False,54.12578582763672,16,2.509425425343642
49.23694157600403,1771527569.2369416,breathing_no_rate,,AppState.ESTIMATE_BREATHING_RATE,0.0000;3.0000,True,0.5204729922115796,1.851442933316891,24.990002313057605,1,10.139135837554932,1.4495848194025414,31.215267581978093,0.04643832751230396,0,733.0810009175316,79.05658290502004,9.272864750415472,413.03949569018215,100.69840095497808,4.101748307510354,1437.989569896727,1437.989569896727,222848.171875,12740.44475244056,47226.50000000003,187771.89409203627,7,0.2734375,16.40625,198.06517024735456,1.1234191011285868,1013.1184877418151,3.5227855031422455,16.978607927397356,,0.0,120.0,0,3,1771527569236,789,False,44.124603271484375,16,2.2907445726139803
49.29109597206116,1771527569.291096,breathing_no_rate,,AppState.ESTIMATE_BREATHING_RATE,0.0000;3.0000,True,0.5204729922115796,1.788967486236318,25.064226709318206,1,10.139135837554932,1.1949301969960053,32.449615990808695,0.036824170655752705,0,1360.9504161269983,78.82853299700717,17.26469292738714,695.3071067206562,100.381587195329,6.926639896226743,1085.362496005304,1085.362496005304,621738.25,19991.409061535043,68538.25000000012,737564.8662963813,7,0.2734375,16.40625,198.56610183016053,1.1247023932627696,1013.6454543986557,3.524899626260204,16.978607927397356,,0.0,120.0,0,3,1771527569291,790,False,54.154396057128906,16,2.1142143264222675
49.335131883621216,1771527569.335132,breathing_no_rate,,AppState.ESTIMATE_BREATHING_RATE,0.0000;3.0000,True,0.5204729922115796,1.7342133321726714,25.134658318334427,1,10.139135837554932,1.2135926599801665,32.142662108357975,0.03775644518338893,0,1689.5509989713244,78.60490041665757,21.49421969869691,1029.4510388582112,100.0511334366725,10.289249141785229,705.4849561955723,705.4849561955723,1034866.046875,46682.03452072216,204579.74999999988,1133083.827955371,7,0.2734375,16.40625,199.08155967452683,1.125944746616472,1014.5658890454051,3.526747811444293,16.978607927397356,,0.0,120.0,0,3,1771527569335,791,False,44.035911560058594,16,1.9773277662881734
49.389288902282715,1771527569.389289,breathing_no_rate,,AppState.ESTIMATE_BREATHING_RATE,0.0000;3.0000,True,0.5204729922115796,1.6924620064188145,25.179781986174643,1,10.139135837554932,1.295476542016707,29.669624539270067,0.043663395209412884,0,2217.5028228913825,78.5528169158473,28.2294500684646,1573.9480738139046,100.01558710234495,15.737027791353784,283.3074525575455,151.18710056788086,1956045.890625,83417.50225934162,327565.5,1978050.3278425576,7,0.2734375,16.40625,199.61483600042737,1.1271878267998712,1015.9053026331736,3.5284214081610403,16.978607927397356,,0.0,120.0,0,3,1771527569389,792,False,54.15701866149902,16,1.8820872489362546
49.44365835189819,1771527569.4436584,breathing_no_rate,,AppState.ESTIMATE_BREATHING_RATE,0.0000;3.0000,True,0.5204729922115796,1.672566947193021,25.206157533948936,1,10.139135837554932,1.4833981200132162,27.830546517077785,0.05330107761447123,0,2550.547610471377,78.59234944400914,32.45287395633831,2014.0212195148915,100.18872997527488,20.102273179746067,441.7070887996124,271.298885169884,2860927.34375,77898.01747291109,287963.5,2639738.0036945683,7,0.2734375,16.40625,200.1686142633133,1.1284763788313328,1017.6823674611574,3.5300049792733255,16.978607927397356,,0.0,120.0,0,3,1771527569443,793,False,54.369449615478516,16,1.8311897874335434
49.48797678947449,1771527569.4879768,breathing_no_rate,,AppState.ESTIMATE_BREATHING_RATE,0.0000;3.0000,True,0.5204729922115796,1.6586106191011845,25.208096027595335,1,10.139135837554932,1.5259092188738146,25.4009777608208,0.06007285361933382,0,2174.994418994276,78.7340753722124,27.624562918716535,1827.0866367320955,100.51277933587933,18.17765510799795,106.70724294720581,79.22826862476563,2208980.03125,49940.6984917389,233407.74999999977,1949486.8348932713,7,0.2734375,16.40625,200.74431960310628,1.1298322486029024,1019.9157143295763,3.5315776261928553,16.978607927397356,,0.0,120.0,0,3,1771527569487,794,False,44.318437576293945,16,1.8252706208799359
49.542654275894165,1771527569.5426543,breathing_no_rate,,AppState.ESTIMATE_BREATHING_RATE,0.0000;3.0000,True,0.5204729922115796,1.639142912691636,25.19826144185979,1,10.139135837554932,1.4540374979462238,24.219711965698167,0.060035292737812454,0,1671.7688108800362,78.62407083901053,21.262811668475702,1405.3334026686516,100.43908785577491,13.991897304689209,414.2453350343326,321.6723093133485,1300317.53125,32594.16370840927,123690.99999999977,1151564.9428486382,7,0.2734375,16.40625,201.34026561783935,1.1312506027828446,1022.6212469624792,3.533213628528532,16.978607927397356,,0.0,120.0,0,3,1771527569542,795,False,54.677486419677734,16,1.8620968014947774
49.5867817401886,1771527569.5867817,breathing_no_rate,,AppState.ESTIMATE_BREATHING_RATE,0.0000;3.0000,True,0.6405821442604057,1.6058231603392157,25.185221177769687,2,10.139135837554932,1.2890078946547066,23.887704033935943,0.053961146402748586,0,1454.4912448172386,78.4975562346451,18.529127715147467,433.7064099134344,56.729496224073564,7.6451658973439445,593.0762731995594,363.9653491066367,950360.34375,38869.61845135233,160287.25000000023,871057.470297097,7,0.2734375,16.40625,201.9556158834733,1.1327340716581338,1025.8039108758435,3.534978155623307,16.978607927397356,,0.0,120.0,0,3,1771527569586,796,False,44.127464294433594,16,1.9343228205911789
49.658018589019775,1771527569.6580186,breathing_no_rate,,AppState.ESTIMATE_BREATHING_RATE,0.0000;3.0000,True,0.6405821442604057,1.5784155599406704,25.165168328489884,2,10.139135837554932,1.317814997541553,23.169893114469524,0.056876179401177535,0,1695.740727022044,78.43539787991978,21.61958468798117,558.304607858694,56.61429667405116,9.861548065556526,330.4078468926916,224.79466332979553,1375509.84375,43338.272378543625,179666.75,1219731.095043546,7,0.2734375,16.40625,202.59034012714065,1.1342951625035371,1029.4572825531486,3.5369216941707293,16.978607927397356,,0.0,120.0,0,3,1771527569658,797,False,71.23684883117676,16,2.0306040944695716
49.692495584487915,1771527569.6924956,breathing_no_rate,,AppState.ESTIMATE_BREATHING_RATE,0.0000;3.0000,True,0.6405821442604057,1.5637712078975716,25.13198722812068,2,10.139135837554932,1.4245278475556455,21.83044009051395,0.06525419742268027,0,1935.210059052053,78.48515441202456,24.65702047126133,649.8310387371858,56.55214578226113,11.490829034634604,125.15496508646083,125.15496508646083,1810885.296875,76765.06585681875,337900.75000000047,1604319.3021085067,7,0.2734375,16.40625,203.24148621855815,1.1359013424580229,1033.5826367653212,3.539081072651321,16.978607927397356,,0.0,120.0,0,3,1771527569692,798,False,34.47699546813965,16,2.141011543870096
49.736971378326416,1771527569.7369714,breathing_no_rate,,AppState.ESTIMATE_BREATHING_RATE,0.0000;3.0000,True,0.6405821442604057,1.5547375894691282,25.083991238537124,2,10.139135837554932,1.4688429467890523,20.30835027838226,0.07232704412629087,0,1952.6058890140887,78.44201110435682,24.89234864709817,689.1382809803124,56.51680321294713,12.193511341601287,80.62137958598373,80.62137958598373,1843192.796875,58607.491465350024,228668.74999999977,1618306.0067172283,7,0.2734375,16.40625,203.90737020141802,1.1375454385093258,1038.1692208495792,3.541486320912835,16.978607927397356,,0.0,120.0,0,3,1771527569736,799,False,44.47579383850098,16,2.260344381763461
49.78747296333313,1771527569.787473,breathing_no_rate,,AppState.ESTIMATE_BREATHING_RATE,0.0000;3.0000,True,0.6405821442604057,1.5420351460222033,25.021658395137607,2,10.139135837554932,1.4212560972191084,18.81948853293597,0.07552044226155503,0,1761.6269435613349,78.38568154449725,22.473835894873698,703.8492963918128,56.43619672200301,12.471593361374202,239.3304066051869,61.89779195959227,1586879.265625,59426.97297842674,248452.0,1336163.0147271757,7,0.2734375,16.40625,204.58821007461654,1.139230363199499,1043.2039734086468,3.5441637668026775,16.978607927397356,,0.0,120.0,0,3,1771527569787,800,False,50.50158500671387,16,2.3856725280864484
49.84184956550598,1771527569.8418496,breathing_no_rate,,AppState.ESTIMATE_BREATHING_RATE,0.0000;3.0000,True,0.6405821442604057,1.5220490059784977,24.94926803591542,2,10.139135837554932,1.3320141521481834,17.746366968109054,0.07505841361597046,0,1687.7747982273138,78.2077736428284,21.580652658823013,657.235141520902,56.33934154122918,11.665651807951484,294.1162393518098,101.90582307001,1461212.40625,53448.52481322533,240712.25000000023,1233009.1746988075,7,0.2734375,16.40625,205.28158383256607,1.1409149431334218,1048.6888378626127,3.5471356189446115,16.978607927397356,,0.0,120.0,0,3,1771527569841,801,False,54.37660217285156,16,2.514416031723293
49.88610529899597,1771527569.8861053,breathing_no_rate,,AppState.ESTIMATE_BREATHING_RATE,0.0000;3.0000,True,0.6405821442604057,1.5116069213854635,24.865993899392617,2,10.139135837554932,1.4123201148794717,16.580147920375396,0.08518139413332289,0,1780.9854035933308,78.1130102429754,22.80011227362336,679.7623464537073,56.27508950707484,12.079276148573147,188.6746537015331,74.54610899265492,1633467.8125,55429.343758201234,233092.0,1393919.330048194,7,0.2734375,16.40625,205.9866710481022,1.1425839285967752,1054.6184122323073,3.550419687909627,16.978607927397356,,0.0,120.0,0,3,1771527569886,802,False,44.255733489990234,16,2.64436350247412
49.940547943115234,1771527569.940548,breathing_no_rate,,AppState.ESTIMATE_BREATHING_RATE,0.0000;3.0000,True,0.6405821442604057,1.4977862352576128,24.768979685110637,2,10.139135837554932,1.3663745638494613,15.115984519009642,0.09039269404124725,0,1821.1646449628051,78.07449710029611,23.325986238502097,738.3910348267374,56.22842705236497,13.131988097869948,139.45512598217556,14.948380309940603,1725685.875,68102.008958127,282870.25,1454519.0291260642,7,0.2734375,16.40625,206.70295095486978,1.1442339440289926,1060.9836368348151,3.554028222549076,16.978607927397356,,0.0,120.0,0,3,1771527569940,803,False,54.442644119262695,16,2.7732641262084057
49.99493622779846,1771527569.9949362,breathing_no_rate,,AppState.ESTIMATE_BREATHING_RATE,0.0000;3.0000,True,0.6405821442604057,1.4895343649578696,24.662208588886017,2,10.139135837554932,1.4110728429826827,14.038395538771075,0.10051525040629344,0,1915.2638709359346,78.01800514746421,24.548998238179596,810.6252409405964,56.241692665604056,14.413244027805378,133.62377942582452,53.79830884346927,1931609.6875,79545.20475375246,330609.75,1616085.416415257,7,0.2734375,16.40625,207.42978495522686,1.145846181044714,1067.785008616168,3.557968183879333,16.978607927397356,,0.0,120.0,0,3,1771527569994,804,False,54.38828468322754,16,2.899361523969941
50.03907895088196,1771527570.039079,breathing_no_rate,,AppState.ESTIMATE_BREATHING_RATE,0.0000;3.0000,True,0.6405821442604057,1.4945753896302003,24.55390020408982,2,10.139135837554932,1.5425071255565228,13.777125660031391,0.11196146159278385,0,2033.1161754342766,78.12433417250318,26.02410883808636,928.5984167180397,56.31163388233456,16.490347601028475,240.59302540707858,161.31416891445042,2220110.859375,111634.80127392401,516092.25,1813471.0508587526,7,0.2734375,16.40625,208.16685403058136,1.1474143427655783,1075.0207245316176,3.5622446811902404,16.978607927397356,,0.0,120.0,0,3,1771527570039,805,False,44.142723083496094,16,3.0223949694188077
50.0934374332428,1771527570.0934374,breathing_no_rate,,AppState.ESTIMATE_BREATHING_RATE,0.0000;3.0000,True,0.6405821442604057,1.5056144617981235,24.453026212686982,2,10.139135837554932,1.610577624333065,14.415980006584968,0.11172168825745177,0,2245.25847099226,78.31258877680278,28.670466728698724,1078.5741817904784,56.41399443912021,19.11891176107579,406.796149239296,292.33884252296673,2724506.3125,83830.03197078392,342005.99999999907,2176092.4048794103,7,0.2734375,16.40625,208.912735481548,1.148914175250353,1082.7004479433501,3.5668659612634768,16.978607927397356,,0.0,120.0,0,3,1771527570093,806,False,54.358482360839844,16,3.1438328653985184
50.13755655288696,1771527570.1375566,breathing_no_rate,,AppState.ESTIMATE_BREATHING_RATE,0.0000;3.0000,True,0.6405821442604057,1.5173507975849543,24.357875711858345,2,10.139135837554932,1.628943774061484,14.890321587457098,0.10939614462888653,0,2334.8510341266956,78.46307614749887,29.757322153770353,1084.0701120372705,56.569616253330366,19.163469434959897,372.1580987974412,279.702821159226,2822539.734375,62237.76255828502,271291.25,2261645.64090147,7,0.2734375,16.40625,209.66612571382262,1.1503207480426147,1090.8415826138187,3.5718503068332823,16.978607927397356,,0.0,120.0,0,3,1771527570137,807,False,44.11911964416504,16,3.267192776910568
50.19165515899658,1771527570.1916552,breathing_no_rate,,AppState.ESTIMATE_BREATHING_RATE,0.0000;3.0000,True,0.6405821442604057,1.5312925929477523,24.250868167357034,2,10.139135837554932,1.6638558111633612,13.603528316671058,0.12231060738867308,0,1762.8980634260308,78.52769084619692,22.449381159779236,784.1095890602601,56.56048835004659,13.863204012554306,223.87112687488093,19.024428531106764,1539250.90625,75661.39063792481,260979.75000000047,1254010.1252309813,7,0.2734375,16.40625,210.42695893688145,1.151627023724849,1099.461687245641,3.577231758980093,16.978607927397356,,0.0,120.0,0,3,1771527570191,808,False,54.09860610961914,16,3.3973126010478065
50.235793590545654,1771527570.2357936,breathing_no_rate,,AppState.ESTIMATE_BREATHING_RATE,0.0000;3.0000,True,0.6405821442604057,1.5189754114149983,24.16931105935496,2,10.139135837554932,1.4018595607775186,16.05431084900492,0.0873198216899537,0,952.1794777312207,78.2903495764165,12.16215641992592,218.01456731718642,56.394107378089856,3.8659104195347753,1050.5984968418193,549.4978287284833,342665.453125,14953.741729240674,65404.0,363806.5633808268,7,0.2734375,16.40625,211.19658949741023,1.152846723942658,1108.569768843703,3.5830806984378323,16.978607927397356,,0.0,120.0,0,3,1771527570235,809,False,44.138431549072266,16,3.544583222126483
50.29008388519287,1771527570.290084,breathing,17.085406174434723,AppState.ESTIMATE_BREATHING_RATE,0.0000;3.0000,True,0.6405821442604057,1.504025521298591,24.08376019573024,2,10.139135837554932,1.3618770035338774,15.571377972802996,0.08746027524507302,1,1256.7709631855162,78.2017294859339,16.07088451151838,607.4285001648343,56.28516473991013,10.791982273853646,753.7123556992678,150.33811157652679,816332.546875,30285.543495182417,115559.25,639299.6498369045,7,0.2734375,16.40625,211.97913151102952,1.1540126422759296,1118.156724328992,3.5895460321695216,16.978607927397356,17.085406174434723,0.005,120.0,0,3,1771527570290,810,True,54.2902946472168,16,3.729883358482759
50.34428524971008,1771527570.3442852,breathing,17.07423271152635,AppState.ESTIMATE_BREATHING_RATE,0.0000;3.0000,True,0.40036384016275356,1.492152128657498,23.997196830363702,0,10.139135837554932,1.3792559701153368,15.384069840375533,0.08965481724516233,0,1323.511636058123,78.10709409252027,16.944832622673655,1323.511636058123,110.5873354218899,11.96802175400074,517.8429721317309,517.8429721317309,923776.875,53338.68261922759,211617.75000000012,712256.1824933868,7,0.2734375,16.40625,212.75992697148584,1.155014119710002,1128.2209966943126,3.5968363570658477,16.978607927397356,17.085406174434723,0.005,120.0,0,3,1771527570344,811,True,54.201364517211914,16,3.9645156218603104
50.38848853111267,1771527570.3884885,breathing,17.06327295403389,AppState.ESTIMATE_BREATHING_RATE,0.0000;3.0000,True,0.40036384016275356,1.483444565429287,23.909177473370065,0,10.139135837554932,1.4006501638253388,15.151178103161003,0.09244496726235929,0,2234.761631758799,78.13064683727032,28.602881483686343,2234.761631758799,110.8836940661051,20.15410516902833,369.4567069277441,369.4567069277441,2275018.734375,58422.60848793824,269498.5,2029053.625134036,7,0.2734375,16.40625,213.5352493431935,1.1557512771049034,1138.7756414549024,3.6051643400397584,16.978607927397356,17.085406174434723,0.005,120.0,0,3,1771527570388,812,True,44.20328140258789,16,4.241931010716879
50.4429976940155,1771527570.4429977,breathing,17.052370279009214,AppState.ESTIMATE_BREATHING_RATE,0.0000;3.0000,True,0.40036384016275356,1.5044730400530821,23.838271508262306,0,10.139135837554932,1.7044187570684064,16.783068891834233,0.10155584583199392,0,2842.367949879115,78.20254748427274,36.34623220444826,2842.367949879115,111.3873093551577,25.517879606829585,917.5801804968373,917.5801804968373,4098338.28125,100440.58388808912,340194.5,3310772.2308164467,7,0.2734375,16.40625,214.30853228312964,1.1562861831432392,1149.7519080798609,3.614774020725255,16.978607927397356,17.085406174434723,0.005,120.0,0,3,1771527570442,813,True,54.50916290283203,16,4.56254524019894
50.48724055290222,1771527570.4872406,breathing,17.04179837428571,AppState.ESTIMATE_BREATHING_RATE,0.0000;3.0000,True,0.40036384016275356,1.5300878129541025,23.773346077559562,0,10.139135837554932,1.773641576387034,17.31321161820093,0.10244439999913164,0,2601.9986736461356,78.1651751194624,33.28846471124931,2601.9986736461356,111.68401808259607,23.29786050228356,635.9828259167743,635.9828259167743,2925954.328125,100126.92963136354,333801.49999999953,2721102.9994063643,7,0.2734375,16.40625,215.0732612794007,1.1565193857685172,1161.151913330794,3.6259878072332143,16.978607927397356,17.085406174434723,0.005,120.0,0,3,1771527570487,814,True,44.24285888671875,16,4.93627260275505
50.5414559841156,1771527570.541456,breathing,17.031734225416034,AppState.ESTIMATE_BREATHING_RATE,0.0000;3.0000,True,0.40036384016275356,1.5687183086455687,23.724236720296943,0,10.139135837554932,1.9360298848712323,18.837814748269853,0.10277359187568569,0,2963.02698965201,78.1668098889732,37.90645919697549,2963.02698965201,111.79693722399195,26.50365084410946,936.3138713776862,936.3138713776862,3942750.625,120519.91780073254,500568.00000000047,3593568.152134713,7,0.2734375,16.40625,215.82679237809418,1.1563922789027115,1172.9666126610168,3.6392246831561876,16.978607927397356,17.085406174434723,0.005,120.0,0,3,1771527570541,815,True,54.215431213378906,16,5.373190564447095
50.58585286140442,1771527570.5858529,breathing,17.022227280186954,AppState.ESTIMATE_BREATHING_RATE,0.0000;3.0000,True,0.40036384016275356,1.6231116816875422,23.69648299522332,0,10.139135837554932,2.140301928166605,20.93496422233213,0.10223575762222832,0,3258.458884316519,78.31634097136333,41.60637287008059,3258.458884316519,112.057366978808,29.078488743213747,1156.758032344555,1156.758032344555,4943595.390625,114412.4993278492,421647.00000000093,4306483.022237532,7,0.2734375,16.40625,216.567526568301,1.1558998458063237,1185.1533733606002,3.6549867246478973,16.978607927397356,17.085406174434723,0.005,120.0,0,3,1771527570585,816,True,44.39687728881836,16,5.87686894403621
50.6402325630188,1771527570.6402326,breathing,17.013531290639,AppState.ESTIMATE_BREATHING_RATE,0.0000;3.0000,True,0.40036384016275356,1.6573220519788883,23.675470675010367,0,10.139135837554932,1.9826056086626789,21.58472730358353,0.09185224259199565,0,2941.9348875888636,78.40389648230293,37.52281480315694,2941.9348875888636,112.25703476887746,26.207131638740638,789.0812345733971,789.0812345733971,3723285.6875,91527.96559558382,359289.0,3438931.5462100683,7,0.2734375,16.40625,217.29282504828745,1.154969275801761,1197.711305350011,3.6737744024311043,16.978607927397356,17.085406174434723,0.005,120.0,0,3,1771527570640,817,True,54.37970161437988,16,6.434234024039455
50.71228790283203,1771527570.712288,breathing,17.005771545583226,AppState.ESTIMATE_BREATHING_RATE,0.0000;3.0000,True,0.40036384016275356,1.6882126432268372,23.639541791231892,0,10.139135837554932,1.9819306387826976,20.06458791458697,0.09877754016782249,0,2336.5438126175272,78.39270440268939,29.80562834757315,2336.5438126175272,112.54255153068861,20.76142561917682,306.93949943394534,172.50724414104297,2152743.078125,79592.72098710181,403400.00000000093,2200354.2956459103,7,0.2734375,16.40625,218.00585197248273,1.1535840613766728,1210.6231603018625,3.69599039466714,17.153461562117208,17.085406174434723,0.005,120.0,0,3,1771527570712,818,True,72.05533981323242,16,7.020423954911626
50.73659062385559,1771527570.7365906,breathing,16.998812915185017,AppState.ESTIMATE_BREATHING_RATE,0.0000;3.0000,True,0.40036384016275356,1.6843034777214543,23.609655213653156,0,10.139135837554932,1.6471338344692086,20.63591583912894,0.07981879007599775,0,1397.808263463287,78.16603183760289,17.882553720386873,1397.808263463287,112.28675901844747,12.448558277661162,927.9162734362958,719.5809158587413,700031.234375,30081.715706901603,110800.75000000012,774654.7164807391,7,0.2734375,16.40625,218.71326093162722,1.1518275355649188,1223.813923104483,3.7218836168705485,17.742689247875518,17.085406174434723,0.005,120.0,0,3,1771527570736,819,True,24.30272102355957,16,7.609651640669937
50.789571046829224,1771527570.789571,breathing,16.992200119816417,AppState.ESTIMATE_BREATHING_RATE,0.0000;3.0000,True,0.40036384016275356,1.6504238214368119,23.6019469334929,0,10.139135837554932,1.3282848033075467,22.834966633991318,0.05816889617312339,0,831.6842709601402,77.97155303216744,10.666508984454362,831.6842709601402,111.9443076466541,7.429446735048604,1207.4321836325162,1207.4321836325162,339461.59375,14570.116777606338,67606.24999999994,221433.226985985,7,0.2734375,16.40625,219.4392708360396,1.1498875370456356,1237.2042987991656,3.7514568043020384,18.303515054860874,17.085406174434723,0.005,120.0,0,3,1771527570789,820,True,52.98042297363281,16,8.17047744765529
50.84394955635071,1771527570.8439496,breathing,16.986363456781607,AppState.ESTIMATE_BREATHING_RATE,0.0000;3.0000,True,0.40036384016275356,1.6190519407073505,23.604999742364118,0,10.139135837554932,1.3207576849997407,23.90875676905329,0.05524158774554286,1,1100.8125017742575,77.84236400633257,14.141560521858809,1042.3096817435066,111.64615756083037,9.335831205532251,936.121944136002,936.121944136002,763556.640625,33156.14180613459,146171.5,429760.2780882966,7,0.2734375,16.40625,220.17627905509752,1.1476525078811577,1250.8208684468589,3.7843743711269053,18.79914705278816,17.085406174434723,0.005,120.0,0,3,1771527570843,821,True,54.378509521484375,16,8.66610944558258
50.88830327987671,1771527570.8883033,breathing,16.981280492624823,AppState.ESTIMATE_BREATHING_RATE,0.0000;3.0000,True,0.40036384016275356,1.5964082828089319,23.604966261745183,0,10.139135837554932,1.381104867066841,23.601634912260497,0.05851733882600108,0,1377.3799927874843,77.73086741004792,17.71985877249733,1377.3799927874843,111.43987630261697,12.359848543216474,564.4600725253836,564.4600725253836,999576.484375,30109.331211367884,121203.50000000035,707044.8724051071,7,0.2734375,16.40625,220.92878807634392,1.1451695077800614,1264.6318149545395,3.820039298221561,19.207072791490518,17.085406174434723,0.005,120.0,0,3,1771527570888,822,True,44.35372352600098,16,9.074035184284938
50.94369673728943,1771527570.9436967,breathing,16.97662519134922,AppState.ESTIMATE_BREATHING_RATE,0.0000;3.0000,True,0.40036384016275356,1.5653904657680355,23.611714895709092,0,10.139135837554932,1.2704627651408937,24.28320959897015,0.05231856851173642,0,1044.5608302655235,77.53428795446055,13.47224380090483,1044.5608302655235,111.21373771220958,9.392372307090028,842.6535661917087,842.6535661917087,509366.359375,13563.92821223377,52049.75000000006,431762.63785412995,7,0.2734375,16.40625,221.71127275312355,1.1425795599679294,1278.5840777895346,3.857716332408681,19.519011355103945,17.085406174434723,0.005,120.0,0,3,1771527570943,823,True,55.39345741271973,16,9.385973747898364
50.989383697509766,1771527570.9893837,breathing,16.97193529273917,AppState.ESTIMATE_BREATHING_RATE,0.0000;3.0000,True,0.40036384016275356,1.5271222377898364,23.644903418018757,0,10.139135837554932,1.163255223234791,26.947189044886336,0.043167961647278735,0,371.4878552018895,77.2652971683563,4.807952196024464,371.4878552018895,110.78946756601981,3.3530972154655907,1423.4502766497726,1423.4502766497726,54071.421875,3623.809608123437,12875.750000000007,49813.213878537645,7,0.2734375,16.40625,222.5359899435228,1.140057157822425,1292.5927588901482,3.8966059349607094,19.73180880641248,17.085406174434723,0.005,120.0,0,3,1771527570989,824,True,45.686960220336914,16,9.5987711992069
51.04398584365845,1771527571.0439858,breathing,16.96692901387779,AppState.ESTIMATE_BREATHING_RATE,0.0000;3.0000,True,0.40036384016275356,1.4835136282490882,23.686027213887606,0,10.139135837554932,1.0688684930855683,27.77787917261088,0.03847912529265368,0,774.3365229544904,77.05061323878031,10.049712655041008,774.3365229544904,110.38284811465101,7.0150076408899835,958.4681688892747,958.4681688892747,245090.671875,9675.639457920997,34362.74999999997,221944.71102549433,7,0.2734375,16.40625,223.4131786845054,1.1377052403960042,1306.6275321172739,3.9359082629986446,19.84627962084776,17.085406174434723,0.005,120.0,0,3,1771527571043,825,True,54.60214614868164,16,9.71324201364218
51.08839964866638,1771527571.0883996,breathing,16.961239216585263,AppState.ESTIMATE_BREATHING_RATE,0.0000;3.0000,True,0.40036384016275356,1.4366613395379453,23.726809157442116,0,10.139135837554932,0.9911742260999642,27.784646526012015,0.03567345098798908,0,946.3411159896308,76.81019827293878,12.32051390642899,946.3411159896308,109.9728268638961,8.60522679072559,814.554200041861,738.5842789935976,319453.546875,20251.943758026573,86392.5,354786.28541494376,7,0.2734375,16.40625,224.34979239201314,1.1356427086443621,1320.632385648585,3.9749198833274604,19.871979462121136,17.085406174434723,0.005,120.0,0,3,1771527571088,826,True,44.41380500793457,16,9.738941854915554
51.14313769340515,1771527571.1431377,breathing,16.954631878156942,AppState.ESTIMATE_BREATHING_RATE,0.0000;3.0000,True,0.40036384016275356,1.4030245097692282,23.743130092612184,0,10.139135837554932,1.0831943667583754,25.367076742790367,0.04270079590560358,0,1604.9117211898292,76.7201993621825,20.919024383557787,1604.9117211898292,110.1185035505978,14.574405476167971,109.84879781909609,75.14250294954218,1189168.59375,24526.09563140654,78024.25,990939.09141534,7,0.2734375,16.40625,225.35253220204936,1.1339356429622918,1334.5982408854172,4.013127478627099,19.871979462121136,17.085406174434723,0.005,120.0,0,3,1771527571143,827,True,54.73804473876953,16,9.695130972510034
51.18720555305481,1771527571.1872056,breathing,16.947060154298075,AppState.ESTIMATE_BREATHING_RATE,0.0000;3.0000,True,0.40036384016275356,1.3790175870337051,23.74254988017658,0,10.139135837554932,1.150751796691786,23.684818259324366,0.04858605137027664,0,1902.8267182093198,76.65566710498777,24.823040357582187,1902.8267182093198,110.07873388407351,17.286052001614998,209.2102761829301,209.2102761829301,1613715.328125,38504.587994253074,157439.0,1384423.803886911,7,0.2734375,16.40625,226.4167118338825,1.1325920064575012,1348.5137205407073,4.050140252053163,19.871979462121136,17.085406174434723,0.005,120.0,0,3,1771527571187,828,True,44.0678596496582,16,9.592147319447118
51.2414915561676,1771527571.2414916,breathing,16.938355682693274,AppState.ESTIMATE_BREATHING_RATE,0.0000;3.0000,True,0.40036384016275356,1.3568159411039922,23.721944508584233,0,10.139135837554932,1.145715321883918,21.67169286403153,0.05286690472310046,0,1756.8072069808914,76.50923500821237,22.962028136464266,1756.8072069808914,109.8980431938564,15.98579152010885,60.36519040655037,59.34375984582266,1406059.546875,51479.08248329624,224416.5,1192738.966591872,7,0.2734375,16.40625,227.54268955936266,1.1316498576835703,1362.3654161976335,4.085593019053732,19.871979462121136,17.085406174434723,0.005,120.0,0,3,1771527571241,829,True,54.28600311279297,16,9.42788214936355
51.28563117980957,1771527571.2856312,breathing,16.9284283126819,AppState.ESTIMATE_BREATHING_RATE,0.0000;3.0000,True,0.40036384016275356,1.3301409519064997,23.6943423159253,0,10.139135837554932,1.0765062999934518,20.947901144572548,0.05138969735022725,0,1301.314383613737,76.34321572411947,17.045579901942233,1301.314383613737,109.63600391779889,11.869407285015113,372.0318135994112,372.0318135994112,750364.234375,17057.131432993378,65476.74999999988,672140.2340458425,7,0.2734375,16.40625,228.72733443076095,1.1311202619765846,1376.146315666301,4.119126637002773,19.871979462121136,17.085406174434723,0.005,120.0,0,3,1771527571285,830,True,44.13962364196777,16,9.19823713209429
51.33982181549072,1771527571.3398218,breathing,16.91719808706144,AppState.ESTIMATE_BREATHING_RATE,0.0000;3.0000,True,0.40036384016275356,1.3012230851536999,23.666176678038767,0,10.139135837554932,1.0262624089333043,20.863672237002916,0.04918896334385374,0,1103.9854646914514,76.11493707376529,14.504189415633904,1103.9854646914514,109.35863601304288,10.09509175434199,576.4655459051428,534.698489577346,465459.0,22394.158829822383,78969.99999999988,487758.67147155997,7,0.2734375,16.40625,229.96504007730186,1.1310068964707056,1389.8421361311866,4.150402257727606,19.871979462121136,17.085406174434723,0.005,120.0,0,3,1771527571339,831,True,54.190635681152344,16,8.901845289298095
51.39545679092407,1771527571.3954568,breathing,16.904674138596143,AppState.ESTIMATE_BREATHING_RATE,0.0000;3.0000,True,0.40036384016275356,1.2795716540788837,23.628663108009576,0,10.139135837554932,1.0737026603401143,19.89603162884904,0.05396566915028878,0,1335.960014430166,75.92849355225957,17.594975903124762,1335.960014430166,109.20340303584304,12.233684823717809,284.2943395019804,284.2943395019804,777989.5,21690.180231356993,70688.75,714272.3293598695,7,0.2734375,16.40625,231.24740782948047,1.1312852460676461,1403.4476281217,4.179127858140998,19.871979462121136,17.085406174434723,0.005,120.0,0,3,1771527571395,832,True,55.63497543334961,16,8.540926198825494
51.4405517578125,1771527571.4405518,breathing,16.890994365656233,AppState.ESTIMATE_BREATHING_RATE,0.0000;3.0000,True,0.5204729922115796,1.2536893093420454,23.574972809631454,1,10.139135837554932,1.007591384075085,18.23274337916755,0.0552627414901852,0,1631.7015861995876,75.81597519478872,21.521870318041127,1401.622141986295,97.17832704773788,14.423196864495711,187.0621836110376,95.65137928240529,1273663.390625,44421.39528469157,197039.75,1099227.4178964105,7,0.2734375,16.40625,232.56209188861095,1.1318927607905032,1416.973080029277,4.205021393486211,19.871979462121136,17.085406174434723,0.005,120.0,0,3,1771527571440,833,True,45.094966888427734,16,8.112056136616754
51.49511408805847,1771527571.495114,breathing,16.876475943317224,AppState.ESTIMATE_BREATHING_RATE,0.0000;3.0000,True,0.40036384016275356,1.2259580625133817,23.52879498447998,0,10.139135837554932,0.9622801624239573,18.93406290045136,0.050822698088226766,0,847.5311572443811,75.59065808357379,11.2121150777141,847.5311572443811,108.7484701858612,7.793499584758098,726.3348755596314,726.3348755596314,357510.734375,20373.94348074979,78438.0,288611.2938541605,7,0.2734375,16.40625,233.89181832655348,1.132713819998136,1430.4623384679799,4.227767793540694,19.871979462121136,17.085406174434723,0.005,120.0,0,3,1771527571495,834,True,54.56233024597168,16,7.603538827881397
51.53938817977905,1771527571.5393882,breathing,16.86130325196489,AppState.ESTIMATE_BREATHING_RATE,0.0000;3.0000,True,0.40036384016275356,1.1974933676257682,23.501480158722,0,10.139135837554932,0.9268415999275974,20.783632233486045,0.044594784466485106,0,480.0386133557383,75.37974377290573,6.368270696111249,480.0386133557383,108.4566710035187,4.426086555208191,1027.2360484835342,1027.2360484835342,109915.484375,9313.639023659722,31889.500000000044,86461.60651562318,7,0.2734375,16.40625,235.22000059702177,1.1325010100801984,1443.9303390391462,4.247091061605559,19.871979462121136,17.085406174434723,0.005,120.0,0,3,1771527571539,835,True,44.274091720581055,16,7.011388140481428
51.59371733665466,1771527571.5937173,breathing,16.84578819081136,AppState.ESTIMATE_BREATHING_RATE,0.0000;3.0000,True,0.40036384016275356,1.1729854975512337,23.46436246576196,0,10.139135837554932,0.9399565336231425,19.77112108487843,0.04754189352947257,0,1233.3041811025373,75.38443193568419,16.360197316846484,1233.3041811025373,108.11493085169782,11.407343753314368,257.291368847832,257.291368847832,751543.765625,18154.790479733932,85961.75,598567.5228535408,7,0.2734375,16.40625,236.52763004963552,1.1313691155294319,1457.4122105645947,4.262855877400353,19.871979462121136,17.085406174434723,0.005,120.0,0,3,1771527571593,836,True,54.32915687561035,16,6.3471146399913225
51.637909173965454,1771527571.6379092,breathing,16.830186431587386,AppState.ESTIMATE_BREATHING_RATE,0.0000;3.0000,True,0.40036384016275356,1.156276782274994,23.41050836371844,0,10.139135837554932,0.997404771057772,18.051980332044455,0.05525182016911495,0,1451.9079002406627,75.35753621330898,19.26692369707507,1451.9079002406627,107.90883793058424,13.454948900118758,172.26639173253307,36.332375387846696,1103658.375,43954.00162812255,186473.99999999988,826135.2806154122,7,0.2734375,16.40625,237.79761529269055,1.1301057072267366,1470.9275121089963,4.275084565938903,19.871979462121136,17.085406174434723,0.005,120.0,0,3,1771527571637,837,True,44.191837310791016,16,5.627461607458581
51.6920268535614,1771527571.6920269,breathing,16.81477884392041,AppState.ESTIMATE_BREATHING_RATE,0.0000;3.0000,True,0.40036384016275356,1.148846255147763,23.341810588141662,0,10.139135837554932,1.0781943366973952,16.50632467020156,0.06532007325522388,0,1448.203640775789,75.29131800129855,19.234669802587025,1448.203640775789,107.65005119839391,13.452883901498252,226.90819624998574,37.59923535417602,1184617.671875,43324.93151202015,175581.5,836312.8988703408,7,0.2734375,16.40625,239.01483729547593,1.1286182228669612,1484.505029993443,4.283932086733999,19.871979462121136,17.085406174434723,0.005,120.0,0,3,1771527571692,838,True,54.117679595947266,16,4.867972994186666
51.75395393371582,1771527571.753954,breathing,16.799869483821354,AppState.ESTIMATE_BREATHING_RATE,0.0000;3.0000,True,0.5204729922115796,1.1509771824662662,23.269269809503406,1,10.139135837554932,1.171238746760785,16.051401884448804,0.07296800336315526,0,1674.4231679335126,75.20427056296768,22.265001114654414,1545.7854445637013,96.17176563074784,16.073173185596715,310.9850671122259,306.0004367436645,1550166.734375,40206.47151185183,172363.50000000023,1113162.8404024737,7,0.2734375,16.40625,240.1635343958143,1.126811798492111,1498.1644302643078,4.289662945074324,19.871979462121136,17.085406174434723,0.005,120.0,0,3,1771527571753,839,True,61.927080154418945,16,4.083804323228836
