Frame_Idx,Timestamp,Unix_Time,Quality_Flag,Breath_Rate_BPM,App_State,Distances_Being_Analyzed,Presence_Detected,Presence_Distance_m,Intra_Presence_Score,Inter_Presence_Score,Presence_Distance_Index,Radar_Enter_Time
0,8.210201740264893,1770674570.2102017,presence_only,,AppState.NO_PRESENCE_DETECTED,,False,0.0,0.13044142828095096,0.0,0,
1,8.252240657806396,1770674570.2522407,presence_only,,AppState.NO_PRESENCE_DETECTED,,False,0.0,0.2554156199661521,0.8649361414869782,0,
2,8.30415153503418,1770674570.3041515,presence_only,,AppState.DETERMINE_DISTANCE_ESTIMATE,,True,0.6405821442604057,0.3905976321586929,2.235471010329641,2,8.30415153503418
3,8.35665225982666,1770674570.3566523,presence_only,,AppState.DETERMINE_DISTANCE_ESTIMATE,,True,0.6405821442604057,0.5164408316957735,4.176883972443033,2,8.30415153503418
4,8.408462285995483,1770674570.4084623,presence_only,,AppState.DETERMINE_DISTANCE_ESTIMATE,,True,0.5204729922115796,0.6152255902034672,6.312879155824371,1,8.30415153503418
5,8.450098037719727,1770674570.450098,presence_only,,AppState.DETERMINE_DISTANCE_ESTIMATE,,True,0.5204729922115796,0.7278332737963034,8.586917966469256,1,8.30415153503418
6,8.501725435256958,1770674570.5017254,presence_only,,AppState.DETERMINE_DISTANCE_ESTIMATE,,True,0.5204729922115796,0.8479903857268859,10.391491985579695,1,8.30415153503418
7,8.553600788116455,1770674570.5536008,presence_only,,AppState.DETERMINE_DISTANCE_ESTIMATE,,True,0.5204729922115796,0.947863250483916,11.520797070590527,1,8.30415153503418
8,8.605275869369507,1770674570.6052759,presence_only,,AppState.DETERMINE_DISTANCE_ESTIMATE,,True,0.6405821442604057,1.0255490687960265,12.063823346325918,2,8.30415153503418
9,8.656845331192017,1770674570.6568453,presence_only,,AppState.DETERMINE_DISTANCE_ESTIMATE,,True,0.6405821442604057,1.0877988876571492,12.721429741447924,2,8.30415153503418
10,8.708579301834106,1770674570.7085793,presence_only,,AppState.DETERMINE_DISTANCE_ESTIMATE,,True,0.6405821442604057,1.1241402538210425,13.566025192368059,2,8.30415153503418
11,8.750160217285156,1770674570.7501602,presence_only,,AppState.DETERMINE_DISTANCE_ESTIMATE,,True,0.5204729922115796,1.1363332166586602,14.679942325319042,1,8.30415153503418
12,8.801784992218018,1770674570.801785,presence_only,,AppState.DETERMINE_DISTANCE_ESTIMATE,,True,0.5204729922115796,1.1301818791324894,15.930580706516109,1,8.30415153503418
13,8.853391170501709,1770674570.8533912,presence_only,,AppState.DETERMINE_DISTANCE_ESTIMATE,,True,0.5204729922115796,1.1211530038083921,17.176760389439735,1,8.30415153503418
14,8.904958009719849,1770674570.904958,presence_only,,AppState.DETERMINE_DISTANCE_ESTIMATE,,True,0.5204729922115796,1.1121726889862402,18.321635521859815,1,8.30415153503418
15,8.956618309020996,1770674570.9566183,presence_only,,AppState.DETERMINE_DISTANCE_ESTIMATE,,True,0.5204729922115796,1.1033329874413258,19.370167944548076,1,8.30415153503418
16,9.008265018463135,1770674571.008265,presence_only,,AppState.DETERMINE_DISTANCE_ESTIMATE,,True,0.5204729922115796,1.0972322514136754,20.340414049923563,1,8.30415153503418
17,9.049760818481445,1770674571.0497608,presence_only,,AppState.DETERMINE_DISTANCE_ESTIMATE,,True,0.5204729922115796,1.086291949149228,21.217612918115353,1,8.30415153503418
18,9.101547956466675,1770674571.101548,presence_only,,AppState.DETERMINE_DISTANCE_ESTIMATE,,True,0.5204729922115796,1.0739590595673083,22.039606841601678,1,8.30415153503418
19,9.153236389160156,1770674571.1532364,presence_only,,AppState.DETERMINE_DISTANCE_ESTIMATE,,True,0.5204729922115796,1.0688994506659708,22.79552480482465,1,8.30415153503418
20,9.226515769958496,1770674571.2265158,presence_only,,AppState.DETERMINE_DISTANCE_ESTIMATE,,True,0.5204729922115796,1.0660219448445627,23.50847464949624,1,8.30415153503418
21,9.25841212272644,1770674571.2584121,presence_only,,AppState.DETERMINE_DISTANCE_ESTIMATE,,True,0.5204729922115796,1.0648053790239498,24.168685177811767,1,8.30415153503418
22,9.300353765487671,1770674571.3003538,presence_only,,AppState.DETERMINE_DISTANCE_ESTIMATE,,True,0.5204729922115796,1.0606243009729837,24.793169215468374,1,8.30415153503418
23,9.35239315032959,1770674571.3523932,presence_only,,AppState.DETERMINE_DISTANCE_ESTIMATE,,True,0.5204729922115796,1.0527897323369384,25.400987350540593,1,8.30415153503418
24,9.404250621795654,1770674571.4042506,presence_only,,AppState.DETERMINE_DISTANCE_ESTIMATE,,True,0.5204729922115796,1.0494089222807554,26.026352921120118,1,8.30415153503418
25,9.455979347229004,1770674571.4559793,presence_only,,AppState.DETERMINE_DISTANCE_ESTIMATE,,True,0.5204729922115796,1.0464561396112144,26.65127939052607,1,8.30415153503418
26,9.507811546325684,1770674571.5078115,presence_only,,AppState.DETERMINE_DISTANCE_ESTIMATE,,True,0.5204729922115796,1.0504389412272992,27.252682954824895,1,8.30415153503418
27,9.560216665267944,1770674571.5602167,presence_only,,AppState.DETERMINE_DISTANCE_ESTIMATE,,True,0.5204729922115796,1.0523667809990187,27.778667930045234,1,8.30415153503418
28,9.601991176605225,1770674571.6019912,presence_only,,AppState.DETERMINE_DISTANCE_ESTIMATE,,True,0.5204729922115796,1.0468038498052856,28.146731200770954,1,8.30415153503418
29,9.653721570968628,1770674571.6537216,presence_only,,AppState.DETERMINE_DISTANCE_ESTIMATE,,True,0.5204729922115796,1.0592595291248657,28.410371480064665,1,8.30415153503418
30,9.705458164215088,1770674571.7054582,presence_only,,AppState.DETERMINE_DISTANCE_ESTIMATE,,True,0.5204729922115796,1.0996638071827676,28.653360861064726,1,8.30415153503418
31,9.757014513015747,1770674571.7570145,presence_only,,AppState.DETERMINE_DISTANCE_ESTIMATE,,True,0.5204729922115796,1.1836408321065763,28.979472817857584,1,8.30415153503418
32,9.808696269989014,1770674571.8086963,presence_only,,AppState.DETERMINE_DISTANCE_ESTIMATE,,True,0.5204729922115796,1.3131602396045623,29.461578761795156,1,8.30415153503418
33,9.850200414657593,1770674571.8502004,presence_only,,AppState.DETERMINE_DISTANCE_ESTIMATE,,True,0.5204729922115796,1.4566996034927864,30.128545925096258,1,8.30415153503418
34,9.901729345321655,1770674571.9017293,presence_only,,AppState.DETERMINE_DISTANCE_ESTIMATE,,True,0.5204729922115796,1.6370247420288986,30.923057934967222,1,8.30415153503418
35,9.953261375427246,1770674571.9532614,presence_only,,AppState.DETERMINE_DISTANCE_ESTIMATE,,True,0.5204729922115796,1.825993060800756,31.824011798035798,1,8.30415153503418
36,10.004867792129517,1770674572.0048678,presence_only,,AppState.DETERMINE_DISTANCE_ESTIMATE,,True,0.5204729922115796,1.992503469470101,32.72680268259805,1,8.30415153503418
37,10.056404113769531,1770674572.056404,presence_only,,AppState.DETERMINE_DISTANCE_ESTIMATE,,True,0.5204729922115796,2.116854132371328,33.560636485359346,1,8.30415153503418
38,10.108107805252075,1770674572.1081078,presence_only,,AppState.DETERMINE_DISTANCE_ESTIMATE,,True,0.5204729922115796,2.2219890685739014,34.38007574289328,1,8.30415153503418
39,10.149569272994995,1770674572.1495693,presence_only,,AppState.DETERMINE_DISTANCE_ESTIMATE,,True,0.5204729922115796,2.3113793629637622,35.15433040523143,1,8.30415153503418
40,10.206489562988281,1770674572.2064896,presence_only,,AppState.DETERMINE_DISTANCE_ESTIMATE,,True,0.5204729922115796,2.3612268905145473,35.79002343559004,1,8.30415153503418
41,10.275707721710205,1770674572.2757077,presence_only,,AppState.DETERMINE_DISTANCE_ESTIMATE,,True,0.5204729922115796,2.376627080842553,36.25771446817314,1,8.30415153503418
42,10.307618379592896,1770674572.3076184,presence_only,,AppState.DETERMINE_DISTANCE_ESTIMATE,,True,0.5204729922115796,2.3617825706319273,36.604972193692284,1,8.30415153503418
43,10.359470129013062,1770674572.3594701,presence_only,,AppState.DETERMINE_DISTANCE_ESTIMATE,,True,0.5204729922115796,2.3225829247259235,36.878927376366875,1,8.30415153503418
44,10.401347160339355,1770674572.4013472,presence_only,,AppState.DETERMINE_DISTANCE_ESTIMATE,,True,0.5204729922115796,2.2810972508682137,37.10729725428172,1,8.30415153503418
45,10.453225374221802,1770674572.4532254,presence_only,,AppState.DETERMINE_DISTANCE_ESTIMATE,,True,0.5204729922115796,2.2324097689450526,37.26079574414949,1,8.30415153503418
46,10.505074739456177,1770674572.5050747,presence_only,,AppState.DETERMINE_DISTANCE_ESTIMATE,,True,0.5204729922115796,2.193065107986285,37.31352578895325,1,8.30415153503418
47,10.556893110275269,1770674572.556893,presence_only,,AppState.DETERMINE_DISTANCE_ESTIMATE,,True,0.5204729922115796,2.161169310494557,37.34417304620357,1,8.30415153503418
48,10.608567953109741,1770674572.608568,presence_only,,AppState.DETERMINE_DISTANCE_ESTIMATE,,True,0.5204729922115796,2.140373481163998,37.35655796002831,1,8.30415153503418
49,10.650050401687622,1770674572.6500504,presence_only,,AppState.DETERMINE_DISTANCE_ESTIMATE,,True,0.5204729922115796,2.1414491980271944,37.31512800906753,1,8.30415153503418
50,10.701798677444458,1770674572.7017987,presence_only,,AppState.DETERMINE_DISTANCE_ESTIMATE,,True,0.6405821442604057,2.1400884333117585,37.227071997599204,2,8.30415153503418
51,10.753566265106201,1770674572.7535663,presence_only,,AppState.DETERMINE_DISTANCE_ESTIMATE,,True,0.6405821442604057,2.1271068276038085,37.1556793376738,2,8.30415153503418
52,10.805190324783325,1770674572.8051903,presence_only,,AppState.DETERMINE_DISTANCE_ESTIMATE,,True,0.6405821442604057,2.088862478053864,37.059221422291515,2,8.30415153503418
53,10.856772184371948,1770674572.8567722,presence_only,,AppState.DETERMINE_DISTANCE_ESTIMATE,,True,0.6405821442604057,2.0473812619517124,36.9364614056522,2,8.30415153503418
54,10.909415006637573,1770674572.909415,presence_only,,AppState.DETERMINE_DISTANCE_ESTIMATE,,True,0.6405821442604057,2.007023443872435,36.82262328260784,2,8.30415153503418
55,10.95201849937439,1770674572.9520185,presence_only,,AppState.DETERMINE_DISTANCE_ESTIMATE,,True,0.6405821442604057,1.9925845415247936,36.75496720937275,2,8.30415153503418
56,11.004839420318604,1770674573.0048394,presence_only,,AppState.DETERMINE_DISTANCE_ESTIMATE,,True,0.6405821442604057,2.00267899871115,36.72896749915047,2,8.30415153503418
57,11.057562351226807,1770674573.0575624,presence_only,,AppState.DETERMINE_DISTANCE_ESTIMATE,,True,0.6405821442604057,2.0196763409384904,36.71798470421706,2,8.30415153503418
58,11.110455513000488,1770674573.1104555,presence_only,,AppState.DETERMINE_DISTANCE_ESTIMATE,,True,0.6405821442604057,2.028077695236057,36.6872618543187,2,8.30415153503418
59,11.153174877166748,1770674573.1531749,presence_only,,AppState.DETERMINE_DISTANCE_ESTIMATE,,True,0.6405821442604057,2.0193307877426414,36.60748503601702,2,8.30415153503418
60,11.203421354293823,1770674573.2034214,presence_only,,AppState.DETERMINE_DISTANCE_ESTIMATE,,True,0.6405821442604057,1.9951932317574848,36.50758642897756,2,8.30415153503418
61,11.256694316864014,1770674573.2566943,presence_only,,AppState.DETERMINE_DISTANCE_ESTIMATE,,True,0.6405821442604057,1.9494636616053043,36.4252851713621,2,8.30415153503418
62,11.342514276504517,1770674573.3425143,presence_only,,AppState.DETERMINE_DISTANCE_ESTIMATE,,True,0.6405821442604057,1.8839550298002383,36.37548717096328,2,8.30415153503418
63,11.355443000793457,1770674573.355443,presence_only,,AppState.DETERMINE_DISTANCE_ESTIMATE,,True,0.6405821442604057,1.81915880035256,36.32804108221091,2,8.30415153503418
64,11.408000230789185,1770674573.4080002,presence_only,,AppState.DETERMINE_DISTANCE_ESTIMATE,,True,0.6405821442604057,1.763670346495871,36.25046266397227,2,8.30415153503418
65,11.450179100036621,1770674573.450179,presence_only,,AppState.DETERMINE_DISTANCE_ESTIMATE,,True,0.6405821442604057,1.727287582452639,36.13149616219293,2,8.30415153503418
66,11.502833127975464,1770674573.5028331,presence_only,,AppState.DETERMINE_DISTANCE_ESTIMATE,,True,0.6405821442604057,1.713003636392025,35.9937253647437,2,8.30415153503418
67,11.556021451950073,1770674573.5560215,presence_only,,AppState.DETERMINE_DISTANCE_ESTIMATE,,True,0.6405821442604057,1.7074801630936112,35.84527606353985,2,8.30415153503418
68,11.608921766281128,1770674573.6089218,presence_only,,AppState.DETERMINE_DISTANCE_ESTIMATE,,True,0.6405821442604057,1.7043165515068626,35.66577489545104,2,8.30415153503418
69,11.65158200263977,1770674573.651582,presence_only,,AppState.DETERMINE_DISTANCE_ESTIMATE,,True,0.6405821442604057,1.6859605260052795,35.480769482050114,2,8.30415153503418
70,11.704553842544556,1770674573.7045538,presence_only,,AppState.DETERMINE_DISTANCE_ESTIMATE,,True,0.6405821442604057,1.6846610464709215,35.27322291162875,2,8.30415153503418
71,11.7575364112854,1770674573.7575364,presence_only,,AppState.DETERMINE_DISTANCE_ESTIMATE,,True,0.6405821442604057,1.6800078936954,35.05675326408903,2,8.30415153503418
72,11.810390949249268,1770674573.810391,presence_only,,AppState.DETERMINE_DISTANCE_ESTIMATE,,True,0.6405821442604057,1.6862499771428874,34.82714766796734,2,8.30415153503418
73,11.853134393692017,1770674573.8531344,presence_only,,AppState.DETERMINE_DISTANCE_ESTIMATE,,True,0.6405821442604057,1.6813828371906383,34.60247134086548,2,8.30415153503418
74,11.906407594680786,1770674573.9064076,presence_only,,AppState.DETERMINE_DISTANCE_ESTIMATE,,True,0.6405821442604057,1.6742458041988746,34.38407607397692,2,8.30415153503418
75,11.960116147994995,1770674573.9601161,presence_only,,AppState.DETERMINE_DISTANCE_ESTIMATE,,True,0.6405821442604057,1.660426334577551,34.173737616734506,2,8.30415153503418
76,12.002490997314453,1770674574.002491,presence_only,,AppState.DETERMINE_DISTANCE_ESTIMATE,,True,0.6405821442604057,1.6334402953234688,33.96794499227965,2,8.30415153503418
77,12.054348468780518,1770674574.0543485,presence_only,,AppState.DETERMINE_DISTANCE_ESTIMATE,,True,0.6405821442604057,1.6055689282912322,33.76805112132608,2,8.30415153503418
78,12.10605764389038,1770674574.1060576,presence_only,,AppState.DETERMINE_DISTANCE_ESTIMATE,,True,0.6405821442604057,1.5665645553238514,33.5733196045381,2,8.30415153503418
79,12.157594442367554,1770674574.1575944,presence_only,,AppState.DETERMINE_DISTANCE_ESTIMATE,,True,0.6405821442604057,1.534278116503394,33.399057727636546,2,8.30415153503418
80,12.203962326049805,1770674574.2039623,presence_only,,AppState.DETERMINE_DISTANCE_ESTIMATE,,True,0.6405821442604057,1.509933431782413,33.22316339750888,2,8.30415153503418
81,12.255856990814209,1770674574.255857,presence_only,,AppState.DETERMINE_DISTANCE_ESTIMATE,,True,0.5204729922115796,1.4822598564212706,33.04772615476615,1,8.30415153503418
82,12.307660818099976,1770674574.3076608,presence_only,,AppState.DETERMINE_DISTANCE_ESTIMATE,,True,0.5204729922115796,1.4739302210520906,32.883760037649495,1,8.30415153503418
83,12.376221418380737,1770674574.3762214,presence_only,,AppState.DETERMINE_DISTANCE_ESTIMATE,,True,0.5204729922115796,1.4663646234876693,32.72911118849461,1,8.30415153503418
84,12.408119201660156,1770674574.4081192,presence_only,,AppState.DETERMINE_DISTANCE_ESTIMATE,,True,0.5204729922115796,1.4779272330689428,32.58158947843448,1,8.30415153503418
85,12.459997415542603,1770674574.4599974,presence_only,,AppState.DETERMINE_DISTANCE_ESTIMATE,,True,0.40036384016275356,1.491899970518249,32.4319547141863,0,8.30415153503418
86,12.501739263534546,1770674574.5017393,presence_only,,AppState.DETERMINE_DISTANCE_ESTIMATE,,True,0.40036384016275356,1.5074377725513455,32.2751386679043,0,8.30415153503418
87,12.553648233413696,1770674574.5536482,presence_only,,AppState.DETERMINE_DISTANCE_ESTIMATE,,True,0.40036384016275356,1.5121928545800554,32.107440020964084,0,8.30415153503418
88,12.605600833892822,1770674574.6056008,presence_only,,AppState.DETERMINE_DISTANCE_ESTIMATE,,True,0.40036384016275356,1.514560288581038,31.92604803918989,0,8.30415153503418
89,12.657232999801636,1770674574.657233,presence_only,,AppState.DETERMINE_DISTANCE_ESTIMATE,,True,0.7606912963092318,1.5199724852048921,31.73952785337861,3,8.30415153503418
90,12.708953142166138,1770674574.7089531,presence_only,,AppState.DETERMINE_DISTANCE_ESTIMATE,,True,0.7606912963092318,1.5443236116565797,31.564680527649973,3,8.30415153503418
91,12.750477075576782,1770674574.750477,presence_only,,AppState.DETERMINE_DISTANCE_ESTIMATE,,True,0.7606912963092318,1.578994473099707,31.40612017861781,3,8.30415153503418
92,12.802093505859375,1770674574.8020935,presence_only,,AppState.DETERMINE_DISTANCE_ESTIMATE,,True,0.7606912963092318,1.6192281388611565,31.26195009574635,3,8.30415153503418
93,12.85370135307312,1770674574.8537014,presence_only,,AppState.DETERMINE_DISTANCE_ESTIMATE,,True,0.7606912963092318,1.655923798422958,31.13233223739649,3,8.30415153503418
94,12.905275344848633,1770674574.9052753,presence_only,,AppState.DETERMINE_DISTANCE_ESTIMATE,,True,0.7606912963092318,1.692803978160208,31.017604706235606,3,8.30415153503418
95,12.95678448677063,1770674574.9567845,presence_only,,AppState.DETERMINE_DISTANCE_ESTIMATE,,True,0.6405821442604057,1.748904621402723,30.9235476852487,2,8.30415153503418
96,13.00871229171753,1770674575.0087123,presence_only,,AppState.DETERMINE_DISTANCE_ESTIMATE,,True,0.6405821442604057,1.7859994552262253,30.836162318862307,2,8.30415153503418
97,13.050629615783691,1770674575.0506296,presence_only,,AppState.DETERMINE_DISTANCE_ESTIMATE,,True,0.6405821442604057,1.8182492492402287,30.743302288429067,2,8.30415153503418
98,13.10265851020813,1770674575.1026585,presence_only,,AppState.DETERMINE_DISTANCE_ESTIMATE,,True,0.6405821442604057,1.84946002666365,30.645875694174347,2,8.30415153503418
99,13.154750108718872,1770674575.15475,presence_only,,AppState.DETERMINE_DISTANCE_ESTIMATE,,True,0.6405821442604057,1.8901140568656047,30.559814336586534,2,8.30415153503418
100,13.202943563461304,1770674575.2029436,presence_only,,AppState.DETERMINE_DISTANCE_ESTIMATE,,True,0.6405821442604057,1.9453588410233338,30.489172401217456,2,8.30415153503418
101,13.254871368408203,1770674575.2548714,presence_only,,AppState.DETERMINE_DISTANCE_ESTIMATE,,True,0.6405821442604057,1.9917531370575807,30.422786962535554,2,8.30415153503418
102,13.306509971618652,1770674575.30651,presence_only,,AppState.DETERMINE_DISTANCE_ESTIMATE,,True,0.6405821442604057,2.007372260238531,30.355758974437908,2,8.30415153503418
103,13.366089582443237,1770674575.3660896,breathing_no_rate,,AppState.ESTIMATE_BREATHING_RATE,1.0000;4.0000,True,0.6405821442604057,2.0167746338771533,30.29098359862462,2,8.30415153503418
104,13.427150011062622,1770674575.42715,breathing_no_rate,,AppState.ESTIMATE_BREATHING_RATE,1.0000;4.0000,True,0.6405821442604057,2.031523855588361,30.235664144277706,2,8.30415153503418
105,13.461185693740845,1770674575.4611857,breathing_no_rate,,AppState.ESTIMATE_BREATHING_RATE,1.0000;4.0000,True,0.6405821442604057,2.0520318524767354,30.193254375558922,2,8.30415153503418
106,13.504354000091553,1770674575.504354,breathing_no_rate,,AppState.ESTIMATE_BREATHING_RATE,1.0000;4.0000,True,0.6405821442604057,2.0798535139748333,30.155531156935314,2,8.30415153503418
107,13.55753207206726,1770674575.557532,breathing_no_rate,,AppState.ESTIMATE_BREATHING_RATE,1.0000;4.0000,True,0.6405821442604057,2.114848780383047,30.114236980186547,2,8.30415153503418
108,13.610588788986206,1770674575.6105888,breathing_no_rate,,AppState.ESTIMATE_BREATHING_RATE,1.0000;4.0000,True,0.6405821442604057,2.144396708311647,30.064953446343896,2,8.30415153503418
109,13.653434038162231,1770674575.653434,breathing_no_rate,,AppState.ESTIMATE_BREATHING_RATE,1.0000;4.0000,True,0.6405821442604057,2.1692507464050856,30.004787091394185,2,8.30415153503418
110,13.706440448760986,1770674575.7064404,breathing_no_rate,,AppState.ESTIMATE_BREATHING_RATE,1.0000;4.0000,True,0.6405821442604057,2.187146667152654,29.92733223259518,2,8.30415153503418
111,13.759339332580566,1770674575.7593393,breathing_no_rate,,AppState.ESTIMATE_BREATHING_RATE,1.0000;4.0000,True,0.6405821442604057,2.2039762231270443,29.828586153123606,2,8.30415153503418
112,13.802227258682251,1770674575.8022273,breathing_no_rate,,AppState.ESTIMATE_BREATHING_RATE,1.0000;4.0000,True,0.6405821442604057,2.2160613331973202,29.714113425801187,2,8.30415153503418
113,13.855154991149902,1770674575.855155,breathing_no_rate,,AppState.ESTIMATE_BREATHING_RATE,1.0000;4.0000,True,0.6405821442604057,2.214007346902817,29.586669053873678,2,8.30415153503418
114,13.908110857009888,1770674575.9081109,breathing_no_rate,,AppState.ESTIMATE_BREATHING_RATE,1.0000;4.0000,True,0.7606912963092318,2.19942956198743,29.449123351037958,3,8.30415153503418
115,13.950974941253662,1770674575.950975,breathing_no_rate,,AppState.ESTIMATE_BREATHING_RATE,1.0000;4.0000,True,0.7606912963092318,2.180693145261272,29.313061438139353,3,8.30415153503418
116,14.003936052322388,1770674576.003936,breathing_no_rate,,AppState.ESTIMATE_BREATHING_RATE,1.0000;4.0000,True,0.7606912963092318,2.1757655072489155,29.186599371141906,3,8.30415153503418
117,14.05686330795288,1770674576.0568633,breathing_no_rate,,AppState.ESTIMATE_BREATHING_RATE,1.0000;4.0000,True,0.7606912963092318,2.174132635011555,29.078133025534573,3,8.30415153503418
118,14.109827280044556,1770674576.1098273,breathing_no_rate,,AppState.ESTIMATE_BREATHING_RATE,1.0000;4.0000,True,0.7606912963092318,2.1648340223365765,28.992505552520363,3,8.30415153503418
119,14.152630805969238,1770674576.1526308,breathing_no_rate,,AppState.ESTIMATE_BREATHING_RATE,1.0000;4.0000,True,0.7606912963092318,2.165774216836565,28.92524963346474,3,8.30415153503418
120,14.203292608261108,1770674576.2032926,breathing_no_rate,,AppState.ESTIMATE_BREATHING_RATE,1.0000;4.0000,True,0.7606912963092318,2.1638470774067273,28.874699333894224,3,8.30415153503418
121,14.256477355957031,1770674576.2564774,breathing_no_rate,,AppState.ESTIMATE_BREATHING_RATE,1.0000;4.0000,True,0.7606912963092318,2.1596178047663535,28.85206363622615,3,8.30415153503418
122,14.309495210647583,1770674576.3094952,breathing_no_rate,,AppState.ESTIMATE_BREATHING_RATE,1.0000;4.0000,True,0.7606912963092318,2.1474166925625844,28.857793694886173,3,8.30415153503418
123,14.352398157119751,1770674576.3523982,breathing_no_rate,,AppState.ESTIMATE_BREATHING_RATE,1.0000;4.0000,True,0.7606912963092318,2.124788655056076,28.86892588471116,3,8.30415153503418
124,14.405415058135986,1770674576.405415,breathing_no_rate,,AppState.ESTIMATE_BREATHING_RATE,1.0000;4.0000,True,0.7606912963092318,2.0939767641844287,28.87552520907026,3,8.30415153503418
125,14.477994680404663,1770674576.4779947,breathing_no_rate,,AppState.ESTIMATE_BREATHING_RATE,1.0000;4.0000,True,0.7606912963092318,2.0721303640066364,28.860652940797085,3,8.30415153503418
126,14.51113748550415,1770674576.5111375,breathing_no_rate,,AppState.ESTIMATE_BREATHING_RATE,1.0000;4.0000,True,0.7606912963092318,2.0591975905048447,28.82172339293578,3,8.30415153503418
127,14.55410122871399,1770674576.5541012,breathing_no_rate,,AppState.ESTIMATE_BREATHING_RATE,1.0000;4.0000,True,0.7606912963092318,2.0438695598080456,28.76450919938502,3,8.30415153503418
128,14.60730266571045,1770674576.6073027,breathing_no_rate,,AppState.ESTIMATE_BREATHING_RATE,1.0000;4.0000,True,0.6405821442604057,2.0149628763435072,28.70771282981491,2,8.30415153503418
129,14.660516262054443,1770674576.6605163,breathing_no_rate,,AppState.ESTIMATE_BREATHING_RATE,1.0000;4.0000,True,0.6405821442604057,1.9764269459194885,28.663945175216966,2,8.30415153503418
130,14.703508138656616,1770674576.7035081,breathing_no_rate,,AppState.ESTIMATE_BREATHING_RATE,1.0000;4.0000,True,0.6405821442604057,1.9184299341426247,28.637339496049208,2,8.30415153503418
131,14.75644826889038,1770674576.7564483,breathing_no_rate,,AppState.ESTIMATE_BREATHING_RATE,1.0000;4.0000,True,0.6405821442604057,1.8503194322256227,28.631687418724354,2,8.30415153503418
132,14.809419631958008,1770674576.8094196,breathing_no_rate,,AppState.ESTIMATE_BREATHING_RATE,1.0000;4.0000,True,0.6405821442604057,1.7746466227321114,28.64591872506861,2,8.30415153503418
133,14.852293968200684,1770674576.852294,breathing_no_rate,,AppState.ESTIMATE_BREATHING_RATE,1.0000;4.0000,True,0.6405821442604057,1.7034012556437292,28.681581402016732,2,8.30415153503418
134,14.905200719833374,1770674576.9052007,breathing_no_rate,,AppState.ESTIMATE_BREATHING_RATE,1.0000;4.0000,True,0.6405821442604057,1.6522053705135333,28.73469143165736,2,8.30415153503418
135,14.958024740219116,1770674576.9580247,breathing_no_rate,,AppState.ESTIMATE_BREATHING_RATE,1.0000;4.0000,True,0.6405821442604057,1.6030681873336745,28.796260136293775,2,8.30415153503418
136,15.00088381767273,1770674577.0008838,breathing_no_rate,,AppState.ESTIMATE_BREATHING_RATE,1.0000;4.0000,True,0.6405821442604057,1.5689525562488602,28.865226094700844,2,8.30415153503418
137,15.053725719451904,1770674577.0537257,breathing_no_rate,,AppState.ESTIMATE_BREATHING_RATE,1.0000;4.0000,True,0.6405821442604057,1.5361658654013446,28.947243952327963,2,8.30415153503418
138,15.10672903060913,1770674577.106729,breathing_no_rate,,AppState.ESTIMATE_BREATHING_RATE,1.0000;4.0000,True,0.6405821442604057,1.5096814248172967,29.039772207094106,2,8.30415153503418
139,15.159660816192627,1770674577.1596608,breathing_no_rate,,AppState.ESTIMATE_BREATHING_RATE,1.0000;4.0000,True,0.6405821442604057,1.4696059693503951,29.12440653248493,2,8.30415153503418
140,15.20709753036499,1770674577.2070975,breathing_no_rate,,AppState.ESTIMATE_BREATHING_RATE,1.0000;4.0000,True,0.6405821442604057,1.4250109050543056,29.181890543383254,2,8.30415153503418
141,15.260340213775635,1770674577.2603402,breathing_no_rate,,AppState.ESTIMATE_BREATHING_RATE,1.0000;4.0000,True,0.6405821442604057,1.3782615291179556,29.20992400982816,2,8.30415153503418
142,15.30332612991333,1770674577.3033261,breathing_no_rate,,AppState.ESTIMATE_BREATHING_RATE,1.0000;4.0000,True,0.6405821442604057,1.3345072595032337,29.210840581768267,2,8.30415153503418
143,15.356352090835571,1770674577.356352,breathing_no_rate,,AppState.ESTIMATE_BREATHING_RATE,1.0000;4.0000,True,0.6405821442604057,1.296037218699245,29.188965509105763,2,8.30415153503418
144,15.409407377243042,1770674577.4094074,breathing_no_rate,,AppState.ESTIMATE_BREATHING_RATE,1.0000;4.0000,True,0.40036384016275356,1.2659088807882415,29.16093871972103,0,8.30415153503418
145,15.452377557754517,1770674577.4523776,breathing_no_rate,,AppState.ESTIMATE_BREATHING_RATE,1.0000;4.0000,True,0.40036384016275356,1.2522943001944364,29.12783217745338,0,8.30415153503418
146,15.525298595428467,1770674577.5252986,breathing_no_rate,,AppState.ESTIMATE_BREATHING_RATE,1.0000;4.0000,True,0.40036384016275356,1.2367455462955135,29.072939079912643,0,8.30415153503418
147,15.558416843414307,1770674577.5584168,breathing_no_rate,,AppState.ESTIMATE_BREATHING_RATE,1.0000;4.0000,True,0.6405821442604057,1.230555277404611,29.011921553559954,2,8.30415153503418
148,15.601662158966064,1770674577.6016622,breathing_no_rate,,AppState.ESTIMATE_BREATHING_RATE,1.0000;4.0000,True,0.6405821442604057,1.2367031878893318,28.945476296743173,2,8.30415153503418
149,15.65485692024231,1770674577.654857,breathing_no_rate,,AppState.ESTIMATE_BREATHING_RATE,1.0000;4.0000,True,0.6405821442604057,1.2389303241387257,28.869222301138883,2,8.30415153503418
150,15.708050727844238,1770674577.7080507,breathing_no_rate,,AppState.ESTIMATE_BREATHING_RATE,1.0000;4.0000,True,0.6405821442604057,1.2442278455170859,28.786989720262095,2,8.30415153503418
151,15.761045217514038,1770674577.7610452,breathing_no_rate,,AppState.ESTIMATE_BREATHING_RATE,1.0000;4.0000,True,0.6405821442604057,1.2576985607104079,28.701919745924375,2,8.30415153503418
152,15.804015874862671,1770674577.8040159,breathing_no_rate,,AppState.ESTIMATE_BREATHING_RATE,1.0000;4.0000,True,0.6405821442604057,1.2690081426088506,28.60682008664402,2,8.30415153503418
153,15.856987953186035,1770674577.856988,breathing_no_rate,,AppState.ESTIMATE_BREATHING_RATE,1.0000;4.0000,True,0.6405821442604057,1.2690168784668732,28.50374148698216,2,8.30415153503418
154,15.909964799880981,1770674577.9099648,breathing_no_rate,,AppState.ESTIMATE_BREATHING_RATE,1.0000;4.0000,True,0.6405821442604057,1.2613160989157288,28.429904362557934,2,8.30415153503418
155,15.952746391296387,1770674577.9527464,breathing_no_rate,,AppState.ESTIMATE_BREATHING_RATE,1.0000;4.0000,True,0.6405821442604057,1.2430769091040776,28.343442607357268,2,8.30415153503418
156,16.00557851791382,1770674578.0055785,breathing_no_rate,,AppState.ESTIMATE_BREATHING_RATE,1.0000;4.0000,True,0.6405821442604057,1.2243312479334205,28.248544341261702,2,8.30415153503418
157,16.05843162536621,1770674578.0584316,breathing_no_rate,,AppState.ESTIMATE_BREATHING_RATE,1.0000;4.0000,True,0.6405821442604057,1.2002474914896024,28.167471911243382,2,8.30415153503418
158,16.101356029510498,1770674578.101356,breathing_no_rate,,AppState.ESTIMATE_BREATHING_RATE,1.0000;4.0000,True,0.6405821442604057,1.177032770266775,28.084426809906176,2,8.30415153503418
159,16.154367685317993,1770674578.1543677,breathing_no_rate,,AppState.ESTIMATE_BREATHING_RATE,1.0000;4.0000,True,0.6405821442604057,1.1745688395992286,27.990678591866583,2,8.30415153503418
160,16.203449487686157,1770674578.2034495,breathing_no_rate,,AppState.ESTIMATE_BREATHING_RATE,1.0000;4.0000,True,0.6405821442604057,1.1884831827488764,27.911963471380023,2,8.30415153503418
161,16.25664520263672,1770674578.2566452,breathing_no_rate,,AppState.ESTIMATE_BREATHING_RATE,1.0000;4.0000,True,0.6405821442604057,1.2243702053605818,27.851606576084624,2,8.30415153503418
162,16.30966091156006,1770674578.309661,breathing_no_rate,,AppState.ESTIMATE_BREATHING_RATE,1.0000;4.0000,True,0.6405821442604057,1.236172585714177,27.79714030117924,2,8.30415153503418
163,16.35250997543335,1770674578.35251,breathing_no_rate,,AppState.ESTIMATE_BREATHING_RATE,1.0000;4.0000,True,0.6405821442604057,1.2295008067692987,27.73800955001093,2,8.30415153503418
164,16.405539512634277,1770674578.4055395,breathing_no_rate,,AppState.ESTIMATE_BREATHING_RATE,1.0000;4.0000,True,0.6405821442604057,1.2375026917842473,27.669381796026553,2,8.30415153503418
165,16.45853090286255,1770674578.458531,breathing_no_rate,,AppState.ESTIMATE_BREATHING_RATE,1.0000;4.0000,True,0.6405821442604057,1.2536734074155556,27.608305811912714,2,8.30415153503418
166,16.50136423110962,1770674578.5013642,breathing_no_rate,,AppState.ESTIMATE_BREATHING_RATE,1.0000;4.0000,True,0.6405821442604057,1.261825229448067,27.53087997269075,2,8.30415153503418
167,16.572972536087036,1770674578.5729725,breathing_no_rate,,AppState.ESTIMATE_BREATHING_RATE,1.0000;4.0000,True,0.40036384016275356,1.257128942508397,27.441071068327847,0,8.30415153503418
168,16.606103658676147,1770674578.6061037,breathing_no_rate,,AppState.ESTIMATE_BREATHING_RATE,1.0000;4.0000,True,0.40036384016275356,1.2332045503184708,27.371554767606447,0,8.30415153503418
169,16.65927767753601,1770674578.6592777,breathing_no_rate,,AppState.ESTIMATE_BREATHING_RATE,1.0000;4.0000,True,0.40036384016275356,1.2142065118479861,27.305488013389844,0,8.30415153503418
170,16.702340841293335,1770674578.7023408,breathing_no_rate,,AppState.ESTIMATE_BREATHING_RATE,1.0000;4.0000,True,0.40036384016275356,1.2343063636516847,27.25902806293965,0,8.30415153503418
171,16.755638122558594,1770674578.7556381,breathing_no_rate,,AppState.ESTIMATE_BREATHING_RATE,1.0000;4.0000,True,0.6405821442604057,1.2732768462633297,27.22484257995184,2,8.30415153503418
172,16.808686017990112,1770674578.808686,breathing_no_rate,,AppState.ESTIMATE_BREATHING_RATE,1.0000;4.0000,True,0.40036384016275356,1.3282748630417034,27.21208141387055,0,8.30415153503418
173,16.851573705673218,1770674578.8515737,breathing_no_rate,,AppState.ESTIMATE_BREATHING_RATE,1.0000;4.0000,True,0.6405821442604057,1.3939310837664753,27.22427459403385,2,8.30415153503418
174,16.905452013015747,1770674578.905452,breathing_no_rate,,AppState.ESTIMATE_BREATHING_RATE,1.0000;4.0000,True,0.6405821442604057,1.4555568242610213,27.23804338733605,2,8.30415153503418
175,16.95932364463806,1770674578.9593236,breathing_no_rate,,AppState.ESTIMATE_BREATHING_RATE,1.0000;4.0000,True,0.40036384016275356,1.5124349398328187,27.24435415950783,0,8.30415153503418
176,17.00453233718872,1770674579.0045323,breathing_no_rate,,AppState.ESTIMATE_BREATHING_RATE,1.0000;4.0000,True,0.7606912963092318,1.5656352232128972,27.235043403562884,3,8.30415153503418
177,17.059908390045166,1770674579.0599084,breathing_no_rate,,AppState.ESTIMATE_BREATHING_RATE,1.0000;4.0000,True,0.40036384016275356,1.6141167225797024,27.213660227305525,0,8.30415153503418
178,17.105681657791138,1770674579.1056817,breathing_no_rate,,AppState.ESTIMATE_BREATHING_RATE,1.0000;4.0000,True,0.40036384016275356,1.6487567708696518,27.18811070385274,0,8.30415153503418
179,17.161126852035522,1770674579.1611269,breathing_no_rate,,AppState.ESTIMATE_BREATHING_RATE,1.0000;4.0000,True,0.40036384016275356,1.6838240258881767,27.159117420093562,0,8.30415153503418
180,17.21335220336914,1770674579.2133522,breathing_no_rate,,AppState.ESTIMATE_BREATHING_RATE,1.0000;4.0000,True,0.40036384016275356,1.7071222099406311,27.13962718985056,0,8.30415153503418
181,17.259584665298462,1770674579.2595847,breathing_no_rate,,AppState.ESTIMATE_BREATHING_RATE,1.0000;4.0000,True,0.40036384016275356,1.728492642800993,27.122780964270827,0,8.30415153503418
182,17.305047035217285,1770674579.305047,breathing_no_rate,,AppState.ESTIMATE_BREATHING_RATE,1.0000;4.0000,True,0.40036384016275356,1.7431391971996864,27.111788310611537,0,8.30415153503418
183,17.360502243041992,1770674579.3605022,breathing_no_rate,,AppState.ESTIMATE_BREATHING_RATE,1.0000;4.0000,True,0.40036384016275356,1.7694831034143932,27.10710368803037,0,8.30415153503418
184,17.405904531478882,1770674579.4059045,breathing_no_rate,,AppState.ESTIMATE_BREATHING_RATE,1.0000;4.0000,True,0.40036384016275356,1.8093226038168826,27.101327470902486,0,8.30415153503418
185,17.461490869522095,1770674579.4614909,breathing_no_rate,,AppState.ESTIMATE_BREATHING_RATE,1.0000;4.0000,True,0.40036384016275356,1.8442426201675304,27.08252190511964,0,8.30415153503418
186,17.506744861602783,1770674579.5067449,breathing_no_rate,,AppState.ESTIMATE_BREATHING_RATE,1.0000;4.0000,True,0.40036384016275356,1.8420088859547354,27.05556156124916,0,8.30415153503418
187,17.562468767166138,1770674579.5624688,breathing_no_rate,,AppState.ESTIMATE_BREATHING_RATE,1.0000;4.0000,True,0.40036384016275356,1.8325323961794724,27.03070282700976,0,8.30415153503418
188,17.64364218711853,1770674579.6436422,breathing_no_rate,,AppState.ESTIMATE_BREATHING_RATE,1.0000;4.0000,True,0.40036384016275356,1.8330271705306296,27.009105352560578,0,8.30415153503418
189,17.65898299217224,1770674579.658983,breathing_no_rate,,AppState.ESTIMATE_BREATHING_RATE,1.0000;4.0000,True,0.40036384016275356,1.8360821899512298,26.988795926613975,0,8.30415153503418
190,17.703333854675293,1770674579.7033339,breathing_no_rate,,AppState.ESTIMATE_BREATHING_RATE,1.0000;4.0000,True,0.40036384016275356,1.8309563199115857,26.964215848671746,0,8.30415153503418
191,17.75760245323181,1770674579.7576025,breathing_no_rate,,AppState.ESTIMATE_BREATHING_RATE,1.0000;4.0000,True,0.40036384016275356,1.842095686918596,26.931193335708457,0,8.30415153503418
192,17.81328010559082,1770674579.81328,breathing_no_rate,,AppState.ESTIMATE_BREATHING_RATE,1.0000;4.0000,True,0.40036384016275356,1.86048714020726,26.88571955224923,0,8.30415153503418
193,17.858877658843994,1770674579.8588777,breathing_no_rate,,AppState.ESTIMATE_BREATHING_RATE,1.0000;4.0000,True,0.40036384016275356,1.8781256621400717,26.822747796139065,0,8.30415153503418
194,17.90410089492798,1770674579.904101,breathing_no_rate,,AppState.ESTIMATE_BREATHING_RATE,1.0000;4.0000,True,0.40036384016275356,1.872201173238385,26.75016991059036,0,8.30415153503418
195,17.95976424217224,1770674579.9597642,breathing_no_rate,,AppState.ESTIMATE_BREATHING_RATE,1.0000;4.0000,True,0.40036384016275356,1.8589659754189432,26.67188787438679,0,8.30415153503418
196,18.005945682525635,1770674580.0059457,breathing_no_rate,,AppState.ESTIMATE_BREATHING_RATE,1.0000;4.0000,True,0.40036384016275356,1.8361689043373666,26.588296440101793,0,8.30415153503418
197,18.061025619506836,1770674580.0610256,breathing_no_rate,,AppState.ESTIMATE_BREATHING_RATE,1.0000;4.0000,True,0.40036384016275356,1.8240772163932844,26.501209101240562,0,8.30415153503418
198,18.105913639068604,1770674580.1059136,breathing_no_rate,,AppState.ESTIMATE_BREATHING_RATE,1.0000;4.0000,True,0.40036384016275356,1.8087129564160862,26.406119717550084,0,8.30415153503418
199,18.160704374313354,1770674580.1607044,breathing_no_rate,,AppState.ESTIMATE_BREATHING_RATE,1.0000;4.0000,True,0.40036384016275356,1.7927778379672294,26.299094074985568,0,8.30415153503418
200,18.21101450920105,1770674580.2110145,breathing_no_rate,,AppState.ESTIMATE_BREATHING_RATE,1.0000;4.0000,True,0.40036384016275356,1.774392445030966,26.179009961355913,0,8.30415153503418
201,18.25639772415161,1770674580.2563977,breathing_no_rate,,AppState.ESTIMATE_BREATHING_RATE,1.0000;4.0000,True,0.6405821442604057,1.7645375603870157,26.052693329668976,2,8.30415153503418
202,18.313070058822632,1770674580.31307,breathing_no_rate,,AppState.ESTIMATE_BREATHING_RATE,1.0000;4.0000,True,0.6405821442604057,1.7632259633490523,25.931346301021797,2,8.30415153503418
203,18.358852863311768,1770674580.3588529,breathing_no_rate,,AppState.ESTIMATE_BREATHING_RATE,1.0000;4.0000,True,0.6405821442604057,1.7557280516959022,25.80970069319143,2,8.30415153503418
204,18.404312133789062,1770674580.4043121,breathing_no_rate,,AppState.ESTIMATE_BREATHING_RATE,1.0000;4.0000,True,0.40036384016275356,1.7601531130607564,25.69240201000259,0,8.30415153503418
205,18.460075616836548,1770674580.4600756,breathing_no_rate,,AppState.ESTIMATE_BREATHING_RATE,1.0000;4.0000,True,0.7606912963092318,1.7600969766681769,25.57971354312096,3,8.30415153503418
206,18.50536608695984,1770674580.505366,breathing_no_rate,,AppState.ESTIMATE_BREATHING_RATE,1.0000;4.0000,True,0.40036384016275356,1.7374301878938803,25.467019579422676,0,8.30415153503418
207,18.561102628707886,1770674580.5611026,breathing_no_rate,,AppState.ESTIMATE_BREATHING_RATE,1.0000;4.0000,True,0.40036384016275356,1.6993349165130158,25.372278912889257,0,8.30415153503418
208,18.60644292831421,1770674580.606443,breathing_no_rate,,AppState.ESTIMATE_BREATHING_RATE,1.0000;4.0000,True,0.40036384016275356,1.6564263417476615,25.29247721140536,0,8.30415153503418
209,18.698343753814697,1770674580.6983438,breathing_no_rate,,AppState.ESTIMATE_BREATHING_RATE,1.0000;4.0000,True,0.40036384016275356,1.611292328612078,25.221372288310924,0,8.30415153503418
210,18.71241068840027,1770674580.7124107,breathing_no_rate,,AppState.ESTIMATE_BREATHING_RATE,1.0000;4.0000,True,0.40036384016275356,1.5734807665684338,25.15571281958178,0,8.30415153503418
211,18.75651454925537,1770674580.7565145,breathing_no_rate,,AppState.ESTIMATE_BREATHING_RATE,1.0000;4.0000,True,0.40036384016275356,1.5361478708848852,25.094327759588232,0,8.30415153503418
212,18.811969995498657,1770674580.81197,breathing_no_rate,,AppState.ESTIMATE_BREATHING_RATE,1.0000;4.0000,True,0.40036384016275356,1.4977193468983776,25.040356500022376,0,8.30415153503418
213,18.857784271240234,1770674580.8577843,breathing_no_rate,,AppState.ESTIMATE_BREATHING_RATE,1.0000;4.0000,True,0.40036384016275356,1.4647707570201292,24.993250212871803,0,8.30415153503418
214,18.903480052947998,1770674580.90348,breathing_no_rate,,AppState.ESTIMATE_BREATHING_RATE,1.0000;4.0000,True,0.40036384016275356,1.4503120711851114,24.946951054597488,0,8.30415153503418
215,18.95899224281311,1770674580.9589922,breathing_no_rate,,AppState.ESTIMATE_BREATHING_RATE,1.0000;4.0000,True,0.40036384016275356,1.4553550179643835,24.897733766820135,0,8.30415153503418
216,19.00440812110901,1770674581.0044081,breathing_no_rate,,AppState.ESTIMATE_BREATHING_RATE,1.0000;4.0000,True,0.40036384016275356,1.473212546734983,24.842718303359998,0,8.30415153503418
217,19.059692859649658,1770674581.0596929,breathing_no_rate,,AppState.ESTIMATE_BREATHING_RATE,1.0000;4.0000,True,0.40036384016275356,1.4891631762160251,24.783402895924528,0,8.30415153503418
218,19.10512924194336,1770674581.1051292,breathing_no_rate,,AppState.ESTIMATE_BREATHING_RATE,1.0000;4.0000,True,0.40036384016275356,1.491352473874268,24.716947029066542,0,8.30415153503418
219,19.160444498062134,1770674581.1604445,breathing_no_rate,,AppState.ESTIMATE_BREATHING_RATE,1.0000;4.0000,True,0.7606912963092318,1.487555778570427,24.657151297882177,3,8.30415153503418
220,19.20419478416443,1770674581.2041948,breathing_no_rate,,AppState.ESTIMATE_BREATHING_RATE,1.0000;4.0000,True,0.7606912963092318,1.4871871378166495,24.61243235558402,3,8.30415153503418
221,19.25966787338257,1770674581.2596679,breathing_no_rate,,AppState.ESTIMATE_BREATHING_RATE,1.0000;4.0000,True,0.7606912963092318,1.4768218653197573,24.58491222557609,3,8.30415153503418
222,19.305575370788574,1770674581.3055754,breathing_no_rate,,AppState.ESTIMATE_BREATHING_RATE,1.0000;4.0000,True,0.7606912963092318,1.4604773501135015,24.580066861097926,3,8.30415153503418
223,19.361456155776978,1770674581.3614562,breathing_no_rate,,AppState.ESTIMATE_BREATHING_RATE,1.0000;4.0000,True,0.7606912963092318,1.4322316538218056,24.59332248462189,3,8.30415153503418
224,19.406829357147217,1770674581.4068294,breathing_no_rate,,AppState.ESTIMATE_BREATHING_RATE,1.0000;4.0000,True,0.7606912963092318,1.4021569357043868,24.61790811050976,3,8.30415153503418
225,19.462263107299805,1770674581.462263,breathing_no_rate,,AppState.ESTIMATE_BREATHING_RATE,1.0000;4.0000,True,0.7606912963092318,1.3754914457019263,24.649338968206607,3,8.30415153503418
226,19.507763862609863,1770674581.5077639,breathing_no_rate,,AppState.ESTIMATE_BREATHING_RATE,1.0000;4.0000,True,0.7606912963092318,1.340735475141103,24.68050997358714,3,8.30415153503418
227,19.553444623947144,1770674581.5534446,breathing_no_rate,,AppState.ESTIMATE_BREATHING_RATE,1.0000;4.0000,True,0.7606912963092318,1.294994353961243,24.711233137058386,3,8.30415153503418
228,19.608975410461426,1770674581.6089754,breathing_no_rate,,AppState.ESTIMATE_BREATHING_RATE,1.0000;4.0000,True,0.7606912963092318,1.2476261024774644,24.741994238132992,3,8.30415153503418
229,19.654064655303955,1770674581.6540647,breathing_no_rate,,AppState.ESTIMATE_BREATHING_RATE,1.0000;4.0000,True,0.7606912963092318,1.2113823541234305,24.75270423239236,3,8.30415153503418
230,19.746628522872925,1770674581.7466285,breathing_no_rate,,AppState.ESTIMATE_BREATHING_RATE,1.0000;4.0000,True,0.7606912963092318,1.1803654599364344,24.74084346806311,3,8.30415153503418
231,19.762025356292725,1770674581.7620254,breathing_no_rate,,AppState.ESTIMATE_BREATHING_RATE,1.0000;4.0000,True,0.7606912963092318,1.1565605614891454,24.71332839209415,3,8.30415153503418
232,19.807706117630005,1770674581.807706,breathing_no_rate,,AppState.ESTIMATE_BREATHING_RATE,1.0000;4.0000,True,0.7606912963092318,1.1415879173149042,24.673117282741522,3,8.30415153503418
233,19.8609356880188,1770674581.8609357,breathing_no_rate,,AppState.ESTIMATE_BREATHING_RATE,1.0000;4.0000,True,0.6405821442604057,1.1247939999235814,24.620746088502035,2,8.30415153503418
234,19.90403127670288,1770674581.9040313,breathing_no_rate,,AppState.ESTIMATE_BREATHING_RATE,1.0000;4.0000,True,0.6405821442604057,1.1219827835577245,24.570769174179738,2,8.30415153503418
235,19.95700716972351,1770674581.9570072,breathing_no_rate,,AppState.ESTIMATE_BREATHING_RATE,1.0000;4.0000,True,0.6405821442604057,1.1211984786861544,24.52288587342196,2,8.30415153503418
236,20.00992727279663,1770674582.0099273,breathing_no_rate,,AppState.ESTIMATE_BREATHING_RATE,1.0000;4.0000,True,0.6405821442604057,1.1171573966807506,24.476403081083962,2,8.30415153503418
237,20.052721738815308,1770674582.0527217,breathing_no_rate,,AppState.ESTIMATE_BREATHING_RATE,1.0000;4.0000,True,0.6405821442604057,1.1152609801814268,24.4299440878176,2,8.30415153503418
238,20.105749130249023,1770674582.1057491,breathing_no_rate,,AppState.ESTIMATE_BREATHING_RATE,1.0000;4.0000,True,0.6405821442604057,1.11549378948674,24.381874195500995,2,8.30415153503418
239,20.158618450164795,1770674582.1586185,breathing_no_rate,,AppState.ESTIMATE_BREATHING_RATE,1.0000;4.0000,True,0.6405821442604057,1.1147736263385917,24.33177261163873,2,8.30415153503418
240,20.208505630493164,1770674582.2085056,breathing_no_rate,,AppState.ESTIMATE_BREATHING_RATE,1.0000;4.0000,True,0.6405821442604057,1.1200380523597209,24.27653565305617,2,8.30415153503418
241,20.251407146453857,1770674582.2514071,breathing_no_rate,,AppState.ESTIMATE_BREATHING_RATE,1.0000;4.0000,True,0.6405821442604057,1.1209477520283295,24.213824248323036,2,8.30415153503418
242,20.304561138153076,1770674582.3045611,breathing_no_rate,,AppState.ESTIMATE_BREATHING_RATE,1.0000;4.0000,True,0.5204729922115796,1.1164049982503654,24.14617966803529,1,8.30415153503418
243,20.357620000839233,1770674582.35762,breathing_no_rate,,AppState.ESTIMATE_BREATHING_RATE,1.0000;4.0000,True,0.5204729922115796,1.1164102426010132,24.0744940847148,1,8.30415153503418
244,20.410649299621582,1770674582.4106493,breathing_no_rate,,AppState.ESTIMATE_BREATHING_RATE,1.0000;4.0000,True,0.5204729922115796,1.1176893736939988,23.99757088071441,1,8.30415153503418
245,20.45353055000305,1770674582.4535306,breathing_no_rate,,AppState.ESTIMATE_BREATHING_RATE,1.0000;4.0000,True,0.5204729922115796,1.1323186378351637,23.91270435718914,1,8.30415153503418
246,20.506380796432495,1770674582.5063808,breathing_no_rate,,AppState.ESTIMATE_BREATHING_RATE,1.0000;4.0000,True,0.5204729922115796,1.144683665425951,23.82130493099226,1,8.30415153503418
247,20.55964493751526,1770674582.559645,breathing_no_rate,,AppState.ESTIMATE_BREATHING_RATE,1.0000;4.0000,True,0.5204729922115796,1.1456979152150453,23.725368307669115,1,8.30415153503418
248,20.60248875617981,1770674582.6024888,breathing_no_rate,,AppState.ESTIMATE_BREATHING_RATE,1.0000;4.0000,True,0.5204729922115796,1.1411679979742673,23.624015375434873,1,8.30415153503418
249,20.655483722686768,1770674582.6554837,breathing_no_rate,,AppState.ESTIMATE_BREATHING_RATE,1.0000;4.0000,True,0.5204729922115796,1.1397885380815767,23.511594359949946,1,8.30415153503418
250,20.708564519882202,1770674582.7085645,breathing_no_rate,,AppState.ESTIMATE_BREATHING_RATE,1.0000;4.0000,True,0.5204729922115796,1.1373972260866114,23.40059555481434,1,8.30415153503418
251,20.770976066589355,1770674582.770976,breathing_no_rate,,AppState.ESTIMATE_BREATHING_RATE,1.0000;4.0000,True,0.5204729922115796,1.142994553684288,23.301027425614556,1,8.30415153503418
252,20.804226636886597,1770674582.8042266,breathing_no_rate,,AppState.ESTIMATE_BREATHING_RATE,1.0000;4.0000,True,0.5204729922115796,1.1510735915622532,23.212247538208103,1,8.30415153503418
253,20.857375144958496,1770674582.8573751,breathing_no_rate,,AppState.ESTIMATE_BREATHING_RATE,1.0000;4.0000,True,0.5204729922115796,1.16174578739624,23.130400676187765,1,8.30415153503418
254,20.910494804382324,1770674582.9104948,breathing_no_rate,,AppState.ESTIMATE_BREATHING_RATE,1.0000;4.0000,True,0.5204729922115796,1.1799737554502183,23.05418426609265,1,8.30415153503418
255,20.953453063964844,1770674582.953453,breathing_no_rate,,AppState.ESTIMATE_BREATHING_RATE,1.0000;4.0000,True,0.40036384016275356,1.1966462514587244,22.983898271391233,0,8.30415153503418
256,21.006468296051025,1770674583.0064683,breathing_no_rate,,AppState.ESTIMATE_BREATHING_RATE,1.0000;4.0000,True,0.40036384016275356,1.2065417091041284,22.92161853724313,0,8.30415153503418
257,21.059343814849854,1770674583.0593438,breathing_no_rate,,AppState.ESTIMATE_BREATHING_RATE,1.0000;4.0000,True,0.40036384016275356,1.212164473175414,22.865497312741535,0,8.30415153503418
258,21.102283477783203,1770674583.1022835,breathing_no_rate,,AppState.ESTIMATE_BREATHING_RATE,1.0000;4.0000,True,0.40036384016275356,1.224205257515781,22.812862265632248,0,8.30415153503418
259,21.15526270866394,1770674583.1552627,breathing_no_rate,,AppState.ESTIMATE_BREATHING_RATE,1.0000;4.0000,True,0.40036384016275356,1.2414290731019297,22.75928621140185,0,8.30415153503418
260,21.206274032592773,1770674583.206274,breathing_no_rate,,AppState.ESTIMATE_BREATHING_RATE,1.0000;4.0000,True,0.40036384016275356,1.2543498077830137,22.696309009972673,0,8.30415153503418
261,21.25911545753479,1770674583.2591155,breathing_no_rate,,AppState.ESTIMATE_BREATHING_RATE,1.0000;4.0000,True,0.40036384016275356,1.255640116149265,22.62555781369272,0,8.30415153503418
262,21.302096843719482,1770674583.3020968,breathing_no_rate,,AppState.ESTIMATE_BREATHING_RATE,1.0000;4.0000,True,0.40036384016275356,1.2449182360919064,22.556023312247362,0,8.30415153503418
263,21.35525894165039,1770674583.355259,breathing_no_rate,,AppState.ESTIMATE_BREATHING_RATE,1.0000;4.0000,True,0.5204729922115796,1.2353648589008852,22.47362053331348,1,8.30415153503418
264,21.408334255218506,1770674583.4083343,breathing_no_rate,,AppState.ESTIMATE_BREATHING_RATE,1.0000;4.0000,True,0.6405821442604057,1.2293087905518583,22.398906282996823,2,8.30415153503418
265,21.451185703277588,1770674583.4511857,breathing_no_rate,,AppState.ESTIMATE_BREATHING_RATE,1.0000;4.0000,True,0.6405821442604057,1.2345385942056666,22.32923770130602,2,8.30415153503418
266,21.504209995269775,1770674583.50421,breathing_no_rate,,AppState.ESTIMATE_BREATHING_RATE,1.0000;4.0000,True,0.6405821442604057,1.2387532404518682,22.26409952526174,2,8.30415153503418
267,21.557361364364624,1770674583.5573614,breathing_no_rate,,AppState.ESTIMATE_BREATHING_RATE,1.0000;4.0000,True,0.6405821442604057,1.242320549283967,22.191966360101663,2,8.30415153503418
268,21.6103253364563,1770674583.6103253,breathing_no_rate,,AppState.ESTIMATE_BREATHING_RATE,1.0000;4.0000,True,0.6405821442604057,1.2385461038455097,22.113244825383237,2,8.30415153503418
269,21.653105974197388,1770674583.653106,breathing_no_rate,,AppState.ESTIMATE_BREATHING_RATE,1.0000;4.0000,True,0.6405821442604057,1.2272853895114406,22.03854494743254,2,8.30415153503418
270,21.706148862838745,1770674583.7061489,breathing_no_rate,,AppState.ESTIMATE_BREATHING_RATE,1.0000;4.0000,True,0.7606912963092318,1.2191281098373337,21.955492289430854,3,8.30415153503418
271,21.758971452713013,1770674583.7589715,breathing_no_rate,,AppState.ESTIMATE_BREATHING_RATE,1.0000;4.0000,True,0.7606912963092318,1.212001247075263,21.866219471059846,3,8.30415153503418
272,21.823397636413574,1770674583.8233976,breathing_no_rate,,AppState.ESTIMATE_BREATHING_RATE,1.0000;4.0000,True,0.6405821442604057,1.204562214451248,21.797139806326925,2,8.30415153503418
273,21.856730699539185,1770674583.8567307,breathing_no_rate,,AppState.ESTIMATE_BREATHING_RATE,1.0000;4.0000,True,0.6405821442604057,1.201720795326122,21.719448493918996,2,8.30415153503418
274,21.91040802001953,1770674583.910408,breathing_no_rate,,AppState.ESTIMATE_BREATHING_RATE,1.0000;4.0000,True,0.5204729922115796,1.1967772782729038,21.653942177708853,1,8.30415153503418
275,21.95431613922119,1770674583.9543161,breathing_no_rate,,AppState.ESTIMATE_BREATHING_RATE,1.0000;4.0000,True,0.40036384016275356,1.1845640954298164,21.601401517471565,0,8.30415153503418
276,22.007603406906128,1770674584.0076034,breathing_no_rate,,AppState.ESTIMATE_BREATHING_RATE,1.0000;4.0000,True,0.40036384016275356,1.1707143164588174,21.551925405032648,0,8.30415153503418
277,22.06058144569397,1770674584.0605814,breathing_no_rate,,AppState.ESTIMATE_BREATHING_RATE,1.0000;4.0000,True,0.40036384016275356,1.1657500027075678,21.494318650533195,0,8.30415153503418
278,22.103569746017456,1770674584.1035697,breathing_no_rate,,AppState.ESTIMATE_BREATHING_RATE,1.0000;4.0000,True,0.40036384016275356,1.167156361194587,21.43221347333676,0,8.30415153503418
279,22.156410932540894,1770674584.156411,breathing_no_rate,,AppState.ESTIMATE_BREATHING_RATE,1.0000;4.0000,True,0.40036384016275356,1.1675091440721599,21.370473996494162,0,8.30415153503418
280,22.2043879032135,1770674584.204388,breathing_no_rate,,AppState.ESTIMATE_BREATHING_RATE,1.0000;4.0000,True,0.40036384016275356,1.1694340408151658,21.32210286400127,0,8.30415153503418
281,22.257381200790405,1770674584.2573812,breathing_no_rate,,AppState.ESTIMATE_BREATHING_RATE,1.0000;4.0000,True,0.40036384016275356,1.185367780601085,21.290870263562653,0,8.30415153503418
282,22.3106951713562,1770674584.3106952,breathing_no_rate,,AppState.ESTIMATE_BREATHING_RATE,1.0000;4.0000,True,0.40036384016275356,1.2192603081867046,21.289475035481026,0,8.30415153503418
283,22.35382580757141,1770674584.3538258,breathing_no_rate,,AppState.ESTIMATE_BREATHING_RATE,1.0000;4.0000,True,0.40036384016275356,1.2574687539336693,21.304910214914038,0,8.30415153503418
284,22.40688705444336,1770674584.406887,breathing_no_rate,,AppState.ESTIMATE_BREATHING_RATE,1.0000;4.0000,True,0.40036384016275356,1.2964381627125074,21.3479221245748,0,8.30415153503418
285,22.459986209869385,1770674584.4599862,breathing_no_rate,,AppState.ESTIMATE_BREATHING_RATE,1.0000;4.0000,True,0.40036384016275356,1.3091055598846604,21.36923863090489,0,8.30415153503418
286,22.502856731414795,1770674584.5028567,breathing_no_rate,,AppState.ESTIMATE_BREATHING_RATE,1.0000;4.0000,True,0.40036384016275356,1.2999169104058739,21.39965116784418,0,8.30415153503418
287,22.556112051010132,1770674584.556112,breathing_no_rate,,AppState.ESTIMATE_BREATHING_RATE,1.0000;4.0000,True,0.40036384016275356,1.312045061772895,21.438039852429593,0,8.30415153503418
288,22.609123468399048,1770674584.6091235,breathing_no_rate,,AppState.ESTIMATE_BREATHING_RATE,1.0000;4.0000,True,0.40036384016275356,1.3527069185499894,21.510623167933495,0,8.30415153503418
289,22.651925325393677,1770674584.6519253,breathing_no_rate,,AppState.ESTIMATE_BREATHING_RATE,1.0000;4.0000,True,0.40036384016275356,1.4144204393313031,21.58918394307858,0,8.30415153503418
290,22.705037117004395,1770674584.705037,breathing_no_rate,,AppState.ESTIMATE_BREATHING_RATE,1.0000;4.0000,True,0.40036384016275356,1.4777005294806362,21.653176073460962,0,8.30415153503418
291,22.758007526397705,1770674584.7580075,breathing_no_rate,,AppState.ESTIMATE_BREATHING_RATE,1.0000;4.0000,True,0.40036384016275356,1.5378372611433766,21.701676111044037,0,8.30415153503418
292,22.810967445373535,1770674584.8109674,breathing_no_rate,,AppState.ESTIMATE_BREATHING_RATE,1.0000;4.0000,True,0.40036384016275356,1.5858316569173954,21.769587734605853,0,8.30415153503418
293,22.872650384902954,1770674584.8726504,breathing_no_rate,,AppState.ESTIMATE_BREATHING_RATE,1.0000;4.0000,True,0.40036384016275356,1.700665765027874,21.82322142381555,0,8.30415153503418
294,22.905746698379517,1770674584.9057467,breathing_no_rate,,AppState.ESTIMATE_BREATHING_RATE,1.0000;4.0000,True,0.40036384016275356,1.7635459914619336,21.871960175489995,0,8.30415153503418
295,22.958893060684204,1770674584.958893,breathing_no_rate,,AppState.ESTIMATE_BREATHING_RATE,1.0000;4.0000,True,0.40036384016275356,2.042700013496937,22.027415105364906,0,8.30415153503418
296,23.002223253250122,1770674585.0022233,breathing_no_rate,,AppState.ESTIMATE_BREATHING_RATE,1.0000;4.0000,True,0.40036384016275356,2.2300503484125893,22.167950412308397,0,8.30415153503418
297,23.055461406707764,1770674585.0554614,breathing_no_rate,,AppState.ESTIMATE_BREATHING_RATE,1.0000;4.0000,True,0.40036384016275356,2.3965340473200896,22.285443435621122,0,8.30415153503418
298,23.108601570129395,1770674585.1086016,breathing_no_rate,,AppState.ESTIMATE_BREATHING_RATE,1.0000;4.0000,True,0.5204729922115796,2.605588237137057,22.397137164997662,1,8.30415153503418
299,23.151448488235474,1770674585.1514485,breathing_no_rate,,AppState.ESTIMATE_BREATHING_RATE,1.0000;4.0000,True,0.5204729922115796,2.7705574652386806,22.50405151640508,1,8.30415153503418
300,23.210975885391235,1770674585.210976,breathing_no_rate,,AppState.ESTIMATE_BREATHING_RATE,1.0000;4.0000,True,0.5204729922115796,2.896977836963994,22.618685771177894,1,8.30415153503418
301,23.253772735595703,1770674585.2537727,breathing_no_rate,,AppState.ESTIMATE_BREATHING_RATE,1.0000;4.0000,True,0.40036384016275356,3.00347988890299,22.873333722991692,0,8.30415153503418
302,23.307324647903442,1770674585.3073246,breathing_no_rate,,AppState.ESTIMATE_BREATHING_RATE,1.0000;4.0000,True,0.40036384016275356,3.055030056091302,23.09260636436282,0,8.30415153503418
303,23.3603413105011,1770674585.3603413,breathing_no_rate,,AppState.ESTIMATE_BREATHING_RATE,1.0000;4.0000,True,0.40036384016275356,3.118416060091613,23.30903342174271,0,8.30415153503418
304,23.40328550338745,1770674585.4032855,breathing_no_rate,,AppState.ESTIMATE_BREATHING_RATE,1.0000;4.0000,True,0.40036384016275356,3.1937974001700153,23.491395431241425,0,8.30415153503418
305,23.45634412765503,1770674585.4563441,breathing_no_rate,,AppState.ESTIMATE_BREATHING_RATE,1.0000;4.0000,True,0.5204729922115796,3.2078914346163523,23.642859188624875,1,8.30415153503418
306,23.509779930114746,1770674585.50978,breathing_no_rate,,AppState.ESTIMATE_BREATHING_RATE,1.0000;4.0000,True,0.5204729922115796,3.158386421299844,23.788885398861915,1,8.30415153503418
307,23.552966117858887,1770674585.552966,breathing_no_rate,,AppState.ESTIMATE_BREATHING_RATE,1.0000;4.0000,True,0.5204729922115796,3.0849235481085033,23.936582999451844,1,8.30415153503418
308,23.60600757598877,1770674585.6060076,breathing_no_rate,,AppState.ESTIMATE_BREATHING_RATE,1.0000;4.0000,True,0.5204729922115796,3.0017945959068157,24.067552355506468,1,8.30415153503418
309,23.658971071243286,1770674585.658971,breathing_no_rate,,AppState.ESTIMATE_BREATHING_RATE,1.0000;4.0000,True,0.5204729922115796,2.9603167505997345,24.175317894203324,1,8.30415153503418
310,23.70192241668701,1770674585.7019224,breathing_no_rate,,AppState.ESTIMATE_BREATHING_RATE,1.0000;4.0000,True,0.5204729922115796,2.9456656686432976,24.26578716388741,1,8.30415153503418
311,23.75487470626831,1770674585.7548747,breathing_no_rate,,AppState.ESTIMATE_BREATHING_RATE,1.0000;4.0000,True,0.5204729922115796,2.8745961859618627,24.366478161148585,1,8.30415153503418
312,23.808022499084473,1770674585.8080225,breathing_no_rate,,AppState.ESTIMATE_BREATHING_RATE,1.0000;4.0000,True,0.5204729922115796,2.8304638155751305,24.449264340337727,1,8.30415153503418
313,23.860971450805664,1770674585.8609715,breathing_no_rate,,AppState.ESTIMATE_BREATHING_RATE,1.0000;4.0000,True,0.5204729922115796,2.7845414859773037,24.50447197236895,1,8.30415153503418
314,23.92099666595459,1770674585.9209967,breathing_no_rate,,AppState.ESTIMATE_BREATHING_RATE,1.0000;4.0000,True,0.5204729922115796,2.7303566218922746,24.551314033442832,1,8.30415153503418
315,23.954100370407104,1770674585.9541004,breathing_no_rate,,AppState.ESTIMATE_BREATHING_RATE,1.0000;4.0000,True,0.5204729922115796,2.7111967383881397,24.577566858697576,1,8.30415153503418
316,24.007197856903076,1770674586.0071979,breathing_no_rate,,AppState.ESTIMATE_BREATHING_RATE,1.0000;4.0000,True,0.5204729922115796,2.683443392390695,24.58519057727844,1,8.30415153503418
317,24.061172485351562,1770674586.0611725,breathing_no_rate,,AppState.ESTIMATE_BREATHING_RATE,1.0000;4.0000,True,0.5204729922115796,2.6082980862151466,24.610436872684915,1,8.30415153503418
318,24.104292631149292,1770674586.1042926,breathing_no_rate,,AppState.ESTIMATE_BREATHING_RATE,1.0000;4.0000,True,0.5204729922115796,2.514650883465908,24.634824458920182,1,8.30415153503418
319,24.157263040542603,1770674586.157263,breathing_no_rate,,AppState.ESTIMATE_BREATHING_RATE,1.0000;4.0000,True,0.5204729922115796,2.4114510738051496,24.64573641111443,1,8.30415153503418
320,24.2082781791687,1770674586.2082782,breathing_no_rate,,AppState.ESTIMATE_BREATHING_RATE,1.0000;4.0000,True,0.6405821442604057,2.3362134533084373,24.63825836734049,2,8.30415153503418
321,24.251155138015747,1770674586.2511551,breathing_no_rate,,AppState.ESTIMATE_BREATHING_RATE,1.0000;4.0000,True,0.6405821442604057,2.263411348908764,24.615047059357952,2,8.30415153503418
322,24.304368019104004,1770674586.304368,breathing_no_rate,,AppState.ESTIMATE_BREATHING_RATE,1.0000;4.0000,True,0.5204729922115796,2.1890411168930606,24.58131665347668,1,8.30415153503418
323,24.35765051841736,1770674586.3576505,breathing_no_rate,,AppState.ESTIMATE_BREATHING_RATE,1.0000;4.0000,True,0.5204729922115796,2.123139630474367,24.541755582757407,1,8.30415153503418
324,24.410672664642334,1770674586.4106727,breathing_no_rate,,AppState.ESTIMATE_BREATHING_RATE,1.0000;4.0000,True,0.6405821442604057,2.058199615448424,24.485198281280788,2,8.30415153503418
325,24.45355486869812,1770674586.4535549,breathing_no_rate,,AppState.ESTIMATE_BREATHING_RATE,1.0000;4.0000,True,0.6405821442604057,1.9911068422739275,24.430658434083238,2,8.30415153503418
326,24.506476879119873,1770674586.5064769,breathing_no_rate,,AppState.ESTIMATE_BREATHING_RATE,1.0000;4.0000,True,0.6405821442604057,1.9424667188431364,24.36335195620726,2,8.30415153503418
327,24.559693813323975,1770674586.5596938,breathing_no_rate,,AppState.ESTIMATE_BREATHING_RATE,1.0000;4.0000,True,0.40036384016275356,1.906444004812665,24.28651756435865,0,8.30415153503418
328,24.602564811706543,1770674586.6025648,breathing_no_rate,,AppState.ESTIMATE_BREATHING_RATE,1.0000;4.0000,True,0.40036384016275356,1.8832607363703224,24.219124174708078,0,8.30415153503418
329,24.65554976463318,1770674586.6555498,breathing_no_rate,,AppState.ESTIMATE_BREATHING_RATE,1.0000;4.0000,True,0.40036384016275356,1.8726069233368867,24.156132962264067,0,8.30415153503418
330,24.70866560935974,1770674586.7086656,breathing_no_rate,,AppState.ESTIMATE_BREATHING_RATE,1.0000;4.0000,True,0.40036384016275356,1.839896555138204,24.099474102526354,0,8.30415153503418
331,24.751494646072388,1770674586.7514946,breathing_no_rate,,AppState.ESTIMATE_BREATHING_RATE,1.0000;4.0000,True,0.5204729922115796,1.8221861906857917,24.04843085502865,1,8.30415153503418
332,24.804452180862427,1770674586.8044522,breathing_no_rate,,AppState.ESTIMATE_BREATHING_RATE,1.0000;4.0000,True,0.5204729922115796,1.7925079774418788,24.01234207885406,1,8.30415153503418
333,24.860558032989502,1770674586.860558,breathing_no_rate,,AppState.ESTIMATE_BREATHING_RATE,1.0000;4.0000,True,0.5204729922115796,1.776006318785384,23.964023921528618,1,8.30415153503418
334,24.906601190567017,1770674586.9066012,breathing_no_rate,,AppState.ESTIMATE_BREATHING_RATE,1.0000;4.0000,True,0.5204729922115796,1.772302906880875,23.93020702420283,1,8.30415153503418
335,24.996375560760498,1770674586.9963756,breathing_no_rate,,AppState.ESTIMATE_BREATHING_RATE,1.0000;4.0000,True,0.5204729922115796,1.7820117471670955,23.910841922989267,1,8.30415153503418
336,25.011985778808594,1770674587.0119858,breathing_no_rate,,AppState.ESTIMATE_BREATHING_RATE,1.0000;4.0000,True,0.5204729922115796,1.7667010539163788,23.876490998124115,1,8.30415153503418
337,25.056270837783813,1770674587.0562708,breathing_no_rate,,AppState.ESTIMATE_BREATHING_RATE,1.0000;4.0000,True,0.5204729922115796,1.749906868097072,23.83771134203632,1,8.30415153503418
338,25.11051630973816,1770674587.1105163,breathing_no_rate,,AppState.ESTIMATE_BREATHING_RATE,1.0000;4.0000,True,0.5204729922115796,1.7366987120200394,23.7889518351026,1,8.30415153503418
339,25.15587306022644,1770674587.155873,breathing_no_rate,,AppState.ESTIMATE_BREATHING_RATE,1.0000;4.0000,True,0.5204729922115796,1.7080770551731526,23.735473779910905,1,8.30415153503418
340,25.206505298614502,1770674587.2065053,breathing_no_rate,,AppState.ESTIMATE_BREATHING_RATE,1.0000;4.0000,True,0.5204729922115796,1.709331062915163,23.664748978567037,1,8.30415153503418
341,25.262237071990967,1770674587.262237,breathing_no_rate,,AppState.ESTIMATE_BREATHING_RATE,1.0000;4.0000,True,0.40036384016275356,1.7018590273604661,23.58362088645282,0,8.30415153503418
342,25.307712078094482,1770674587.307712,breathing_no_rate,,AppState.ESTIMATE_BREATHING_RATE,1.0000;4.0000,True,0.40036384016275356,1.6829709036718834,23.502489058223286,0,8.30415153503418
343,25.353408575057983,1770674587.3534086,breathing_no_rate,,AppState.ESTIMATE_BREATHING_RATE,1.0000;4.0000,True,0.40036384016275356,1.691035581743299,23.424136467173213,0,8.30415153503418
344,25.40898871421814,1770674587.4089887,breathing_no_rate,,AppState.ESTIMATE_BREATHING_RATE,1.0000;4.0000,True,0.5204729922115796,1.6944665401047614,23.340610179266598,1,8.30415153503418
345,25.454339742660522,1770674587.4543397,breathing_no_rate,,AppState.ESTIMATE_BREATHING_RATE,1.0000;4.0000,True,0.6405821442604057,1.701980580564563,23.266791485523115,2,8.30415153503418
346,25.510008811950684,1770674587.5100088,breathing_no_rate,,AppState.ESTIMATE_BREATHING_RATE,1.0000;4.0000,True,0.6405821442604057,1.711070163208073,23.20550519919281,2,8.30415153503418
347,25.55560612678528,1770674587.5556061,breathing_no_rate,,AppState.ESTIMATE_BREATHING_RATE,1.0000;4.0000,True,0.6405821442604057,1.7116528231912673,23.150361042943462,2,8.30415153503418
348,25.611077785491943,1770674587.6110778,breathing_no_rate,,AppState.ESTIMATE_BREATHING_RATE,1.0000;4.0000,True,0.6405821442604057,1.6807383670086056,23.10872372000618,2,8.30415153503418
349,25.656440258026123,1770674587.6564403,breathing_no_rate,,AppState.ESTIMATE_BREATHING_RATE,1.0000;4.0000,True,0.6405821442604057,1.6376851066794642,23.077350918392266,2,8.30415153503418
350,25.712146759033203,1770674587.7121468,breathing_no_rate,,AppState.ESTIMATE_BREATHING_RATE,1.0000;4.0000,True,0.6405821442604057,1.5933986240927627,23.04005527953523,2,8.30415153503418
351,25.757468938827515,1770674587.757469,breathing_no_rate,,AppState.ESTIMATE_BREATHING_RATE,1.0000;4.0000,True,0.6405821442604057,1.5583552525562585,22.98825989835624,2,8.30415153503418
352,25.813076972961426,1770674587.813077,breathing_no_rate,,AppState.ESTIMATE_BREATHING_RATE,1.0000;4.0000,True,0.6405821442604057,1.5149475140684088,22.93196657900638,2,8.30415153503418
353,25.858325958251953,1770674587.858326,breathing_no_rate,,AppState.ESTIMATE_BREATHING_RATE,1.0000;4.0000,True,0.5204729922115796,1.475495800735819,22.882394312257254,1,8.30415153503418
354,25.90366840362549,1770674587.9036684,breathing_no_rate,,AppState.ESTIMATE_BREATHING_RATE,1.0000;4.0000,True,0.5204729922115796,1.4428959159021577,22.85159615806595,1,8.30415153503418
355,25.958948850631714,1770674587.9589489,breathing_no_rate,,AppState.ESTIMATE_BREATHING_RATE,1.0000;4.0000,True,0.5204729922115796,1.4115621312703086,22.837485642374254,1,8.30415153503418
356,26.03576135635376,1770674588.0357614,breathing_no_rate,,AppState.ESTIMATE_BREATHING_RATE,1.0000;4.0000,True,0.5204729922115796,1.3821528833604446,22.828233482717966,1,8.30415153503418
357,26.060243129730225,1770674588.0602431,breathing_no_rate,,AppState.ESTIMATE_BREATHING_RATE,1.0000;4.0000,True,0.5204729922115796,1.3694495724796998,22.81763265406445,1,8.30415153503418
358,26.10490655899048,1770674588.1049066,breathing_no_rate,,AppState.ESTIMATE_BREATHING_RATE,1.0000;4.0000,True,0.5204729922115796,1.349181138737715,22.811031481225825,1,8.30415153503418
359,26.1606388092041,1770674588.1606388,breathing_no_rate,,AppState.ESTIMATE_BREATHING_RATE,1.0000;4.0000,True,0.5204729922115796,1.3266816895115916,22.8183936563974,1,8.30415153503418
360,26.204729318618774,1770674588.2047293,breathing_no_rate,,AppState.ESTIMATE_BREATHING_RATE,1.0000;4.0000,True,0.5204729922115796,1.3063576126159901,22.847109597388712,1,8.30415153503418
361,26.260143756866455,1770674588.2601438,breathing_no_rate,,AppState.ESTIMATE_BREATHING_RATE,1.0000;4.0000,True,0.5204729922115796,1.288301674723498,22.89161973140741,1,8.30415153503418
362,26.306211233139038,1770674588.3062112,breathing_no_rate,,AppState.ESTIMATE_BREATHING_RATE,1.0000;4.0000,True,0.5204729922115796,1.2702876304564454,22.935067053327966,1,8.30415153503418
363,26.362102508544922,1770674588.3621025,breathing_no_rate,,AppState.ESTIMATE_BREATHING_RATE,1.0000;4.0000,True,0.5204729922115796,1.2457420848662855,22.960914412788558,1,8.30415153503418
364,26.407535076141357,1770674588.407535,breathing_no_rate,,AppState.ESTIMATE_BREATHING_RATE,1.0000;4.0000,True,0.5204729922115796,1.226796840505934,22.962856895228104,1,8.30415153503418
365,26.462990283966064,1770674588.4629903,breathing_no_rate,,AppState.ESTIMATE_BREATHING_RATE,1.0000;4.0000,True,0.5204729922115796,1.2180802754142361,22.955428961747856,1,8.30415153503418
366,26.508311986923218,1770674588.508312,breathing_no_rate,,AppState.ESTIMATE_BREATHING_RATE,1.0000;4.0000,True,0.5204729922115796,1.2207124812759067,22.950812893709223,1,8.30415153503418
367,26.553895473480225,1770674588.5538955,breathing_no_rate,,AppState.ESTIMATE_BREATHING_RATE,1.0000;4.0000,True,0.5204729922115796,1.239480758537765,22.96347079668613,1,8.30415153503418
368,26.60930562019348,1770674588.6093056,breathing_no_rate,,AppState.ESTIMATE_BREATHING_RATE,1.0000;4.0000,True,0.5204729922115796,1.2624665652753317,22.991905741251905,1,8.30415153503418
369,26.6545889377594,1770674588.654589,breathing_no_rate,,AppState.ESTIMATE_BREATHING_RATE,1.0000;4.0000,True,0.5204729922115796,1.2902817754599962,23.025362816392832,1,8.30415153503418
370,26.711073637008667,1770674588.7110736,breathing_no_rate,,AppState.ESTIMATE_BREATHING_RATE,1.0000;4.0000,True,0.5204729922115796,1.3070949244548926,23.048237808436202,1,8.30415153503418
371,26.756348133087158,1770674588.7563481,breathing_no_rate,,AppState.ESTIMATE_BREATHING_RATE,1.0000;4.0000,True,0.5204729922115796,1.331743120006166,23.05768989286298,1,8.30415153503418
372,26.81173586845398,1770674588.8117359,breathing_no_rate,,AppState.ESTIMATE_BREATHING_RATE,1.0000;4.0000,True,0.5204729922115796,1.3424845494151847,23.059007559430594,1,8.30415153503418
373,26.857040882110596,1770674588.857041,breathing_no_rate,,AppState.ESTIMATE_BREATHING_RATE,1.0000;4.0000,True,0.5204729922115796,1.3493432977440614,23.05030167331139,1,8.30415153503418
374,26.913485050201416,1770674588.913485,breathing_no_rate,,AppState.ESTIMATE_BREATHING_RATE,1.0000;4.0000,True,0.5204729922115796,1.349466924084574,23.03383753823239,1,8.30415153503418
375,26.9601047039032,1770674588.9601047,breathing_no_rate,,AppState.ESTIMATE_BREATHING_RATE,1.0000;4.0000,True,0.5204729922115796,1.3389663236657061,23.001308732653428,1,8.30415153503418
376,27.00606393814087,1770674589.006064,breathing_no_rate,,AppState.ESTIMATE_BREATHING_RATE,1.0000;4.0000,True,0.5204729922115796,1.3260972022440936,22.9770858282932,1,8.30415153503418
377,27.08557152748108,1770674589.0855715,breathing_no_rate,,AppState.ESTIMATE_BREATHING_RATE,1.0000;4.0000,True,0.5204729922115796,1.3053768368815053,22.981961426630008,1,8.30415153503418
378,27.10965657234192,1770674589.1096566,breathing_no_rate,,AppState.ESTIMATE_BREATHING_RATE,1.0000;4.0000,True,0.5204729922115796,1.2798094931312018,22.991084430187684,1,8.30415153503418
379,27.154101848602295,1770674589.1541018,breathing_no_rate,,AppState.ESTIMATE_BREATHING_RATE,1.0000;4.0000,True,0.5204729922115796,1.253502460875129,22.981240223378705,1,8.30415153503418
380,27.212607860565186,1770674589.2126079,breathing_no_rate,,AppState.ESTIMATE_BREATHING_RATE,1.0000;4.0000,True,0.5204729922115796,1.2318601635269444,22.96185305781926,1,8.30415153503418
381,27.25802755355835,1770674589.2580276,breathing_no_rate,,AppState.ESTIMATE_BREATHING_RATE,1.0000;4.0000,True,0.5204729922115796,1.227054470680747,22.935272463418023,1,8.30415153503418
382,27.30384635925293,1770674589.3038464,breathing_no_rate,,AppState.ESTIMATE_BREATHING_RATE,1.0000;4.0000,True,0.5204729922115796,1.2188437321890873,22.895392579674006,1,8.30415153503418
383,27.359446048736572,1770674589.359446,breathing_no_rate,,AppState.ESTIMATE_BREATHING_RATE,1.0000;4.0000,True,0.5204729922115796,1.2252062800264223,22.8466351711944,1,8.30415153503418
384,27.404850006103516,1770674589.40485,breathing_no_rate,,AppState.ESTIMATE_BREATHING_RATE,1.0000;4.0000,True,0.5204729922115796,1.2317327718263242,22.798863168854055,1,8.30415153503418
385,27.46046257019043,1770674589.4604626,breathing_no_rate,,AppState.ESTIMATE_BREATHING_RATE,1.0000;4.0000,True,0.5204729922115796,1.2718479310376571,22.76162898073219,1,8.30415153503418
386,27.50571322441101,1770674589.5057132,breathing_no_rate,,AppState.ESTIMATE_BREATHING_RATE,1.0000;4.0000,True,0.5204729922115796,1.3254347918754334,22.74361746509939,1,8.30415153503418
387,27.561332941055298,1770674589.561333,breathing_no_rate,,AppState.ESTIMATE_BREATHING_RATE,1.0000;4.0000,True,0.5204729922115796,1.3805602250614013,22.744994304789305,1,8.30415153503418
388,27.60660982131958,1770674589.6066098,breathing_no_rate,,AppState.ESTIMATE_BREATHING_RATE,1.0000;4.0000,True,0.5204729922115796,1.4285062898867469,22.75850877405892,1,8.30415153503418
389,27.66204023361206,1770674589.6620402,breathing_no_rate,,AppState.ESTIMATE_BREATHING_RATE,1.0000;4.0000,True,0.5204729922115796,1.4779588389179243,22.77718909324233,1,8.30415153503418
390,27.707521677017212,1770674589.7075217,breathing_no_rate,,AppState.ESTIMATE_BREATHING_RATE,1.0000;4.0000,True,0.5204729922115796,1.5185938133026522,22.798039166570632,1,8.30415153503418
391,27.76291584968567,1770674589.7629158,breathing_no_rate,,AppState.ESTIMATE_BREATHING_RATE,1.0000;4.0000,True,0.5204729922115796,1.568445676020963,22.822322613981612,1,8.30415153503418
392,27.808288097381592,1770674589.808288,breathing_no_rate,,AppState.ESTIMATE_BREATHING_RATE,1.0000;4.0000,True,0.5204729922115796,1.6296033252305686,22.844119367648684,1,8.30415153503418
393,27.85357666015625,1770674589.8535767,breathing_no_rate,,AppState.ESTIMATE_BREATHING_RATE,1.0000;4.0000,True,0.5204729922115796,1.6681495456337065,22.852129576477424,1,8.30415153503418
394,27.908934593200684,1770674589.9089346,breathing_no_rate,,AppState.ESTIMATE_BREATHING_RATE,1.0000;4.0000,True,0.5204729922115796,1.6877571905359803,22.85121877532163,1,8.30415153503418
395,27.954203605651855,1770674589.9542036,breathing_no_rate,,AppState.ESTIMATE_BREATHING_RATE,1.0000;4.0000,True,0.5204729922115796,1.6669196634195034,22.87472598146059,1,8.30415153503418
396,28.009807348251343,1770674590.0098073,breathing_no_rate,,AppState.ESTIMATE_BREATHING_RATE,1.0000;4.0000,True,0.5204729922115796,1.6194802338773877,22.93626796120613,1,8.30415153503418
397,28.056070566177368,1770674590.0560706,breathing_no_rate,,AppState.ESTIMATE_BREATHING_RATE,1.0000;4.0000,True,0.5204729922115796,1.5665745083181697,23.010246625620116,1,8.30415153503418
398,28.14238166809082,1770674590.1423817,breathing_no_rate,,AppState.ESTIMATE_BREATHING_RATE,1.0000;4.0000,True,0.5204729922115796,1.5132568767690244,23.073777607395225,1,8.30415153503418
399,28.156585693359375,1770674590.1565857,breathing_no_rate,,AppState.ESTIMATE_BREATHING_RATE,1.0000;4.0000,True,0.40036384016275356,1.472323391380749,23.123958171267258,0,8.30415153503418
400,28.206263542175293,1770674590.2062635,breathing_no_rate,,AppState.ESTIMATE_BREATHING_RATE,1.0000;4.0000,True,0.40036384016275356,1.4446646923558486,23.152657469161827,0,8.30415153503418
401,28.2615807056427,1770674590.2615807,breathing_no_rate,,AppState.ESTIMATE_BREATHING_RATE,1.0000;4.0000,True,0.5204729922115796,1.4222346613283743,23.16613762922503,1,8.30415153503418
402,28.306708335876465,1770674590.3067083,breathing_no_rate,,AppState.ESTIMATE_BREATHING_RATE,1.0000;4.0000,True,0.5204729922115796,1.4076326026897819,23.178151697885273,1,8.30415153503418
403,28.36238670349121,1770674590.3623867,breathing_no_rate,,AppState.ESTIMATE_BREATHING_RATE,1.0000;4.0000,True,0.5204729922115796,1.4150518794960638,23.19406108333681,1,8.30415153503418
404,28.407838821411133,1770674590.4078388,breathing,11.75749996424311,AppState.ESTIMATE_BREATHING_RATE,1.0000;4.0000,True,0.5204729922115796,1.443999500428649,23.221596371637414,1,8.30415153503418
405,28.463473558425903,1770674590.4634736,breathing,11.744341004057429,AppState.ESTIMATE_BREATHING_RATE,1.0000;4.0000,True,0.5204729922115796,1.4641460106770423,23.259876465231706,1,8.30415153503418
406,28.508849620819092,1770674590.5088496,breathing,3.9306355225955993,AppState.ESTIMATE_BREATHING_RATE,1.0000;4.0000,True,0.5204729922115796,1.524793231346742,23.312598288369955,1,8.30415153503418
407,28.554534673690796,1770674590.5545347,breathing,3.9310277986503257,AppState.ESTIMATE_BREATHING_RATE,1.0000;4.0000,True,0.5204729922115796,1.588316681507375,23.383407048621585,1,8.30415153503418
408,28.609991312026978,1770674590.6099913,breathing,3.9324812899145005,AppState.ESTIMATE_BREATHING_RATE,1.0000;4.0000,True,0.5204729922115796,1.6401843974933659,23.47406074724457,1,8.30415153503418
409,28.65532922744751,1770674590.6553292,breathing,3.9349852792988207,AppState.ESTIMATE_BREATHING_RATE,1.0000;4.0000,True,0.5204729922115796,1.7099562623107416,23.579735667789787,1,8.30415153503418
410,28.711029291152954,1770674590.7110293,breathing,3.9385207125197885,AppState.ESTIMATE_BREATHING_RATE,1.0000;4.0000,True,0.5204729922115796,1.7754060933143114,23.692869657207755,1,8.30415153503418
411,28.75644040107727,1770674590.7564404,breathing,3.943075695542197,AppState.ESTIMATE_BREATHING_RATE,1.0000;4.0000,True,0.5204729922115796,1.8342605407362265,23.801069693544893,1,8.30415153503418
412,28.81189227104187,1770674590.8118923,breathing,3.9486281024996526,AppState.ESTIMATE_BREATHING_RATE,1.0000;4.0000,True,0.5204729922115796,1.8923752714261057,23.896935018863747,1,8.30415153503418
413,28.85718584060669,1770674590.8571858,breathing,3.9551633493361456,AppState.ESTIMATE_BREATHING_RATE,1.0000;4.0000,True,0.5204729922115796,1.9381591218797436,23.985174314447335,1,8.30415153503418
414,28.912618398666382,1770674590.9126184,breathing,3.9626829799579713,AppState.ESTIMATE_BREATHING_RATE,1.0000;4.0000,True,0.5204729922115796,1.9638637735692923,24.064804479674816,1,8.30415153503418
415,28.958020448684692,1770674590.9580204,breathing,3.9711802049455156,AppState.ESTIMATE_BREATHING_RATE,1.0000;4.0000,True,0.5204729922115796,1.988071283532653,24.13408071476206,1,8.30415153503418
416,29.003315925598145,1770674591.003316,breathing,3.9806493392752307,AppState.ESTIMATE_BREATHING_RATE,1.0000;4.0000,True,0.5204729922115796,2.021035303532986,24.192386371713646,1,8.30415153503418
417,29.05876064300537,1770674591.0587606,breathing,3.9911221284767366,AppState.ESTIMATE_BREATHING_RATE,1.0000;4.0000,True,0.5204729922115796,2.040883547627039,24.24002313406864,1,8.30415153503418
418,29.104180335998535,1770674591.1041803,breathing,4.002599934537052,AppState.ESTIMATE_BREATHING_RATE,1.0000;4.0000,True,0.5204729922115796,2.0812321168571257,24.27455919978769,1,8.30415153503418
419,29.19516611099243,1770674591.195166,breathing,4.015103580630158,AppState.ESTIMATE_BREATHING_RATE,1.0000;4.0000,True,0.5204729922115796,2.112900184925176,24.29330497841243,1,8.30415153503418
420,29.219335794448853,1770674591.2193358,breathing,4.028640348554974,AppState.ESTIMATE_BREATHING_RATE,1.0000;4.0000,True,0.6405821442604057,2.141195920463821,24.296703393222764,2,8.30415153503418
421,29.253836393356323,1770674591.2538364,breathing,4.043239490975932,AppState.ESTIMATE_BREATHING_RATE,1.0000;4.0000,True,0.6405821442604057,2.165847107004971,24.28611594514059,2,8.30415153503418
422,29.30819606781006,1770674591.308196,breathing,4.058894353675835,AppState.ESTIMATE_BREATHING_RATE,1.0000;4.0000,True,0.7606912963092318,2.1772311968279623,24.27177017877935,3,8.30415153503418
423,29.353856563568115,1770674591.3538566,breathing,4.075614541040616,AppState.ESTIMATE_BREATHING_RATE,1.0000;4.0000,True,0.7606912963092318,2.17547920801747,24.262885453886916,3,8.30415153503418
424,29.409549236297607,1770674591.4095492,breathing,4.0934131558968465,AppState.ESTIMATE_BREATHING_RATE,1.0000;4.0000,True,0.7606912963092318,2.1636057289449466,24.25486511775281,3,8.30415153503418
425,29.45499563217163,1770674591.4549956,breathing,4.112292538658041,AppState.ESTIMATE_BREATHING_RATE,1.0000;4.0000,True,0.7606912963092318,2.1667048957103465,24.240645103261343,3,8.30415153503418
426,29.510584592819214,1770674591.5105846,breathing,4.1322799204203795,AppState.ESTIMATE_BREATHING_RATE,1.0000;4.0000,True,0.7606912963092318,2.164322374403098,24.2165231756628,3,8.30415153503418
427,29.55625009536743,1770674591.55625,breathing,4.153391258719734,AppState.ESTIMATE_BREATHING_RATE,1.0000;4.0000,True,0.7606912963092318,2.1632792735989623,24.178210012663644,3,8.30415153503418
428,29.611667156219482,1770674591.6116672,breathing,4.175628595656478,AppState.ESTIMATE_BREATHING_RATE,1.0000;4.0000,True,0.7606912963092318,2.145088040146303,24.12510634157459,3,8.30415153503418
429,29.657009840011597,1770674591.6570098,breathing,4.19896800191472,AppState.ESTIMATE_BREATHING_RATE,1.0000;4.0000,True,0.7606912963092318,2.124248580565676,24.057595837569476,3,8.30415153503418
430,29.71261191368103,1770674591.712612,breathing,4.223422329432719,AppState.ESTIMATE_BREATHING_RATE,1.0000;4.0000,True,0.5204729922115796,2.0940259491537185,23.998387473909304,1,8.30415153503418
431,29.757848262786865,1770674591.7578483,breathing,4.248943105244493,AppState.ESTIMATE_BREATHING_RATE,1.0000;4.0000,True,0.5204729922115796,2.052725180365796,23.97004972020374,1,8.30415153503418
432,29.813347339630127,1770674591.8133473,breathing,4.275520024473154,AppState.ESTIMATE_BREATHING_RATE,1.0000;4.0000,True,0.5204729922115796,2.0009483027066213,23.97649148087552,1,8.30415153503418
433,29.85866904258728,1770674591.858669,breathing,4.303091842953474,AppState.ESTIMATE_BREATHING_RATE,1.0000;4.0000,True,0.5204729922115796,1.940480997238041,23.989509853381687,1,8.30415153503418
434,29.904035806655884,1770674591.9040358,breathing,4.331576743193465,AppState.ESTIMATE_BREATHING_RATE,1.0000;4.0000,True,0.5204729922115796,1.8849045369096247,23.98281151538794,1,8.30415153503418
435,29.959410429000854,1770674591.9594104,breathing,4.361034293201757,AppState.ESTIMATE_BREATHING_RATE,1.0000;4.0000,True,0.5204729922115796,1.8470324594535095,23.95768199880315,1,8.30415153503418
436,30.00464963912964,1770674592.0046496,breathing,4.391411830559604,AppState.ESTIMATE_BREATHING_RATE,1.0000;4.0000,True,0.5204729922115796,1.8075160829178822,23.924238023808744,1,8.30415153503418
437,30.060141801834106,1770674592.0601418,breathing,4.422656851115418,AppState.ESTIMATE_BREATHING_RATE,1.0000;4.0000,True,0.5204729922115796,1.790892666263347,23.88973391111423,1,8.30415153503418
438,30.105584383010864,1770674592.1055844,breathing,4.454758687397526,AppState.ESTIMATE_BREATHING_RATE,1.0000;4.0000,True,0.5204729922115796,1.8019217253036015,23.851823578562996,1,8.30415153503418
439,30.161031246185303,1770674592.1610312,breathing,4.487673597019954,AppState.ESTIMATE_BREATHING_RATE,1.0000;4.0000,True,0.5204729922115796,1.813418176306757,23.797895710822825,1,8.30415153503418
440,30.246874570846558,1770674592.2468746,breathing,4.521363324557806,AppState.ESTIMATE_BREATHING_RATE,1.0000;4.0000,True,0.5204729922115796,1.8187644558445224,23.74176570452049,1,8.30415153503418
441,30.261863946914673,1770674592.261864,breathing,4.555773505006094,AppState.ESTIMATE_BREATHING_RATE,1.0000;4.0000,True,0.5204729922115796,1.7976625931444659,23.702991048147403,1,8.30415153503418
442,30.306026458740234,1770674592.3060265,breathing,4.590861198592172,AppState.ESTIMATE_BREATHING_RATE,1.0000;4.0000,True,0.5204729922115796,1.7514163841990427,23.699701136735627,1,8.30415153503418
443,30.360270023345947,1770674592.36027,breathing,4.626515811482733,AppState.ESTIMATE_BREATHING_RATE,1.0000;4.0000,True,0.5204729922115796,1.6872867310906448,23.742125392564752,1,8.30415153503418
444,30.405876636505127,1770674592.4058766,breathing,4.662699852606289,AppState.ESTIMATE_BREATHING_RATE,1.0000;4.0000,True,0.5204729922115796,1.6240359469625623,23.808664906826433,1,8.30415153503418
445,30.461594343185425,1770674592.4615943,breathing,4.699465862060017,AppState.ESTIMATE_BREATHING_RATE,1.0000;4.0000,True,0.5204729922115796,1.5614081233844277,23.883473892274708,1,8.30415153503418
446,30.506973266601562,1770674592.5069733,breathing,4.736706941027835,AppState.ESTIMATE_BREATHING_RATE,1.0000;4.0000,True,0.5204729922115796,1.506631768401306,23.952371702230963,1,8.30415153503418
447,30.562720775604248,1770674592.5627208,breathing,4.774317482246025,AppState.ESTIMATE_BREATHING_RATE,1.0000;4.0000,True,0.5204729922115796,1.4639061583213286,24.00510945446534,1,8.30415153503418
448,30.607625484466553,1770674592.6076255,breathing,4.812253903741208,AppState.ESTIMATE_BREATHING_RATE,1.0000;4.0000,True,0.5204729922115796,1.4296483603185515,24.03490813192731,1,8.30415153503418
449,30.662470817565918,1770674592.6624708,breathing,4.8504784898940585,AppState.ESTIMATE_BREATHING_RATE,1.0000;4.0000,True,0.5204729922115796,1.4179979535269494,24.040910421397726,1,8.30415153503418
450,30.70792031288147,1770674592.7079203,breathing,4.888948055081636,AppState.ESTIMATE_BREATHING_RATE,1.0000;4.0000,True,0.5204729922115796,1.401783050488023,24.02804157903241,1,8.30415153503418
451,30.76331663131714,1770674592.7633166,breathing,4.927619728820411,AppState.ESTIMATE_BREATHING_RATE,1.0000;4.0000,True,0.5204729922115796,1.3797285410752071,24.00058147660662,1,8.30415153503418
452,30.80866312980652,1770674592.8086631,breathing,4.966461598824451,AppState.ESTIMATE_BREATHING_RATE,1.0000;4.0000,True,0.5204729922115796,1.3575113502444531,23.957903456129646,1,8.30415153503418
453,30.85394048690796,1770674592.8539405,breathing,5.005482481106739,AppState.ESTIMATE_BREATHING_RATE,1.0000;4.0000,True,0.5204729922115796,1.3379055451242439,23.898470381348456,1,8.30415153503418
454,30.9094340801239,1770674592.909434,breathing,5.04464456765996,AppState.ESTIMATE_BREATHING_RATE,1.0000;4.0000,True,0.7606912963092318,1.3239221525013283,23.832054770541525,3,8.30415153503418
455,30.954625844955444,1770674592.9546258,breathing,5.083948665079543,AppState.ESTIMATE_BREATHING_RATE,1.0000;4.0000,True,0.7606912963092318,1.3058514212003867,23.780284480745195,3,8.30415153503418
456,31.010051012039185,1770674593.010051,breathing,5.12337081668031,AppState.ESTIMATE_BREATHING_RATE,1.0000;4.0000,True,0.7606912963092318,1.2813308576545424,23.744110406422553,3,8.30415153503418
457,31.055318117141724,1770674593.055318,breathing,5.1629122560651215,AppState.ESTIMATE_BREATHING_RATE,1.0000;4.0000,True,0.7606912963092318,1.252508062877083,23.71859224497783,3,8.30415153503418
458,31.111048221588135,1770674593.1110482,breathing,5.202531580055811,AppState.ESTIMATE_BREATHING_RATE,1.0000;4.0000,True,0.7606912963092318,1.2285194994724271,23.69906204460982,3,8.30415153503418
459,31.156462907791138,1770674593.156463,breathing,5.242261746229128,AppState.ESTIMATE_BREATHING_RATE,1.0000;4.0000,True,0.7606912963092318,1.2100217079830646,23.6769888757205,3,8.30415153503418
460,31.207812547683716,1770674593.2078125,breathing,5.2820966589795395,AppState.ESTIMATE_BREATHING_RATE,1.0000;4.0000,True,0.7606912963092318,1.1885321495649714,23.656255727366705,3,8.30415153503418
461,31.30010461807251,1770674593.3001046,breathing,5.322007436116301,AppState.ESTIMATE_BREATHING_RATE,1.0000;4.0000,True,0.7606912963092318,1.1631823687812217,23.635572704724066,3,8.30415153503418
462,31.315624952316284,1770674593.315625,breathing,5.362012084094186,AppState.ESTIMATE_BREATHING_RATE,1.0000;4.0000,True,0.7606912963092318,1.1368348862694821,23.61126347468675,3,8.30415153503418
463,31.361239194869995,1770674593.3612392,breathing,5.402157164300547,AppState.ESTIMATE_BREATHING_RATE,1.0000;4.0000,True,0.7606912963092318,1.1143786740918395,23.581356637177507,3,8.30415153503418
464,31.405454874038696,1770674593.4054549,breathing,5.442447682956242,AppState.ESTIMATE_BREATHING_RATE,1.0000;4.0000,True,0.7606912963092318,1.093840856368451,23.549291103008816,3,8.30415153503418
465,31.45978593826294,1770674593.459786,breathing,5.482806421449627,AppState.ESTIMATE_BREATHING_RATE,1.0000;4.0000,True,0.6405821442604057,1.0733155894708422,23.539239603896537,2,8.30415153503418
466,31.50515103340149,1770674593.505151,breathing,5.523326758003273,AppState.ESTIMATE_BREATHING_RATE,1.0000;4.0000,True,0.6405821442604057,1.0504792553313793,23.536053821785128,2,8.30415153503418
467,31.560887575149536,1770674593.5608876,breathing,5.564028031431975,AppState.ESTIMATE_BREATHING_RATE,1.0000;4.0000,True,0.5204729922115796,1.0320641476226153,23.525347310860656,1,8.30415153503418
468,31.606253623962402,1770674593.6062536,breathing,5.604934106642266,AppState.ESTIMATE_BREATHING_RATE,1.0000;4.0000,True,0.5204729922115796,1.0278749850778846,23.500788286801722,1,8.30415153503418
469,31.66167664527893,1770674593.6616766,breathing,5.646077350288927,AppState.ESTIMATE_BREATHING_RATE,1.0000;4.0000,True,0.6405821442604057,1.019522073853452,23.465026253730933,2,8.30415153503418
470,31.707143306732178,1770674593.7071433,breathing,5.687481895454776,AppState.ESTIMATE_BREATHING_RATE,1.0000;4.0000,True,0.6405821442604057,1.018272677674664,23.432537047416243,2,8.30415153503418
471,31.76269245147705,1770674593.7626925,breathing,5.729151451164093,AppState.ESTIMATE_BREATHING_RATE,1.0000;4.0000,True,0.6405821442604057,1.0304879575133166,23.409289291764118,2,8.30415153503418
472,31.80811595916748,1770674593.808116,breathing,5.7710692091225,AppState.ESTIMATE_BREATHING_RATE,1.0000;4.0000,True,0.6405821442604057,1.0529979907701332,23.398435655883702,2,8.30415153503418
473,31.85350775718689,1770674593.8535078,breathing,5.8132010686398825,AppState.ESTIMATE_BREATHING_RATE,1.0000;4.0000,True,0.6405821442604057,1.1025771550292558,23.422658877644963,2,8.30415153503418
474,31.909984827041626,1770674593.9099848,breathing,5.855492530561471,AppState.ESTIMATE_BREATHING_RATE,1.0000;4.0000,True,0.6405821442604057,1.1789334246269476,23.48845359184984,2,8.30415153503418
475,31.955957651138306,1770674593.9559577,breathing,6.151645485523569,AppState.ESTIMATE_BREATHING_RATE,1.0000;4.0000,True,0.6405821442604057,1.2804370937691,23.578132252243925,2,8.30415153503418
476,32.01247763633728,1770674594.0124776,breathing,6.384992211382292,AppState.ESTIMATE_BREATHING_RATE,1.0000;4.0000,True,0.6405821442604057,1.3653496565579215,23.66486320234129,2,8.30415153503418
477,32.056548833847046,1770674594.0565488,breathing,6.560068177870059,AppState.ESTIMATE_BREATHING_RATE,1.0000;4.0000,True,0.6405821442604057,1.4193529606190949,23.72443964715659,2,8.30415153503418
478,32.111528158187866,1770674594.1115282,breathing,6.696250773147689,AppState.ESTIMATE_BREATHING_RATE,1.0000;4.0000,True,0.6405821442604057,1.4497669722779691,23.76583798236943,2,8.30415153503418
479,32.15625762939453,1770674594.1562576,breathing,6.804999968336759,AppState.ESTIMATE_BREATHING_RATE,1.0000;4.0000,True,0.6405821442604057,1.4641119693244127,23.79857763645322,2,8.30415153503418
480,32.20833230018616,1770674594.2083323,breathing,6.893607871696681,AppState.ESTIMATE_BREATHING_RATE,1.0000;4.0000,True,0.6405821442604057,1.4669124835802587,23.82521739111937,2,8.30415153503418
481,32.25416135787964,1770674594.2541614,breathing,6.96683878586587,AppState.ESTIMATE_BREATHING_RATE,1.0000;4.0000,True,0.6405821442604057,1.4867414281867704,23.829604598604107,2,8.30415153503418
482,32.34959411621094,1770674594.349594,breathing,7.028132685493818,AppState.ESTIMATE_BREATHING_RATE,1.0000;4.0000,True,0.5204729922115796,1.530134385399976,23.835147462612774,1,8.30415153503418
483,32.36448907852173,1770674594.364489,breathing,7.079889139381834,AppState.ESTIMATE_BREATHING_RATE,1.0000;4.0000,True,0.40036384016275356,1.5815684773555694,23.891014010210135,0,8.30415153503418
484,32.407697916030884,1770674594.407698,breathing,7.123685976360401,AppState.ESTIMATE_BREATHING_RATE,1.0000;4.0000,True,0.40036384016275356,1.6755289292326794,23.999935514907826,0,8.30415153503418
485,32.460793256759644,1770674594.4607933,breathing,7.160674956977104,AppState.ESTIMATE_BREATHING_RATE,1.0000;4.0000,True,0.40036384016275356,1.7692527700826348,24.155023573250507,0,8.30415153503418
486,32.503865242004395,1770674594.5038652,breathing,7.191734900982759,AppState.ESTIMATE_BREATHING_RATE,1.0000;4.0000,True,0.40036384016275356,1.8630831866199666,24.35021835802385,0,8.30415153503418
487,32.55826139450073,1770674594.5582614,breathing,7.21765696866481,AppState.ESTIMATE_BREATHING_RATE,1.0000;4.0000,True,0.40036384016275356,1.9868130025244115,24.570401835689147,0,8.30415153503418
488,32.60115718841553,1770674594.6011572,breathing,7.239089958784072,AppState.ESTIMATE_BREATHING_RATE,1.0000;4.0000,True,0.5204729922115796,2.091403304559877,24.809287064271466,1,8.30415153503418
489,32.6541211605072,1770674594.6541212,breathing,7.256633639030499,AppState.ESTIMATE_BREATHING_RATE,1.0000;4.0000,True,0.5204729922115796,2.1987723168315787,25.05950314356483,1,8.30415153503418
490,32.707194328308105,1770674594.7071943,breathing,7.270766460582059,AppState.ESTIMATE_BREATHING_RATE,1.0000;4.0000,True,0.5204729922115796,2.309299264311269,25.323919985720142,1,8.30415153503418
491,32.76019358634949,1770674594.7601936,breathing,7.2820030027806375,AppState.ESTIMATE_BREATHING_RATE,1.0000;4.0000,True,0.5204729922115796,2.4103713391613946,25.60252554722078,1,8.30415153503418
492,32.803006410598755,1770674594.8030064,breathing,7.29080817159537,AppState.ESTIMATE_BREATHING_RATE,1.0000;4.0000,True,0.5204729922115796,2.496581057625119,25.88932992759343,1,8.30415153503418
493,32.856067419052124,1770674594.8560674,breathing,7.297573481291268,AppState.ESTIMATE_BREATHING_RATE,1.0000;4.0000,True,0.5204729922115796,2.5736439333610415,26.175600941071227,1,8.30415153503418
494,32.9090301990509,1770674594.9090302,breathing,7.302663630853111,AppState.ESTIMATE_BREATHING_RATE,1.0000;4.0000,True,0.5204729922115796,2.6504947985330327,26.44990044347523,1,8.30415153503418
495,32.951900243759155,1770674594.9519002,breathing,7.306369809208686,AppState.ESTIMATE_BREATHING_RATE,1.0000;4.0000,True,0.5204729922115796,2.7046757156741035,26.70240655959428,1,8.30415153503418
496,33.004865646362305,1770674595.0048656,breathing,7.308962642199639,AppState.ESTIMATE_BREATHING_RATE,1.0000;4.0000,True,0.5204729922115796,2.725914903236953,26.926050411145372,1,8.30415153503418
497,33.05814528465271,1770674595.0581453,breathing,7.310645765260355,AppState.ESTIMATE_BREATHING_RATE,1.0000;4.0000,True,0.5204729922115796,2.7333461202686706,27.113555353858082,1,8.30415153503418
498,33.11125135421753,1770674595.1112514,breathing,7.311612872648246,AppState.ESTIMATE_BREATHING_RATE,1.0000;4.0000,True,0.5204729922115796,2.7453276985404735,27.265703749620002,1,8.30415153503418
499,33.1541645526886,1770674595.1541646,breathing,7.312015269365129,AppState.ESTIMATE_BREATHING_RATE,1.0000;4.0000,True,0.5204729922115796,2.750454489667041,27.374677478274723,1,8.30415153503418
500,33.201523303985596,1770674595.2015233,breathing,7.311977604299919,AppState.ESTIMATE_BREATHING_RATE,1.0000;4.0000,True,0.5204729922115796,2.7493886865914137,27.459514585784948,1,8.30415153503418
501,33.254719972610474,1770674595.25472,breathing,7.311622533851748,AppState.ESTIMATE_BREATHING_RATE,1.0000;4.0000,True,0.5204729922115796,2.7242893063648257,27.546907545658655,1,8.30415153503418
502,33.30792236328125,1770674595.3079224,breathing,7.311070255157166,AppState.ESTIMATE_BREATHING_RATE,1.0000;4.0000,True,0.5204729922115796,2.659786938521112,27.669792576202177,1,8.30415153503418
503,33.38198900222778,1770674595.381989,breathing,7.310448786030137,AppState.ESTIMATE_BREATHING_RATE,1.0000;4.0000,True,0.5204729922115796,2.5551933095697352,27.843923746525792,1,8.30415153503418
504,33.405065298080444,1770674595.4050653,breathing,7.309871698035823,AppState.ESTIMATE_BREATHING_RATE,1.0000;4.0000,True,0.5204729922115796,2.4333904109432,28.04988395183232,1,8.30415153503418
505,33.45817685127258,1770674595.4581769,breathing,7.309418023246635,AppState.ESTIMATE_BREATHING_RATE,1.0000;4.0000,True,0.5204729922115796,2.3052537273594935,28.26306416005678,1,8.30415153503418
506,33.51152205467224,1770674595.511522,breathing,7.309183466975011,AppState.ESTIMATE_BREATHING_RATE,1.0000;4.0000,True,0.5204729922115796,2.19234503828288,28.4730803379475,1,8.30415153503418
507,33.55460834503174,1770674595.5546083,breathing,7.309220334298727,AppState.ESTIMATE_BREATHING_RATE,1.0000;4.0000,True,0.5204729922115796,2.093161492494931,28.674229766579877,1,8.30415153503418
508,33.60762858390808,1770674595.6076286,breathing,7.309483067760306,AppState.ESTIMATE_BREATHING_RATE,1.0000;4.0000,True,0.5204729922115796,1.9982637816185138,28.866075791171593,1,8.30415153503418
509,33.66066122055054,1770674595.6606612,breathing,7.310111534887558,AppState.ESTIMATE_BREATHING_RATE,1.0000;4.0000,True,0.6405821442604057,1.9138038497972991,29.05079296815408,2,8.30415153503418
510,33.70369243621826,1770674595.7036924,breathing,7.311091935367781,AppState.ESTIMATE_BREATHING_RATE,1.0000;4.0000,True,0.6405821442604057,1.8390582210951596,29.231466324979504,2,8.30415153503418
511,33.75666689872742,1770674595.756667,breathing,7.312345555238976,AppState.ESTIMATE_BREATHING_RATE,1.0000;4.0000,True,0.6405821442604057,1.765162330933964,29.414094240891295,2,8.30415153503418
512,33.809667348861694,1770674595.8096673,breathing,7.313812016460251,AppState.ESTIMATE_BREATHING_RATE,1.0000;4.0000,True,0.6405821442604057,1.7035834990340466,29.602183051366648,2,8.30415153503418
513,33.85257601737976,1770674595.852576,breathing,7.31545284605701,AppState.ESTIMATE_BREATHING_RATE,1.0000;4.0000,True,0.6405821442604057,1.6501195752732458,29.793576854960243,2,8.30415153503418
514,33.90553092956543,1770674595.905531,breathing,7.317215390842812,AppState.ESTIMATE_BREATHING_RATE,1.0000;4.0000,True,0.6405821442604057,1.5919860824008198,29.987801248531902,2,8.30415153503418
515,33.958529472351074,1770674595.9585295,breathing,7.319059834656696,AppState.ESTIMATE_BREATHING_RATE,1.0000;4.0000,True,0.6405821442604057,1.5555157816800367,30.179902673214375,2,8.30415153503418
516,34.001370668411255,1770674596.0013707,breathing,7.320957497520347,AppState.ESTIMATE_BREATHING_RATE,1.0000;4.0000,True,0.6405821442604057,1.522369081040926,30.362468156666655,2,8.30415153503418
517,34.05431509017944,1770674596.054315,breathing,7.322824193127942,AppState.ESTIMATE_BREATHING_RATE,1.0000;4.0000,True,0.6405821442604057,1.4984621428060019,30.5291079328162,2,8.30415153503418
518,34.10738801956177,1770674596.107388,breathing,7.324522737649824,AppState.ESTIMATE_BREATHING_RATE,1.0000;4.0000,True,0.6405821442604057,1.4858725879815269,30.679847021773707,2,8.30415153503418
519,34.16031098365784,1770674596.160311,breathing,7.325994045758085,AppState.ESTIMATE_BREATHING_RATE,1.0000;4.0000,True,0.6405821442604057,1.474398925281737,30.81840315160946,2,8.30415153503418
520,34.208746910095215,1770674596.208747,breathing,7.327185362206146,AppState.ESTIMATE_BREATHING_RATE,1.0000;4.0000,True,0.6405821442604057,1.4512228599943493,30.946469603314807,2,8.30415153503418
521,34.25184512138367,1770674596.2518451,breathing,7.328018498572128,AppState.ESTIMATE_BREATHING_RATE,1.0000;4.0000,True,0.6405821442604057,1.416825256446491,31.06410135287604,2,8.30415153503418
522,34.30515480041504,1770674596.3051548,breathing,7.3285807337600595,AppState.ESTIMATE_BREATHING_RATE,1.0000;4.0000,True,0.6405821442604057,1.395641152455086,31.173613244373456,2,8.30415153503418
523,34.35805916786194,1770674596.3580592,breathing,7.328820613707137,AppState.ESTIMATE_BREATHING_RATE,1.0000;4.0000,True,0.6405821442604057,1.3801403743995564,31.266837491883937,2,8.30415153503418
524,34.43281936645508,1770674596.4328194,breathing,7.328740859606056,AppState.ESTIMATE_BREATHING_RATE,1.0000;4.0000,True,0.6405821442604057,1.3722228580592915,31.344702390286624,2,8.30415153503418
525,34.455899715423584,1770674596.4558997,breathing,7.328306795178447,AppState.ESTIMATE_BREATHING_RATE,1.0000;4.0000,True,0.6405821442604057,1.3704799429171926,31.408964048158982,2,8.30415153503418
526,34.50925064086914,1770674596.5092506,breathing,7.3275427777632345,AppState.ESTIMATE_BREATHING_RATE,1.0000;4.0000,True,0.6405821442604057,1.3641791270907508,31.461684920688604,2,8.30415153503418
527,34.55229640007019,1770674596.5522964,breathing,7.326406960094485,AppState.ESTIMATE_BREATHING_RATE,1.0000;4.0000,True,0.6405821442604057,1.3569853618975498,31.50416945395176,2,8.30415153503418
528,34.605509519577026,1770674596.6055095,breathing,7.324953185622817,AppState.ESTIMATE_BREATHING_RATE,1.0000;4.0000,True,0.6405821442604057,1.3452973606315668,31.535587508762365,2,8.30415153503418
529,34.658514976501465,1770674596.658515,breathing,7.323240483795273,AppState.ESTIMATE_BREATHING_RATE,1.0000;4.0000,True,0.6405821442604057,1.3422176502359262,31.554228928657526,2,8.30415153503418
530,34.70152831077576,1770674596.7015283,breathing,7.32125641016285,AppState.ESTIMATE_BREATHING_RATE,1.0000;4.0000,True,0.6405821442604057,1.3284771256056844,31.556824472115434,2,8.30415153503418
531,34.754687547683716,1770674596.7546875,breathing,7.319015361302929,AppState.ESTIMATE_BREATHING_RATE,1.0000;4.0000,True,0.6405821442604057,1.305860875769495,31.534194703132346,2,8.30415153503418
532,34.807708740234375,1770674596.8077087,breathing,7.316586301163878,AppState.ESTIMATE_BREATHING_RATE,1.0000;4.0000,True,0.6405821442604057,1.2716276838737874,31.485515633108694,2,8.30415153503418
533,34.86072874069214,1770674596.8607287,breathing,7.314072513742256,AppState.ESTIMATE_BREATHING_RATE,1.0000;4.0000,True,0.6405821442604057,1.2394344561046757,31.418561624041164,2,8.30415153503418
534,34.903695821762085,1770674596.9036958,breathing,7.311501738360418,AppState.ESTIMATE_BREATHING_RATE,1.0000;4.0000,True,0.6405821442604057,1.2066092393740748,31.33473184293258,2,8.30415153503418
535,34.95655536651611,1770674596.9565554,breathing,7.308948110098781,AppState.ESTIMATE_BREATHING_RATE,1.0000;4.0000,True,0.6405821442604057,1.1821706820349418,31.242212652286995,2,8.30415153503418
536,35.00945997238159,1770674597.00946,breathing,7.306389176695493,AppState.ESTIMATE_BREATHING_RATE,1.0000;4.0000,True,0.6405821442604057,1.161852005980562,31.143498197525577,2,8.30415153503418
537,35.0523567199707,1770674597.0523567,breathing,7.303836532655718,AppState.ESTIMATE_BREATHING_RATE,1.0000;4.0000,True,0.6405821442604057,1.146212929397747,31.037075095150666,2,8.30415153503418
538,35.10544490814209,1770674597.105445,breathing,7.30128735829927,AppState.ESTIMATE_BREATHING_RATE,1.0000;4.0000,True,0.6405821442604057,1.1401722137366086,30.9184564044156,2,8.30415153503418
539,35.15834617614746,1770674597.1583462,breathing,7.298745470849485,AppState.ESTIMATE_BREATHING_RATE,1.0000;4.0000,True,0.6405821442604057,1.1347145348619152,30.783797416342015,2,8.30415153503418
540,35.208264112472534,1770674597.208264,breathing,7.296227705546917,AppState.ESTIMATE_BREATHING_RATE,1.0000;4.0000,True,0.40036384016275356,1.127515963799615,30.64502446193242,0,8.30415153503418
541,35.25141429901123,1770674597.2514143,breathing,7.2936758454939605,AppState.ESTIMATE_BREATHING_RATE,1.0000;4.0000,True,0.40036384016275356,1.1056633031457497,30.522291034318144,0,8.30415153503418
542,35.30457639694214,1770674597.3045764,breathing,7.291001358656036,AppState.ESTIMATE_BREATHING_RATE,1.0000;4.0000,True,0.40036384016275356,1.0797396694213748,30.417174056305626,0,8.30415153503418
543,35.357534885406494,1770674597.357535,breathing,7.288195088306906,AppState.ESTIMATE_BREATHING_RATE,1.0000;4.0000,True,0.40036384016275356,1.0564764461874547,30.31472835883196,0,8.30415153503418
544,35.410563945770264,1770674597.410564,breathing,7.285242085433071,AppState.ESTIMATE_BREATHING_RATE,1.0000;4.0000,True,0.40036384016275356,1.0317289027811798,30.19757344039644,0,8.30415153503418
545,35.469966173172,1770674597.4699662,breathing,7.282184620089851,AppState.ESTIMATE_BREATHING_RATE,1.0000;4.0000,True,0.40036384016275356,1.024565742359786,30.072611257735726,0,8.30415153503418
546,35.50312399864197,1770674597.503124,breathing,7.279182411149415,AppState.ESTIMATE_BREATHING_RATE,1.0000;4.0000,True,0.40036384016275356,1.0289809840938622,29.954147842252816,0,8.30415153503418
547,35.556899547576904,1770674597.5568995,breathing,7.276345529567569,AppState.ESTIMATE_BREATHING_RATE,1.0000;4.0000,True,0.40036384016275356,1.044885730320989,29.851330605301328,0,8.30415153503418
548,35.61058592796326,1770674597.610586,breathing,7.2736806213080225,AppState.ESTIMATE_BREATHING_RATE,1.0000;4.0000,True,0.40036384016275356,1.0840454184648207,29.76787590431458,0,8.30415153503418
549,35.653613567352295,1770674597.6536136,breathing,7.271157526180552,AppState.ESTIMATE_BREATHING_RATE,1.0000;4.0000,True,0.40036384016275356,1.1501112568505543,29.704429496352535,0,8.30415153503418
550,35.70669603347778,1770674597.706696,breathing,7.268741865379965,AppState.ESTIMATE_BREATHING_RATE,1.0000;4.0000,True,0.40036384016275356,1.2122014084477812,29.658426749755073,0,8.30415153503418
551,35.759779930114746,1770674597.75978,breathing,7.266409335572127,AppState.ESTIMATE_BREATHING_RATE,1.0000;4.0000,True,0.40036384016275356,1.2758537738213578,29.621733265695944,0,8.30415153503418
552,35.802594900131226,1770674597.802595,breathing,7.264069915840358,AppState.ESTIMATE_BREATHING_RATE,1.0000;4.0000,True,0.40036384016275356,1.3276836275626347,29.58510742503123,0,8.30415153503418
553,35.85567569732666,1770674597.8556757,breathing,7.2617351253522235,AppState.ESTIMATE_BREATHING_RATE,1.0000;4.0000,True,0.40036384016275356,1.379395155557594,29.543783483066463,0,8.30415153503418
554,35.90873908996582,1770674597.908739,breathing,7.2594181626781165,AppState.ESTIMATE_BREATHING_RATE,1.0000;4.0000,True,0.40036384016275356,1.4274329937187855,29.49738281907976,0,8.30415153503418
555,35.95160508155823,1770674597.951605,breathing,7.257116572302318,AppState.ESTIMATE_BREATHING_RATE,1.0000;4.0000,True,0.40036384016275356,1.4593767779162237,29.44838972099153,0,8.30415153503418
556,36.004587173461914,1770674598.0045872,breathing,7.254821284558119,AppState.ESTIMATE_BREATHING_RATE,1.0000;4.0000,True,0.40036384016275356,1.491592765679056,29.3923379936217,0,8.30415153503418
557,36.05751132965088,1770674598.0575113,breathing,7.252552592298835,AppState.ESTIMATE_BREATHING_RATE,1.0000;4.0000,True,0.40036384016275356,1.5186222888187473,29.32829810405611,0,8.30415153503418
558,36.11052370071411,1770674598.1105237,breathing,7.25030197197404,AppState.ESTIMATE_BREATHING_RATE,1.0000;4.0000,True,0.40036384016275356,1.534347429267315,29.255868117329253,0,8.30415153503418
559,36.15336203575134,1770674598.153362,breathing,7.24807717238553,AppState.ESTIMATE_BREATHING_RATE,1.0000;4.0000,True,0.40036384016275356,1.5530381983220753,29.173505197949023,0,8.30415153503418
560,36.201725006103516,1770674598.201725,breathing,7.245880571349831,AppState.ESTIMATE_BREATHING_RATE,1.0000;4.0000,True,0.40036384016275356,1.5684401315327094,29.079105445233022,0,8.30415153503418
561,36.2548987865448,1770674598.2548988,breathing,7.243734612492344,AppState.ESTIMATE_BREATHING_RATE,1.0000;4.0000,True,0.40036384016275356,1.5813207296018308,28.97280067348662,0,8.30415153503418
562,36.30801463127136,1770674598.3080146,breathing,7.241673404487428,AppState.ESTIMATE_BREATHING_RATE,1.0000;4.0000,True,0.40036384016275356,1.587164388605414,28.85836747730843,0,8.30415153503418
563,36.36098027229309,1770674598.3609803,breathing,7.239771152540532,AppState.ESTIMATE_BREATHING_RATE,1.0000;4.0000,True,0.40036384016275356,1.5908711130939062,28.74010190528804,0,8.30415153503418
564,36.403955936431885,1770674598.403956,breathing,7.238093830201364,AppState.ESTIMATE_BREATHING_RATE,1.0000;4.0000,True,0.40036384016275356,1.5869519089230602,28.625924719364352,0,8.30415153503418
565,36.457008838653564,1770674598.4570088,breathing,7.236692205232009,AppState.ESTIMATE_BREATHING_RATE,1.0000;4.0000,True,0.40036384016275356,1.5974769109073914,28.515877203480176,0,8.30415153503418
566,36.52806520462036,1770674598.5280652,breathing,7.235674450179234,AppState.ESTIMATE_BREATHING_RATE,1.0000;4.0000,True,0.40036384016275356,1.61556299398099,28.412219727976385,0,8.30415153503418
567,36.561285734176636,1770674598.5612857,breathing,7.235083844574626,AppState.ESTIMATE_BREATHING_RATE,1.0000;4.0000,True,0.40036384016275356,1.6411143298107616,28.317435229641895,0,8.30415153503418
568,36.604332447052,1770674598.6043324,breathing,7.234934444566976,AppState.ESTIMATE_BREATHING_RATE,1.0000;4.0000,True,0.40036384016275356,1.673102639143662,28.22832025257853,0,8.30415153503418
569,36.65765738487244,1770674598.6576574,breathing,7.235242363827938,AppState.ESTIMATE_BREATHING_RATE,1.0000;4.0000,True,0.40036384016275356,1.7202681260075012,28.14506016197238,0,8.30415153503418
570,36.710835695266724,1770674598.7108357,breathing,7.235955562311759,AppState.ESTIMATE_BREATHING_RATE,1.0000;4.0000,True,0.5204729922115796,1.752467353946625,28.07052927450154,1,8.30415153503418
571,36.75370693206787,1770674598.753707,breathing,7.236987173124916,AppState.ESTIMATE_BREATHING_RATE,1.0000;4.0000,True,0.5204729922115796,1.7736312952675093,28.00116919060288,1,8.30415153503418
572,36.806559801101685,1770674598.8065598,breathing,7.2382394730569946,AppState.ESTIMATE_BREATHING_RATE,1.0000;4.0000,True,0.5204729922115796,1.7917322797773712,27.930063876444468,1,8.30415153503418
573,36.859607458114624,1770674598.8596075,breathing,7.23961102342627,AppState.ESTIMATE_BREATHING_RATE,1.0000;4.0000,True,0.5204729922115796,1.8256410721264322,27.85074455554709,1,8.30415153503418
574,36.903196573257446,1770674598.9031966,breathing,7.241057826677902,AppState.ESTIMATE_BREATHING_RATE,1.0000;4.0000,True,0.5204729922115796,1.858198463327491,27.75976428197192,1,8.30415153503418
575,36.957467555999756,1770674598.9574676,breathing,7.242504052288227,AppState.ESTIMATE_BREATHING_RATE,1.0000;4.0000,True,0.5204729922115796,1.8627421566668199,27.653338502828444,1,8.30415153503418
576,37.010621070861816,1770674599.010621,breathing,7.243858283559061,AppState.ESTIMATE_BREATHING_RATE,1.0000;4.0000,True,0.5204729922115796,1.8565617392123168,27.540455458539178,1,8.30415153503418
577,37.0536150932312,1770674599.053615,breathing,7.245067240367348,AppState.ESTIMATE_BREATHING_RATE,1.0000;4.0000,True,0.40036384016275356,1.839504693776648,27.42962377944343,0,8.30415153503418
578,37.106704235076904,1770674599.1067042,breathing,7.246135384187611,AppState.ESTIMATE_BREATHING_RATE,1.0000;4.0000,True,0.40036384016275356,1.809934602124395,27.330920639028182,0,8.30415153503418
579,37.15964150428772,1770674599.1596415,breathing,7.246992202928966,AppState.ESTIMATE_BREATHING_RATE,1.0000;4.0000,True,0.40036384016275356,1.7733671030555698,27.247916471976072,0,8.30415153503418
580,37.21079659461975,1770674599.2107966,breathing,7.247585226077414,AppState.ESTIMATE_BREATHING_RATE,1.0000;4.0000,True,0.40036384016275356,1.7329448423324803,27.179155222044773,0,8.30415153503418
581,37.25510621070862,1770674599.2551062,breathing,7.247825786696321,AppState.ESTIMATE_BREATHING_RATE,1.0000;4.0000,True,0.40036384016275356,1.6905401680877432,27.115547536756498,0,8.30415153503418
582,37.308629751205444,1770674599.3086298,breathing,7.2476362095703335,AppState.ESTIMATE_BREATHING_RATE,1.0000;4.0000,True,0.40036384016275356,1.6567901553562332,27.038090747400624,0,8.30415153503418
583,37.35153412818909,1770674599.3515341,breathing,7.246927774511061,AppState.ESTIMATE_BREATHING_RATE,1.0000;4.0000,True,0.40036384016275356,1.6275845550925805,26.945451483502392,0,8.30415153503418
584,37.40699052810669,1770674599.4069905,breathing,7.24562344430711,AppState.ESTIMATE_BREATHING_RATE,1.0000;4.0000,True,0.40036384016275356,1.60570610311298,26.83853728396325,0,8.30415153503418
585,37.46279191970825,1770674599.462792,breathing,7.243670592395242,AppState.ESTIMATE_BREATHING_RATE,1.0000;4.0000,True,0.40036384016275356,1.5895417932438862,26.730899216502223,0,8.30415153503418
586,37.50767755508423,1770674599.5076776,breathing,7.241072544970059,AppState.ESTIMATE_BREATHING_RATE,1.0000;4.0000,True,0.40036384016275356,1.5724642843293404,26.62417127109537,0,8.30415153503418
587,37.593234062194824,1770674599.593234,breathing,7.23783537376742,AppState.ESTIMATE_BREATHING_RATE,1.0000;4.0000,True,0.40036384016275356,1.5590698604601858,26.511555280644682,0,8.30415153503418
588,37.608158349990845,1770674599.6081583,breathing,7.233958119445652,AppState.ESTIMATE_BREATHING_RATE,1.0000;4.0000,True,0.40036384016275356,1.5489521337653067,26.393332993774514,0,8.30415153503418
589,37.6531720161438,1770674599.653172,breathing,7.229492147071206,AppState.ESTIMATE_BREATHING_RATE,1.0000;4.0000,True,0.40036384016275356,1.5358884008191087,26.275825643709418,0,8.30415153503418
590,37.70791935920715,1770674599.7079194,breathing,7.224510748335645,AppState.ESTIMATE_BREATHING_RATE,1.0000;4.0000,True,0.40036384016275356,1.5202537066156376,26.16701951210211,0,8.30415153503418
591,37.76263737678528,1770674599.7626374,breathing,7.2191331530327965,AppState.ESTIMATE_BREATHING_RATE,1.0000;4.0000,True,0.40036384016275356,1.4862585560206683,26.07398210234073,0,8.30415153503418
592,37.808233976364136,1770674599.808234,breathing,7.213490492657877,AppState.ESTIMATE_BREATHING_RATE,1.0000;4.0000,True,0.40036384016275356,1.450667992077312,25.990759388536624,0,8.30415153503418
593,37.853554487228394,1770674599.8535545,breathing,7.207679782711023,AppState.ESTIMATE_BREATHING_RATE,1.0000;4.0000,True,0.40036384016275356,1.4198978859304092,25.907063587416527,0,8.30415153503418
594,37.90915274620056,1770674599.9091527,breathing,7.201764724535752,AppState.ESTIMATE_BREATHING_RATE,1.0000;4.0000,True,0.40036384016275356,1.3898868731297058,25.815691836470297,0,8.30415153503418
595,37.954437494277954,1770674599.9544375,breathing,7.195798318577053,AppState.ESTIMATE_BREATHING_RATE,1.0000;4.0000,True,0.40036384016275356,1.3787744299631173,25.709684436097817,0,8.30415153503418
596,38.01142716407776,1770674600.0114272,breathing,7.18981185105911,AppState.ESTIMATE_BREATHING_RATE,1.0000;4.0000,True,0.40036384016275356,1.3702190486916996,25.600397491606575,0,8.30415153503418
597,38.057029485702515,1770674600.0570295,breathing,7.183822384421837,AppState.ESTIMATE_BREATHING_RATE,1.0000;4.0000,True,0.40036384016275356,1.3756209992223447,25.49316792376545,0,8.30415153503418
598,38.1121768951416,1770674600.112177,breathing,7.177883246144631,AppState.ESTIMATE_BREATHING_RATE,1.0000;4.0000,True,0.40036384016275356,1.3964186429033651,25.395327117253782,0,8.30415153503418
599,38.156909227371216,1770674600.1569092,breathing,7.17203832281748,AppState.ESTIMATE_BREATHING_RATE,1.0000;4.0000,True,0.5204729922115796,1.4230148280990629,25.297945567600106,1,8.30415153503418
600,38.20679998397827,1770674600.2068,breathing,7.166309859866775,AppState.ESTIMATE_BREATHING_RATE,1.0000;4.0000,True,0.5204729922115796,1.4478136390524916,25.19234936764704,1,8.30415153503418
601,38.26259088516235,1770674600.262591,breathing,7.160721080389614,AppState.ESTIMATE_BREATHING_RATE,1.0000;4.0000,True,0.5204729922115796,1.465864938432548,25.087205170300592,1,8.30415153503418
602,38.30777192115784,1770674600.307772,breathing,7.1552867390898705,AppState.ESTIMATE_BREATHING_RATE,1.0000;4.0000,True,0.5204729922115796,1.496395288976512,24.995100321367794,1,8.30415153503418
603,38.362656116485596,1770674600.362656,breathing,7.150010892818818,AppState.ESTIMATE_BREATHING_RATE,1.0000;4.0000,True,0.5204729922115796,1.536185134602822,24.929511340432278,1,8.30415153503418
604,38.408141136169434,1770674600.4081411,breathing,7.144877248439372,AppState.ESTIMATE_BREATHING_RATE,1.0000;4.0000,True,0.5204729922115796,1.5837259926720892,24.892340330224833,1,8.30415153503418
605,38.453712940216064,1770674600.453713,breathing,7.1398820880292595,AppState.ESTIMATE_BREATHING_RATE,1.0000;4.0000,True,0.5204729922115796,1.6301839081303533,24.879843250911374,1,8.30415153503418
606,38.50922632217407,1770674600.5092263,breathing,7.134963001186537,AppState.ESTIMATE_BREATHING_RATE,1.0000;4.0000,True,0.5204729922115796,1.7047491665369008,24.87748904112034,1,8.30415153503418
607,38.554861068725586,1770674600.554861,breathing,7.130098846738594,AppState.ESTIMATE_BREATHING_RATE,1.0000;4.0000,True,0.5204729922115796,1.7796404984613292,24.875654572649047,1,8.30415153503418
608,38.64681911468506,1770674600.646819,breathing,7.125225162701551,AppState.ESTIMATE_BREATHING_RATE,1.0000;4.0000,True,0.5204729922115796,1.8292771936951135,24.863611516942267,1,8.30415153503418
609,38.66268038749695,1770674600.6626804,breathing,7.1202885184852525,AppState.ESTIMATE_BREATHING_RATE,1.0000;4.0000,True,0.5204729922115796,1.864570895595554,24.837699940981686,1,8.30415153503418
610,38.70734405517578,1770674600.707344,breathing,7.115269979941187,AppState.ESTIMATE_BREATHING_RATE,1.0000;4.0000,True,0.6405821442604057,1.8907681110481764,24.799604592435376,2,8.30415153503418
611,38.76202440261841,1770674600.7620244,breathing,7.110111054416138,AppState.ESTIMATE_BREATHING_RATE,1.0000;4.0000,True,0.6405821442604057,1.9055161479017744,24.748074208230154,2,8.30415153503418
612,38.808626651763916,1770674600.8086267,breathing,7.104790146304903,AppState.ESTIMATE_BREATHING_RATE,1.0000;4.0000,True,0.6405821442604057,1.9130563847861886,24.682053176366427,2,8.30415153503418
613,38.85504102706909,1770674600.855041,breathing,7.099272465121889,AppState.ESTIMATE_BREATHING_RATE,1.0000;4.0000,True,0.6405821442604057,1.9040105394324214,24.59945010403566,2,8.30415153503418
614,38.90925335884094,1770674600.9092534,breathing,7.093512569814504,AppState.ESTIMATE_BREATHING_RATE,1.0000;4.0000,True,0.6405821442604057,1.8888786902130053,24.5025520622386,2,8.30415153503418
615,38.95226335525513,1770674600.9522634,breathing,7.087513883893528,AppState.ESTIMATE_BREATHING_RATE,1.0000;4.0000,True,0.6405821442604057,1.8729749292405538,24.39296439365135,2,8.30415153503418
616,39.00527739524841,1770674601.0052774,breathing,7.0812928054479105,AppState.ESTIMATE_BREATHING_RATE,1.0000;4.0000,True,0.6405821442604057,1.859867857622857,24.275824296651656,2,8.30415153503418
617,39.05822563171387,1770674601.0582256,breathing,7.074847710618201,AppState.ESTIMATE_BREATHING_RATE,1.0000;4.0000,True,0.6405821442604057,1.8450928779095825,24.158780922985333,2,8.30415153503418
618,39.111356258392334,1770674601.1113563,breathing,7.068174240367201,AppState.ESTIMATE_BREATHING_RATE,1.0000;4.0000,True,0.6405821442604057,1.8280478696417233,24.04213731802435,2,8.30415153503418
619,39.15416932106018,1770674601.1541693,breathing,7.061338142700625,AppState.ESTIMATE_BREATHING_RATE,1.0000;4.0000,True,0.6405821442604057,1.8117507472693597,23.922854573347358,2,8.30415153503418
620,39.20280647277832,1770674601.2028065,breathing,7.054369880280223,AppState.ESTIMATE_BREATHING_RATE,1.0000;4.0000,True,0.6405821442604057,1.781587869230832,23.800955359789583,2,8.30415153503418
621,39.25595211982727,1770674601.2559521,breathing,7.047291333674029,AppState.ESTIMATE_BREATHING_RATE,1.0000;4.0000,True,0.6405821442604057,1.7510281053831778,23.681389845556016,2,8.30415153503418
622,39.30915141105652,1770674601.3091514,breathing,7.040072932671339,AppState.ESTIMATE_BREATHING_RATE,1.0000;4.0000,True,0.6405821442604057,1.7169511122147456,23.56716052208521,2,8.30415153503418
623,39.35237455368042,1770674601.3523746,breathing,7.032634331860514,AppState.ESTIMATE_BREATHING_RATE,1.0000;4.0000,True,0.6405821442604057,1.6837608689291312,23.45451457478632,2,8.30415153503418
624,39.405502796173096,1770674601.4055028,breathing,7.024937082470122,AppState.ESTIMATE_BREATHING_RATE,1.0000;4.0000,True,0.6405821442604057,1.6589378236823014,23.340994519835338,2,8.30415153503418
625,39.458521127700806,1770674601.4585211,breathing,7.016982479198197,AppState.ESTIMATE_BREATHING_RATE,1.0000;4.0000,True,0.6405821442604057,1.641431363039457,23.22163974448892,2,8.30415153503418
626,39.50139927864075,1770674601.5013993,breathing,7.008747465903749,AppState.ESTIMATE_BREATHING_RATE,1.0000;4.0000,True,0.6405821442604057,1.634555082155744,23.09815233962205,2,8.30415153503418
627,39.55457401275635,1770674601.554574,breathing,7.000296441273152,AppState.ESTIMATE_BREATHING_RATE,1.0000;4.0000,True,0.6405821442604057,1.6456966123205654,22.98325956094406,2,8.30415153503418
628,39.60762023925781,1770674601.6076202,breathing,6.9916767739982,AppState.ESTIMATE_BREATHING_RATE,1.0000;4.0000,True,0.6405821442604057,1.6707976554862252,22.88320021285202,2,8.30415153503418
629,39.67935395240784,1770674601.679354,breathing,6.983011322068457,AppState.ESTIMATE_BREATHING_RATE,1.0000;4.0000,True,0.6405821442604057,1.7103485276089132,22.79739724726305,2,8.30415153503418
630,39.70287895202637,1770674601.702879,breathing,6.974377333119983,AppState.ESTIMATE_BREATHING_RATE,1.0000;4.0000,True,0.6405821442604057,1.7338938369257422,22.71847134617323,2,8.30415153503418
631,39.75650334358215,1770674601.7565033,breathing,6.96571831652963,AppState.ESTIMATE_BREATHING_RATE,1.0000;4.0000,True,0.6405821442604057,1.755250984975943,22.643414607622525,2,8.30415153503418
632,39.81014442443848,1770674601.8101444,breathing,6.956976578942939,AppState.ESTIMATE_BREATHING_RATE,1.0000;4.0000,True,0.6405821442604057,1.7842095959901787,22.567587891638944,2,8.30415153503418
633,39.85325241088867,1770674601.8532524,breathing,6.948037550699927,AppState.ESTIMATE_BREATHING_RATE,1.0000;4.0000,True,0.6405821442604057,1.7905715323938702,22.48391508572064,2,8.30415153503418
634,39.906275272369385,1770674601.9062753,breathing,6.938707322935813,AppState.ESTIMATE_BREATHING_RATE,1.0000;4.0000,True,0.6405821442604057,1.7951699883429755,22.388997736153957,2,8.30415153503418
635,39.95916795730591,1770674601.959168,breathing,6.928759476915971,AppState.ESTIMATE_BREATHING_RATE,1.0000;4.0000,True,0.6405821442604057,1.7784117016029104,22.29129330613938,2,8.30415153503418
636,40.001999616622925,1770674602.0019996,breathing,6.917915574959677,AppState.ESTIMATE_BREATHING_RATE,1.0000;4.0000,True,0.5204729922115796,1.7485634162647468,22.206574760445857,1,8.30415153503418
637,40.0549590587616,1770674602.054959,breathing,6.905901035132612,AppState.ESTIMATE_BREATHING_RATE,1.0000;4.0000,True,0.5204729922115796,1.7111839849612225,22.14156760310126,1,8.30415153503418
638,40.10806941986084,1770674602.1080694,breathing,6.892341434106249,AppState.ESTIMATE_BREATHING_RATE,1.0000;4.0000,True,0.5204729922115796,1.664343325186762,22.099433560321955,1,8.30415153503418
639,40.16101384162903,1770674602.1610138,breathing,6.876874236278775,AppState.ESTIMATE_BREATHING_RATE,1.0000;4.0000,True,0.5204729922115796,1.612721283364094,22.07682758026664,1,8.30415153503418
640,40.21070957183838,1770674602.2107096,breathing,6.859208516775205,AppState.ESTIMATE_BREATHING_RATE,1.0000;4.0000,True,0.5204729922115796,1.5721375420700543,22.063084995779647,1,8.30415153503418
641,40.25364637374878,1770674602.2536464,breathing,6.83894894877747,AppState.ESTIMATE_BREATHING_RATE,1.0000;4.0000,True,0.5204729922115796,1.5338017304852314,22.04372950778405,1,8.30415153503418
642,40.30682706832886,1770674602.306827,breathing,6.815694294924002,AppState.ESTIMATE_BREATHING_RATE,1.0000;4.0000,True,0.5204729922115796,1.5097703019712359,22.007384957243495,1,8.30415153503418
643,40.36003398895264,1770674602.360034,breathing,6.788964897233021,AppState.ESTIMATE_BREATHING_RATE,1.0000;4.0000,True,0.5204729922115796,1.4847406583314517,21.95943823155011,1,8.30415153503418
644,40.40302085876465,1770674602.4030209,breathing,6.7583984903058445,AppState.ESTIMATE_BREATHING_RATE,1.0000;4.0000,True,0.5204729922115796,1.4833933985665264,21.906245751473204,1,8.30415153503418
645,40.456175327301025,1770674602.4561753,breathing,6.723669801970902,AppState.ESTIMATE_BREATHING_RATE,1.0000;4.0000,True,0.40036384016275356,1.4724670570918907,21.853160742876824,0,8.30415153503418
646,40.50914907455444,1770674602.509149,breathing,6.6844473836758365,AppState.ESTIMATE_BREATHING_RATE,1.0000;4.0000,True,0.40036384016275356,1.4768482357565285,21.79858998685674,0,8.30415153503418
647,40.552510261535645,1770674602.5525103,breathing,6.640109314508421,AppState.ESTIMATE_BREATHING_RATE,1.0000;4.0000,True,0.40036384016275356,1.4831840467636734,21.74464806960969,0,8.30415153503418
648,40.60553026199341,1770674602.6055303,breathing,6.590188604270613,AppState.ESTIMATE_BREATHING_RATE,1.0000;4.0000,True,0.40036384016275356,1.4939719114513441,21.69551911523601,0,8.30415153503418
649,40.65847110748291,1770674602.658471,breathing,6.534127299513109,AppState.ESTIMATE_BREATHING_RATE,1.0000;4.0000,True,0.40036384016275356,1.5165313116322268,21.642777399114106,0,8.30415153503418
650,40.71977782249451,1770674602.7197778,breathing,6.471279978785399,AppState.ESTIMATE_BREATHING_RATE,1.0000;4.0000,True,0.40036384016275356,1.5357563656059943,21.580439899976625,0,8.30415153503418
651,40.753201484680176,1770674602.7532015,breathing,6.400670982117515,AppState.ESTIMATE_BREATHING_RATE,1.0000;4.0000,True,0.40036384016275356,1.5435627274036938,21.514298313002115,0,8.30415153503418
652,40.80636548995972,1770674602.8063655,breathing,6.320932760457115,AppState.ESTIMATE_BREATHING_RATE,1.0000;4.0000,True,0.40036384016275356,1.5438561698881927,21.436134602940726,0,8.30415153503418
653,40.859904050827026,1770674602.859904,breathing,6.230867797198526,AppState.ESTIMATE_BREATHING_RATE,1.0000;4.0000,True,0.40036384016275356,1.5793107226945855,21.35538412594181,0,8.30415153503418
654,40.90295910835266,1770674602.902959,breathing,6.12890820314961,AppState.ESTIMATE_BREATHING_RATE,1.0000;4.0000,True,0.40036384016275356,1.607756504672112,21.277706136621468,0,8.30415153503418
655,40.95596265792847,1770674602.9559627,breathing,6.0126719730945615,AppState.ESTIMATE_BREATHING_RATE,1.0000;4.0000,True,0.40036384016275356,1.6432642408190756,21.20425443981297,0,8.30415153503418
656,41.008941411972046,1770674603.0089414,breathing,5.878822201222366,AppState.ESTIMATE_BREATHING_RATE,1.0000;4.0000,True,0.40036384016275356,1.6860772645700999,21.1311650775181,0,8.30415153503418
657,41.05193829536438,1770674603.0519383,breathing,5.824348214214922,AppState.ESTIMATE_BREATHING_RATE,1.0000;4.0000,True,0.40036384016275356,1.7205107545416891,21.05716183702984,0,8.30415153503418
658,41.10514307022095,1770674603.105143,breathing,5.78484938280224,AppState.ESTIMATE_BREATHING_RATE,1.0000;4.0000,True,0.40036384016275356,1.7543373812663132,20.98964765330148,0,8.30415153503418
659,41.158047914505005,1770674603.158048,breathing,5.746359421262804,AppState.ESTIMATE_BREATHING_RATE,1.0000;4.0000,True,0.5204729922115796,1.783110272420585,20.936238980224175,1,8.30415153503418
660,41.204673051834106,1770674603.204673,breathing,5.709032174993053,AppState.ESTIMATE_BREATHING_RATE,1.0000;4.0000,True,0.5204729922115796,1.8070175097512702,20.882733617798937,1,8.30415153503418
661,41.25769352912903,1770674603.2576935,breathing,5.673078750670703,AppState.ESTIMATE_BREATHING_RATE,1.0000;4.0000,True,0.5204729922115796,1.8120922423600268,20.81678708599667,1,8.30415153503418
662,41.31107831001282,1770674603.3110783,breathing,5.638531279434298,AppState.ESTIMATE_BREATHING_RATE,1.0000;4.0000,True,0.5204729922115796,1.7994140593440315,20.769146154943464,1,8.30415153503418
663,41.353975772857666,1770674603.3539758,breathing,5.605655983939892,AppState.ESTIMATE_BREATHING_RATE,1.0000;4.0000,True,0.5204729922115796,1.7517993034183235,20.771904717399217,1,8.30415153503418
664,41.40704011917114,1770674603.40704,breathing,5.573631485456276,AppState.ESTIMATE_BREATHING_RATE,1.0000;4.0000,True,0.40036384016275356,1.7098028137568453,20.774695802381327,0,8.30415153503418
665,41.460182666778564,1770674603.4601827,breathing,5.542258123814722,AppState.ESTIMATE_BREATHING_RATE,1.0000;4.0000,True,0.5204729922115796,1.6912445019576077,20.774908829782323,1,8.30415153503418
666,41.502981662750244,1770674603.5029817,breathing,5.5116240219492605,AppState.ESTIMATE_BREATHING_RATE,1.0000;4.0000,True,0.5204729922115796,1.695615078825646,20.7909792803558,1,8.30415153503418
667,41.55618739128113,1770674603.5561874,breathing,5.481694555554004,AppState.ESTIMATE_BREATHING_RATE,1.0000;4.0000,True,0.5204729922115796,1.7477916504674957,20.821623753668298,1,8.30415153503418
668,41.60919117927551,1770674603.6091912,breathing,5.452450733465656,AppState.ESTIMATE_BREATHING_RATE,1.0000;4.0000,True,0.5204729922115796,1.785892716706615,20.862123101993127,1,8.30415153503418
669,41.65211033821106,1770674603.6521103,breathing,5.423766166851435,AppState.ESTIMATE_BREATHING_RATE,1.0000;4.0000,True,0.5204729922115796,1.82783859942446,20.906431212745396,1,8.30415153503418
670,41.70521306991577,1770674603.705213,breathing,17.774488179343674,AppState.ESTIMATE_BREATHING_RATE,1.0000;4.0000,True,0.6405821442604057,1.8708316356865409,20.95548386331961,2,8.30415153503418
671,41.776575565338135,1770674603.7765756,breathing,17.77678008470178,AppState.ESTIMATE_BREATHING_RATE,1.0000;4.0000,True,0.6405821442604057,1.8966233819419236,21.01184526380816,2,8.30415153503418
672,41.80975937843323,1770674603.8097594,breathing,17.78174664854094,AppState.ESTIMATE_BREATHING_RATE,1.0000;4.0000,True,0.6405821442604057,1.9309556838175734,21.069584317685226,2,8.30415153503418
673,41.85283446311951,1770674603.8528345,breathing,17.789309636847296,AppState.ESTIMATE_BREATHING_RATE,1.0000;4.0000,True,0.6405821442604057,1.964322900663526,21.12639931068412,2,8.30415153503418
674,41.90811324119568,1770674603.9081132,breathing,17.79934126392508,AppState.ESTIMATE_BREATHING_RATE,1.0000;4.0000,True,0.6405821442604057,1.9857025343783965,21.181542289139447,2,8.30415153503418
675,41.95240664482117,1770674603.9524066,breathing,17.81164361007633,AppState.ESTIMATE_BREATHING_RATE,1.0000;4.0000,True,0.6405821442604057,1.986679058123153,21.23361635002625,2,8.30415153503418
676,42.00594210624695,1770674604.005942,breathing,17.825986335193903,AppState.ESTIMATE_BREATHING_RATE,1.0000;4.0000,True,0.6405821442604057,1.9814933742826233,21.27999491092671,2,8.30415153503418
677,42.05897045135498,1770674604.0589705,breathing,17.84207103236581,AppState.ESTIMATE_BREATHING_RATE,1.0000;4.0000,True,0.6405821442604057,1.986141457100739,21.316904835705525,2,8.30415153503418
678,42.10192942619324,1770674604.1019294,breathing,17.85957836558313,AppState.ESTIMATE_BREATHING_RATE,1.0000;4.0000,True,0.6405821442604057,2.0011113687331843,21.343179675747884,2,8.30415153503418
679,42.154831409454346,1770674604.1548314,breathing,17.878109710470646,AppState.ESTIMATE_BREATHING_RATE,1.0000;4.0000,True,0.6405821442604057,2.0218001081870183,21.35563338596351,2,8.30415153503418
680,42.20329403877258,1770674604.203294,breathing,17.89733446027889,AppState.ESTIMATE_BREATHING_RATE,1.0000;4.0000,True,0.6405821442604057,2.035042879754151,21.356551747000005,2,8.30415153503418
681,42.25640630722046,1770674604.2564063,breathing,17.91690951274939,AppState.ESTIMATE_BREATHING_RATE,1.0000;4.0000,True,0.7606912963092318,2.0387251257806556,21.34570088154253,3,8.30415153503418
682,42.30969762802124,1770674604.3096976,breathing,17.936584359408386,AppState.ESTIMATE_BREATHING_RATE,1.0000;4.0000,True,0.7606912963092318,2.0366954415138787,21.32759112107858,3,8.30415153503418
683,42.3527398109436,1770674604.3527398,breathing,17.956109152442714,AppState.ESTIMATE_BREATHING_RATE,1.0000;4.0000,True,0.7606912963092318,2.0525829526190993,21.30213369567413,3,8.30415153503418
684,42.40581679344177,1770674604.4058168,breathing,17.975260704055987,AppState.ESTIMATE_BREATHING_RATE,1.0000;4.0000,True,0.7606912963092318,2.06188477896321,21.26623695119261,3,8.30415153503418
685,42.45893335342407,1770674604.4589334,breathing,17.99381251097385,AppState.ESTIMATE_BREATHING_RATE,1.0000;4.0000,True,0.7606912963092318,2.065522337187018,21.219384832149952,3,8.30415153503418
686,42.50176024436951,1770674604.5017602,breathing,18.01155981066106,AppState.ESTIMATE_BREATHING_RATE,1.0000;4.0000,True,0.7606912963092318,2.0667798896463796,21.16144856293158,3,8.30415153503418
687,42.55491828918457,1770674604.5549183,breathing,18.028306721801542,AppState.ESTIMATE_BREATHING_RATE,1.0000;4.0000,True,0.7606912963092318,2.056099209100691,21.092743291816323,3,8.30415153503418
688,42.60795283317566,1770674604.6079528,breathing,18.04389443662649,AppState.ESTIMATE_BREATHING_RATE,1.0000;4.0000,True,0.7606912963092318,2.0437914695132604,21.012282945544495,3,8.30415153503418
689,42.66095948219299,1770674604.6609595,breathing,18.058180934651137,AppState.ESTIMATE_BREATHING_RATE,1.0000;4.0000,True,0.7606912963092318,2.0268697601260275,20.92232006561962,3,8.30415153503418
690,42.70399045944214,1770674604.7039905,breathing,18.071055226075828,AppState.ESTIMATE_BREATHING_RATE,1.0000;4.0000,True,0.7606912963092318,2.0080094928452876,20.825296227677917,3,8.30415153503418
691,42.756983280181885,1770674604.7569833,breathing,18.082446215476796,AppState.ESTIMATE_BREATHING_RATE,1.0000;4.0000,True,0.7606912963092318,1.9940802074295354,20.725415582079453,3,8.30415153503418
692,42.829097032547,1770674604.829097,breathing,18.092270405876526,AppState.ESTIMATE_BREATHING_RATE,1.0000;4.0000,True,0.7606912963092318,1.9822076759133105,20.621766872840883,3,8.30415153503418
693,42.85215353965759,1770674604.8521535,breathing,18.10049628644621,AppState.ESTIMATE_BREATHING_RATE,1.0000;4.0000,True,0.6405821442604057,1.9721534856570297,20.5105709188223,2,8.30415153503418
694,42.905320167541504,1770674604.9053202,breathing,18.107146314478022,AppState.ESTIMATE_BREATHING_RATE,1.0000;4.0000,True,0.6405821442604057,1.9596312648913823,20.407491553082124,2,8.30415153503418
695,42.958826780319214,1770674604.9588268,breathing,18.112308961707935,AppState.ESTIMATE_BREATHING_RATE,1.0000;4.0000,True,0.5204729922115796,1.9247731627534195,20.334119114665544,1,8.30415153503418
696,43.00241422653198,1770674605.0024142,breathing,18.11611040936251,AppState.ESTIMATE_BREATHING_RATE,1.0000;4.0000,True,0.5204729922115796,1.8729084513767407,20.30009167482784,1,8.30415153503418
697,43.05556392669678,1770674605.055564,breathing,18.118652775783374,AppState.ESTIMATE_BREATHING_RATE,1.0000;4.0000,True,0.5204729922115796,1.809266712058814,20.304196186132597,1,8.30415153503418
698,43.10873532295227,1770674605.1087353,breathing,18.120129779930863,AppState.ESTIMATE_BREATHING_RATE,1.0000;4.0000,True,0.5204729922115796,1.743819673565481,20.3444111346137,1,8.30415153503418
699,43.15161943435669,1770674605.1516194,breathing,18.120731582880943,AppState.ESTIMATE_BREATHING_RATE,1.0000;4.0000,True,0.5204729922115796,1.6807357302567711,20.417979510579027,1,8.30415153503418
700,43.204716205596924,1770674605.2047162,breathing,18.12071931896589,AppState.ESTIMATE_BREATHING_RATE,1.0000;4.0000,True,0.5204729922115796,1.625183662010433,20.50519499053288,1,8.30415153503418
701,43.25769329071045,1770674605.2576933,breathing,18.120387642897818,AppState.ESTIMATE_BREATHING_RATE,1.0000;4.0000,True,0.6405821442604057,1.5705223143212363,20.58521443929808,2,8.30415153503418
702,43.31092095375061,1770674605.310921,breathing,18.11998089942628,AppState.ESTIMATE_BREATHING_RATE,1.0000;4.0000,True,0.6405821442604057,1.5305926086136936,20.655347278790124,2,8.30415153503418
703,43.35377335548401,1770674605.3537734,breathing,18.119787550702576,AppState.ESTIMATE_BREATHING_RATE,1.0000;4.0000,True,0.5204729922115796,1.5232299812535635,20.7190956984234,1,8.30415153503418
704,43.40673065185547,1770674605.4067307,breathing,18.12012123967624,AppState.ESTIMATE_BREATHING_RATE,1.0000;4.0000,True,0.5204729922115796,1.5477952917872413,20.810484621525827,1,8.30415153503418
705,43.459798097610474,1770674605.459798,breathing,18.121280985281782,AppState.ESTIMATE_BREATHING_RATE,1.0000;4.0000,True,0.40036384016275356,1.591382599081492,20.943095895570032,0,8.30415153503418
706,43.50260138511658,1770674605.5026014,breathing,18.12358193471862,AppState.ESTIMATE_BREATHING_RATE,1.0000;4.0000,True,0.40036384016275356,1.6514176431736496,21.122156802896644,0,8.30415153503418
707,43.555824995040894,1770674605.555825,breathing,18.127361107886678,AppState.ESTIMATE_BREATHING_RATE,1.0000;4.0000,True,0.40036384016275356,1.7466336210325055,21.33511376459677,0,8.30415153503418
708,43.60884356498718,1770674605.6088436,breathing,18.132964258019978,AppState.ESTIMATE_BREATHING_RATE,1.0000;4.0000,True,0.40036384016275356,1.8239738138786756,21.571875186073285,0,8.30415153503418
709,43.65176224708557,1770674605.6517622,breathing,18.14072575538339,AppState.ESTIMATE_BREATHING_RATE,1.0000;4.0000,True,0.40036384016275356,1.8798518764437677,21.820028134504593,0,8.30415153503418
710,43.70490002632141,1770674605.7049,breathing,18.150893418835945,AppState.ESTIMATE_BREATHING_RATE,1.0000;4.0000,True,0.40036384016275356,1.9417026532598225,22.078555940275486,0,8.30415153503418
711,43.75786519050598,1770674605.7578652,breathing,18.16362247899975,AppState.ESTIMATE_BREATHING_RATE,1.0000;4.0000,True,0.40036384016275356,1.9936820488171851,22.34830178799305,0,8.30415153503418
712,43.81081533432007,1770674605.8108153,breathing,18.178903419154604,AppState.ESTIMATE_BREATHING_RATE,1.0000;4.0000,True,0.40036384016275356,2.050584839748305,22.62506026977044,0,8.30415153503418
713,43.873685359954834,1770674605.8736854,breathing,18.196742319184153,AppState.ESTIMATE_BREATHING_RATE,1.0000;4.0000,True,0.40036384016275356,2.1182014043177375,22.909372544918586,0,8.30415153503418
714,43.9092481136322,1770674605.909248,breathing,18.217043931758035,AppState.ESTIMATE_BREATHING_RATE,1.0000;4.0000,True,0.40036384016275356,2.2096698001310267,23.188890711172572,0,8.30415153503418
715,43.95516228675842,1770674605.9551623,breathing,18.239558750023686,AppState.ESTIMATE_BREATHING_RATE,1.0000;4.0000,True,0.40036384016275356,2.306627816290269,23.458369584656953,0,8.30415153503418
716,44.01151204109192,1770674606.011512,breathing,18.26404555800662,AppState.ESTIMATE_BREATHING_RATE,1.0000;4.0000,True,0.40036384016275356,2.391354793089497,23.719577691718804,0,8.30415153503418
717,44.05728840827942,1770674606.0572884,breathing,18.290167736990522,AppState.ESTIMATE_BREATHING_RATE,1.0000;4.0000,True,0.40036384016275356,2.4854651876827347,23.969022840552316,0,8.30415153503418
718,44.11245536804199,1770674606.1124554,breathing,18.317557376671946,AppState.ESTIMATE_BREATHING_RATE,1.0000;4.0000,True,0.40036384016275356,2.566255580542186,24.198135687274927,0,8.30415153503418
719,44.15718364715576,1770674606.1571836,breathing,18.345848343616158,AppState.ESTIMATE_BREATHING_RATE,1.0000;4.0000,True,0.40036384016275356,2.608529698233264,24.405657297774745,0,8.30415153503418
720,44.20706844329834,1770674606.2070684,breathing,18.3746612266277,AppState.ESTIMATE_BREATHING_RATE,1.0000;4.0000,True,0.40036384016275356,2.6444821100882168,24.5918564273974,0,8.30415153503418
721,44.262765407562256,1770674606.2627654,breathing,18.40372308962919,AppState.ESTIMATE_BREATHING_RATE,1.0000;4.0000,True,0.40036384016275356,2.6688941161225244,24.763350223285197,0,8.30415153503418
722,44.30838632583618,1770674606.3083863,breathing,18.432718913731073,AppState.ESTIMATE_BREATHING_RATE,1.0000;4.0000,True,0.40036384016275356,2.704589536617604,24.915525357234987,0,8.30415153503418
723,44.353930950164795,1770674606.353931,breathing,18.46140540070538,AppState.ESTIMATE_BREATHING_RATE,1.0000;4.0000,True,0.40036384016275356,2.7367591921013257,25.049390562830535,0,8.30415153503418
724,44.40953588485718,1770674606.409536,breathing,18.48956323781066,AppState.ESTIMATE_BREATHING_RATE,1.0000;4.0000,True,0.40036384016275356,2.7668240480399815,25.163920194769155,0,8.30415153503418
725,44.45500111579895,1770674606.455001,breathing,18.517089025598167,AppState.ESTIMATE_BREATHING_RATE,1.0000;4.0000,True,0.40036384016275356,2.7715170801562596,25.2503022819701,0,8.30415153503418
726,44.510436058044434,1770674606.510436,breathing,18.543957640716744,AppState.ESTIMATE_BREATHING_RATE,1.0000;4.0000,True,0.40036384016275356,2.7466206061548117,25.30963039427446,0,8.30415153503418
727,44.55607295036316,1770674606.556073,breathing,18.57023460468141,AppState.ESTIMATE_BREATHING_RATE,1.0000;4.0000,True,0.40036384016275356,2.7082200274547583,25.35771883970929,0,8.30415153503418
728,44.61154055595398,1770674606.6115406,breathing,18.595964122837515,AppState.ESTIMATE_BREATHING_RATE,1.0000;4.0000,True,0.40036384016275356,2.6462847831848384,25.405360427263748,0,8.30415153503418
729,44.65690588951111,1770674606.656906,breathing,18.62126372369191,AppState.ESTIMATE_BREATHING_RATE,1.0000;4.0000,True,0.40036384016275356,2.5804542751354798,25.459259777185135,0,8.30415153503418
730,44.712597608566284,1770674606.7125976,breathing,18.6462855008815,AppState.ESTIMATE_BREATHING_RATE,1.0000;4.0000,True,0.40036384016275356,2.515936075746426,25.51858411400883,0,8.30415153503418
731,44.75788855552673,1770674606.7578886,breathing,18.671134338194936,AppState.ESTIMATE_BREATHING_RATE,1.0000;4.0000,True,0.40036384016275356,2.4410995591927915,25.582499296532117,0,8.30415153503418
732,44.81328868865967,1770674606.8132887,breathing,18.695899826058014,AppState.ESTIMATE_BREATHING_RATE,1.0000;4.0000,True,0.40036384016275356,2.370599413023261,25.650135027922765,0,8.30415153503418
733,44.8585901260376,1770674606.8585901,breathing,18.720666035289167,AppState.ESTIMATE_BREATHING_RATE,1.0000;4.0000,True,0.40036384016275356,2.3065790924277394,25.723688377242187,0,8.30415153503418
734,44.94112992286682,1770674606.94113,breathing,18.745481337300276,AppState.ESTIMATE_BREATHING_RATE,1.0000;4.0000,True,0.40036384016275356,2.242527030416727,25.808390362590476,0,8.30415153503418
735,44.95690441131592,1770674606.9569044,breathing,18.770377271109815,AppState.ESTIMATE_BREATHING_RATE,1.0000;4.0000,True,0.40036384016275356,2.1760436062335287,25.907450598227626,0,8.30415153503418
736,45.011457443237305,1770674607.0114574,breathing,18.795408710363766,AppState.ESTIMATE_BREATHING_RATE,1.0000;4.0000,True,0.40036384016275356,2.1037764812651596,26.010481449880803,0,8.30415153503418
737,45.05584454536438,1770674607.0558445,breathing,18.82059929677666,AppState.ESTIMATE_BREATHING_RATE,1.0000;4.0000,True,0.40036384016275356,2.038348150287134,26.1022125395558,0,8.30415153503418
738,45.11168456077576,1770674607.1116846,breathing,18.845897227139943,AppState.ESTIMATE_BREATHING_RATE,1.0000;4.0000,True,0.40036384016275356,1.9873840960506677,26.185369785177166,0,8.30415153503418
739,45.15711951255798,1770674607.1571195,breathing,18.87118953013894,AppState.ESTIMATE_BREATHING_RATE,1.0000;4.0000,True,0.40036384016275356,1.9254957083238609,26.283372500551575,0,8.30415153503418
740,45.208306550979614,1770674607.2083066,breathing,18.896360622933557,AppState.ESTIMATE_BREATHING_RATE,1.0000;4.0000,True,0.40036384016275356,1.8463770004115774,26.41339141462911,0,8.30415153503418
741,45.253350257873535,1770674607.2533503,breathing,18.921273056878377,AppState.ESTIMATE_BREATHING_RATE,1.0000;4.0000,True,0.40036384016275356,1.7636137784438284,26.578398150022622,0,8.30415153503418
742,45.30941677093506,1770674607.3094168,breathing,18.945885763141288,AppState.ESTIMATE_BREATHING_RATE,1.0000;4.0000,True,0.40036384016275356,1.6990235371985882,26.76409017581049,0,8.30415153503418
743,45.35499453544617,1770674607.3549945,breathing,18.97007540937781,AppState.ESTIMATE_BREATHING_RATE,1.0000;4.0000,True,0.40036384016275356,1.6379477594429144,26.964405932121903,0,8.30415153503418
744,45.41024923324585,1770674607.4102492,breathing,18.99370230284669,AppState.ESTIMATE_BREATHING_RATE,1.0000;4.0000,True,0.40036384016275356,1.5836907939588598,27.16377529888166,0,8.30415153503418
745,45.45509576797485,1770674607.4550958,breathing,19.016658934695073,AppState.ESTIMATE_BREATHING_RATE,1.0000;4.0000,True,0.40036384016275356,1.5377760736553396,27.34040247291826,0,8.30415153503418
746,45.51060628890991,1770674607.5106063,breathing,19.03879639286589,AppState.ESTIMATE_BREATHING_RATE,1.0000;4.0000,True,0.40036384016275356,1.5131362109851876,27.4819120624233,0,8.30415153503418
747,45.556455850601196,1770674607.5564559,breathing,19.06000855474061,AppState.ESTIMATE_BREATHING_RATE,1.0000;4.0000,True,0.40036384016275356,1.5100973202420918,27.58879298200097,0,8.30415153503418
748,45.61162352561951,1770674607.6116235,breathing,19.08019916954582,AppState.ESTIMATE_BREATHING_RATE,1.0000;4.0000,True,0.40036384016275356,1.512061889258154,27.65914364168223,0,8.30415153503418
749,45.65643501281738,1770674607.656435,breathing,19.099275952551753,AppState.ESTIMATE_BREATHING_RATE,1.0000;4.0000,True,0.40036384016275356,1.533082045756447,27.698097459654726,0,8.30415153503418
750,45.71200227737427,1770674607.7120023,breathing,19.117171293021304,AppState.ESTIMATE_BREATHING_RATE,1.0000;4.0000,True,0.40036384016275356,1.5609379238389094,27.71092903103813,0,8.30415153503418
751,45.757253646850586,1770674607.7572536,breathing,19.133875944097483,AppState.ESTIMATE_BREATHING_RATE,1.0000;4.0000,True,0.40036384016275356,1.584136941228309,27.70075359607059,0,8.30415153503418
752,45.81267523765564,1770674607.8126752,breathing,19.1493963838085,AppState.ESTIMATE_BREATHING_RATE,1.0000;4.0000,True,0.40036384016275356,1.6038882070952645,27.673861152436942,0,8.30415153503418
753,45.858118295669556,1770674607.8581183,breathing,19.16373971476086,AppState.ESTIMATE_BREATHING_RATE,1.0000;4.0000,True,0.6405821442604057,1.6205799161207297,27.64252039819495,2,8.30415153503418
754,45.90356922149658,1770674607.9035692,breathing,19.17693166498828,AppState.ESTIMATE_BREATHING_RATE,1.0000;4.0000,True,0.7606912963092318,1.644993057260903,27.622625101273382,3,8.30415153503418
755,45.99674987792969,1770674607.9967499,breathing,19.18902847975014,AppState.ESTIMATE_BREATHING_RATE,1.0000;4.0000,True,0.7606912963092318,1.6722618326510128,27.61808883366854,3,8.30415153503418
756,46.01168394088745,1770674608.011684,breathing,19.20008691963893,AppState.ESTIMATE_BREATHING_RATE,1.0000;4.0000,True,0.7606912963092318,1.7152539183602478,27.62511267219622,3,8.30415153503418
757,46.05673336982727,1770674608.0567334,breathing,19.210159224851836,AppState.ESTIMATE_BREATHING_RATE,1.0000;4.0000,True,0.7606912963092318,1.765068088896564,27.641753943098912,3,8.30415153503418
758,46.11195731163025,1770674608.1119573,breathing,19.219290988794,AppState.ESTIMATE_BREATHING_RATE,1.0000;4.0000,True,0.7606912963092318,1.7936202325152841,27.66677671778107,3,8.30415153503418
759,46.15676522254944,1770674608.1567652,breathing,19.22752600185437,AppState.ESTIMATE_BREATHING_RATE,1.0000;4.0000,True,0.7606912963092318,1.8175915762558121,27.692432588047915,3,8.30415153503418
760,46.21041440963745,1770674608.2104144,breathing,19.23494438326796,AppState.ESTIMATE_BREATHING_RATE,1.0000;4.0000,True,0.7606912963092318,1.8504115670557781,27.711945085898442,3,8.30415153503418
761,46.25586915016174,1770674608.2558692,breathing,19.241585183605718,AppState.ESTIMATE_BREATHING_RATE,1.0000;4.0000,True,0.7606912963092318,1.8746944858063268,27.731092962522023,3,8.30415153503418
762,46.311636447906494,1770674608.3116364,breathing,19.24752600729788,AppState.ESTIMATE_BREATHING_RATE,1.0000;4.0000,True,0.7606912963092318,1.9094776689009254,27.748054788197937,3,8.30415153503418
763,46.35732102394104,1770674608.357321,breathing,19.252815322670973,AppState.ESTIMATE_BREATHING_RATE,1.0000;4.0000,True,0.7606912963092318,1.9373091728558565,27.763933424401035,3,8.30415153503418
764,46.41294836997986,1770674608.4129484,breathing,19.257513933759835,AppState.ESTIMATE_BREATHING_RATE,1.0000;4.0000,True,0.7606912963092318,1.9534179016976994,27.779679537216673,3,8.30415153503418
765,46.45837473869324,1770674608.4583747,breathing,19.261721224865674,AppState.ESTIMATE_BREATHING_RATE,1.0000;4.0000,True,0.7606912963092318,1.976458636509045,27.7938097698719,3,8.30415153503418
766,46.50368785858154,1770674608.5036879,breathing,19.265538190249398,AppState.ESTIMATE_BREATHING_RATE,1.0000;4.0000,True,0.7606912963092318,2.0252228137854607,27.805739322489703,3,8.30415153503418
767,46.55955505371094,1770674608.559555,breathing,19.26905486056693,AppState.ESTIMATE_BREATHING_RATE,1.0000;4.0000,True,0.7606912963092318,2.066470465002327,27.810279827111117,3,8.30415153503418
768,46.60491681098938,1770674608.6049168,breathing,19.272353108783808,AppState.ESTIMATE_BREATHING_RATE,1.0000;4.0000,True,0.7606912963092318,2.089918989989483,27.803312821023187,3,8.30415153503418
769,46.66040658950806,1770674608.6604066,breathing,19.27551200430663,AppState.ESTIMATE_BREATHING_RATE,1.0000;4.0000,True,0.7606912963092318,2.093522214817958,27.77532200591704,3,8.30415153503418
770,46.70587658882141,1770674608.7058766,breathing,19.278603752930405,AppState.ESTIMATE_BREATHING_RATE,1.0000;4.0000,True,0.7606912963092318,2.104013016512195,27.730298409423696,3,8.30415153503418
771,46.761394023895264,1770674608.761394,breathing,19.281710000451575,AppState.ESTIMATE_BREATHING_RATE,1.0000;4.0000,True,0.7606912963092318,2.0961838701387503,27.68198852467135,3,8.30415153503418
772,46.806644439697266,1770674608.8066444,breathing,19.284903813688814,AppState.ESTIMATE_BREATHING_RATE,1.0000;4.0000,True,0.7606912963092318,2.081897261343283,27.642136016747955,3,8.30415153503418
773,46.86212682723999,1770674608.8621268,breathing,19.28823204249363,AppState.ESTIMATE_BREATHING_RATE,1.0000;4.0000,True,0.7606912963092318,2.0503115433433514,27.616935681190935,3,8.30415153503418
774,46.908525228500366,1770674608.9085252,breathing,19.29173976944036,AppState.ESTIMATE_BREATHING_RATE,1.0000;4.0000,True,0.7606912963092318,2.0070201849952665,27.61171498639726,3,8.30415153503418
775,46.954498052597046,1770674608.954498,breathing,19.295458076190847,AppState.ESTIMATE_BREATHING_RATE,1.0000;4.0000,True,0.7606912963092318,1.959309800478061,27.63126039354507,3,8.30415153503418
776,47.03929829597473,1770674609.0392983,breathing,19.29940693147424,AppState.ESTIMATE_BREATHING_RATE,1.0000;4.0000,True,0.7606912963092318,1.8990598966445096,27.678879656163247,3,8.30415153503418
777,47.052812814712524,1770674609.0528128,breathing,19.303558962338915,AppState.ESTIMATE_BREATHING_RATE,1.0000;4.0000,True,0.7606912963092318,1.830801983478787,27.739816764055885,3,8.30415153503418
778,47.10613679885864,1770674609.1061368,breathing,19.307854742680327,AppState.ESTIMATE_BREATHING_RATE,1.0000;4.0000,True,0.7606912963092318,1.7527091561317654,27.790333565881692,3,8.30415153503418
779,47.15948748588562,1770674609.1594875,breathing,19.312300731138354,AppState.ESTIMATE_BREATHING_RATE,1.0000;4.0000,True,0.7606912963092318,1.683901830688268,27.81180369300725,3,8.30415153503418
780,47.20681309700012,1770674609.206813,breathing,19.31684616779037,AppState.ESTIMATE_BREATHING_RATE,1.0000;4.0000,True,0.7606912963092318,1.6290763331781393,27.80540650742105,3,8.30415153503418
781,47.259947299957275,1770674609.2599473,breathing,19.321441354130865,AppState.ESTIMATE_BREATHING_RATE,1.0000;4.0000,True,0.6405821442604057,1.577155393782928,27.78462091588189,2,8.30415153503418
782,47.30335259437561,1770674609.3033526,breathing,19.326030263547175,AppState.ESTIMATE_BREATHING_RATE,1.0000;4.0000,True,0.6405821442604057,1.5268388282192695,27.754241560778954,2,8.30415153503418
783,47.356566429138184,1770674609.3565664,breathing,19.33053378645205,AppState.ESTIMATE_BREATHING_RATE,1.0000;4.0000,True,0.6405821442604057,1.4831885449697808,27.715728848337676,2,8.30415153503418
784,47.409655809402466,1770674609.4096558,breathing,19.334860068845362,AppState.ESTIMATE_BREATHING_RATE,1.0000;4.0000,True,0.6405821442604057,1.45486494812421,27.667806494699974,2,8.30415153503418
785,47.452752351760864,1770674609.4527524,breathing,19.338897943076724,AppState.ESTIMATE_BREATHING_RATE,1.0000;4.0000,True,0.6405821442604057,1.43231561691923,27.606488003673928,2,8.30415153503418
786,47.505735874176025,1770674609.5057359,breathing,19.342513372995878,AppState.ESTIMATE_BREATHING_RATE,1.0000;4.0000,True,0.7606912963092318,1.4241616143876417,27.53157830247154,3,8.30415153503418
787,47.55894732475281,1770674609.5589473,breathing,19.34556521527719,AppState.ESTIMATE_BREATHING_RATE,1.0000;4.0000,True,0.7606912963092318,1.4222694855437494,27.44626873852959,3,8.30415153503418
788,47.60195517539978,1770674609.6019552,breathing,19.34791478405941,AppState.ESTIMATE_BREATHING_RATE,1.0000;4.0000,True,0.7606912963092318,1.4274932576838664,27.353481263093197,3,8.30415153503418
789,47.65497159957886,1770674609.6549716,breathing,19.349428192522126,AppState.ESTIMATE_BREATHING_RATE,1.0000;4.0000,True,0.7606912963092318,1.4233267230229423,27.256526917582534,3,8.30415153503418
790,47.70814919471741,1770674609.7081492,breathing,19.349968443495076,AppState.ESTIMATE_BREATHING_RATE,1.0000;4.0000,True,0.7606912963092318,1.4147371703788494,27.156997772710824,3,8.30415153503418
791,47.76118302345276,1770674609.761183,breathing,19.349426336421644,AppState.ESTIMATE_BREATHING_RATE,1.0000;4.0000,True,0.7606912963092318,1.3939481466980106,27.056497824299957,3,8.30415153503418
792,47.804057598114014,1770674609.8040576,breathing,19.347710573150675,AppState.ESTIMATE_BREATHING_RATE,1.0000;4.0000,True,0.6405821442604057,1.3692408854936353,26.955343013580407,2,8.30415153503418
793,47.85738492012024,1770674609.857385,breathing,19.34476410817846,AppState.ESTIMATE_BREATHING_RATE,1.0000;4.0000,True,0.6405821442604057,1.3506381767868252,26.8575716229651,2,8.30415153503418
794,47.91032958030701,1770674609.9103296,breathing,19.340579280658794,AppState.ESTIMATE_BREATHING_RATE,1.0000;4.0000,True,0.6405821442604057,1.330827955587917,26.757811706438495,2,8.30415153503418
795,47.95321464538574,1770674609.9532146,breathing,19.33519842283726,AppState.ESTIMATE_BREATHING_RATE,1.0000;4.0000,True,0.6405821442604057,1.3313143837640335,26.646416335336188,2,8.30415153503418
796,48.00612425804138,1770674610.0061243,breathing,19.32863327026703,AppState.ESTIMATE_BREATHING_RATE,1.0000;4.0000,True,0.6405821442604057,1.3403924060803645,26.527852669319966,2,8.30415153503418
797,48.07695484161377,1770674610.0769548,breathing,19.320933814428273,AppState.ESTIMATE_BREATHING_RATE,1.0000;4.0000,True,0.6405821442604057,1.3508830696210703,26.399080321686135,2,8.30415153503418
798,48.11056113243103,1770674610.1105611,breathing,19.312139847989762,AppState.ESTIMATE_BREATHING_RATE,1.0000;4.0000,True,0.40036384016275356,1.3779351340729686,26.288534777692313,0,8.30415153503418
799,48.15370321273804,1770674610.1537032,breathing,19.302292769099125,AppState.ESTIMATE_BREATHING_RATE,1.0000;4.0000,True,0.40036384016275356,1.4284947449131715,26.204855088223027,0,8.30415153503418
800,48.20566987991333,1770674610.2056699,breathing,19.291445921602843,AppState.ESTIMATE_BREATHING_RATE,1.0000;4.0000,True,0.40036384016275356,1.4739302948878221,26.13772555818359,0,8.30415153503418
801,48.258742809295654,1770674610.2587428,breathing,19.279666533367468,AppState.ESTIMATE_BREATHING_RATE,1.0000;4.0000,True,0.40036384016275356,1.5201964800383796,26.07727667703135,0,8.30415153503418
802,48.301841497421265,1770674610.3018415,breathing,19.26702800844841,AppState.ESTIMATE_BREATHING_RATE,1.0000;4.0000,True,0.40036384016275356,1.5553615987520883,26.021717185224148,0,8.30415153503418
803,48.35501766204834,1770674610.3550177,breathing,19.253618677879835,AppState.ESTIMATE_BREATHING_RATE,1.0000;4.0000,True,0.40036384016275356,1.5741451837389113,25.968432820977775,0,8.30415153503418
804,48.40812849998474,1770674610.4081285,breathing,19.239559473958685,AppState.ESTIMATE_BREATHING_RATE,1.0000;4.0000,True,0.40036384016275356,1.5817410076935277,25.91885447558177,0,8.30415153503418
805,48.46120500564575,1770674610.461205,breathing,19.22501339126277,AppState.ESTIMATE_BREATHING_RATE,1.0000;4.0000,True,0.40036384016275356,1.604415688561081,25.87698953450611,0,8.30415153503418
806,48.50409150123596,1770674610.5040915,breathing,19.210115871496342,AppState.ESTIMATE_BREATHING_RATE,1.0000;4.0000,True,0.40036384016275356,1.6307143660385788,25.84448572901069,0,8.30415153503418
807,48.55725979804993,1770674610.5572598,breathing,19.195020807741525,AppState.ESTIMATE_BREATHING_RATE,1.0000;4.0000,True,0.40036384016275356,1.653858235989007,25.81182768067627,0,8.30415153503418
808,48.610209465026855,1770674610.6102095,breathing,19.17989454241517,AppState.ESTIMATE_BREATHING_RATE,1.0000;4.0000,True,0.40036384016275356,1.6835884108782366,25.768949524327173,0,8.30415153503418
809,48.6531617641449,1770674610.6531618,breathing,19.164878270894622,AppState.ESTIMATE_BREATHING_RATE,1.0000;4.0000,True,0.40036384016275356,1.7087121397645069,25.71318453193953,0,8.30415153503418
810,48.70624351501465,1770674610.7062435,breathing,19.150049163512318,AppState.ESTIMATE_BREATHING_RATE,1.0000;4.0000,True,0.40036384016275356,1.7228199864131768,25.645704119053125,0,8.30415153503418
811,48.75918459892273,1770674610.7591846,breathing,19.135444893863493,AppState.ESTIMATE_BREATHING_RATE,1.0000;4.0000,True,0.40036384016275356,1.7342363145522628,25.56172996382717,0,8.30415153503418
812,48.80205798149109,1770674610.802058,breathing,19.12107672826102,AppState.ESTIMATE_BREATHING_RATE,1.0000;4.0000,True,0.40036384016275356,1.7306970483997615,25.47616445640695,0,8.30415153503418
813,48.85503792762756,1770674610.855038,breathing,19.1069414130584,AppState.ESTIMATE_BREATHING_RATE,1.0000;4.0000,True,0.40036384016275356,1.7290250113240782,25.390629586209457,0,8.30415153503418
814,48.90802335739136,1770674610.9080234,breathing,19.093021306711055,AppState.ESTIMATE_BREATHING_RATE,1.0000;4.0000,True,0.7606912963092318,1.7220377074559492,25.30429124839427,3,8.30415153503418
815,48.96109986305237,1770674610.9610999,breathing,19.079289710031723,AppState.ESTIMATE_BREATHING_RATE,1.0000;4.0000,True,0.7606912963092318,1.7212577564939937,25.20936979095702,3,8.30415153503418
816,49.003947496414185,1770674611.0039475,breathing,19.065684791471167,AppState.ESTIMATE_BREATHING_RATE,1.0000;4.0000,True,0.40036384016275356,1.734597215671149,25.120699328836064,0,8.30415153503418
817,49.05700206756592,1770674611.057002,breathing,19.052120921660574,AppState.ESTIMATE_BREATHING_RATE,1.0000;4.0000,True,0.40036384016275356,1.7591531823036517,25.049142848864626,0,8.30415153503418
818,49.12765955924988,1770674611.1276596,breathing,19.038491769693735,AppState.ESTIMATE_BREATHING_RATE,1.0000;4.0000,True,0.40036384016275356,1.8124270822089028,25.003322030678184,0,8.30415153503418
819,49.16096830368042,1770674611.1609683,breathing,19.024706114880612,AppState.ESTIMATE_BREATHING_RATE,1.0000;4.0000,True,0.40036384016275356,1.8604634879728297,24.988362661287535,0,8.30415153503418
820,49.207749366760254,1770674611.2077494,breathing,19.010594854022052,AppState.ESTIMATE_BREATHING_RATE,1.0000;4.0000,True,0.40036384016275356,1.9178058231163644,25.00748861732145,0,8.30415153503418
821,49.261040687561035,1770674611.2610407,breathing,18.99603156979498,AppState.ESTIMATE_BREATHING_RATE,1.0000;4.0000,True,0.40036384016275356,2.0021202219096748,25.057982792690286,0,8.30415153503418
822,49.30433392524719,1770674611.304334,breathing,18.980905425154905,AppState.ESTIMATE_BREATHING_RATE,1.0000;4.0000,True,0.40036384016275356,2.101456959543161,25.132898395032395,0,8.30415153503418
823,49.35745644569397,1770674611.3574564,breathing,18.965083623278257,AppState.ESTIMATE_BREATHING_RATE,1.0000;4.0000,True,0.40036384016275356,2.1887257083625498,25.22578491960991,0,8.30415153503418
824,49.41055130958557,1770674611.4105513,breathing,18.948467556320928,AppState.ESTIMATE_BREATHING_RATE,1.0000;4.0000,True,0.40036384016275356,2.241950546595385,25.330528045200865,0,8.30415153503418
825,49.453553915023804,1770674611.453554,breathing,18.93099153162339,AppState.ESTIMATE_BREATHING_RATE,1.0000;4.0000,True,0.40036384016275356,2.2683434972429333,25.446512755255366,0,8.30415153503418
826,49.506494998931885,1770674611.506495,breathing,18.912594132414036,AppState.ESTIMATE_BREATHING_RATE,1.0000;4.0000,True,0.40036384016275356,2.300048104523633,25.567968427138922,0,8.30415153503418
827,49.55982160568237,1770674611.5598216,breathing,18.893267212291182,AppState.ESTIMATE_BREATHING_RATE,1.0000;4.0000,True,0.40036384016275356,2.350610252114178,25.686242428451013,0,8.30415153503418
828,49.60269856452942,1770674611.6026986,breathing,18.873019678359036,AppState.ESTIMATE_BREATHING_RATE,1.0000;4.0000,True,0.40036384016275356,2.394729683916069,25.80408615090733,0,8.30415153503418
829,49.655781269073486,1770674611.6557813,breathing,18.851886816984983,AppState.ESTIMATE_BREATHING_RATE,1.0000;4.0000,True,0.40036384016275356,2.4110646684231334,25.92493123114988,0,8.30415153503418
830,49.70891714096069,1770674611.7089171,breathing,18.829911379031444,AppState.ESTIMATE_BREATHING_RATE,1.0000;4.0000,True,0.40036384016275356,2.4464795696606054,26.047089954671744,0,8.30415153503418
831,49.751901388168335,1770674611.7519014,breathing,18.807159120362467,AppState.ESTIMATE_BREATHING_RATE,1.0000;4.0000,True,0.40036384016275356,2.4688445543842015,26.168631349354886,0,8.30415153503418
832,49.804847955703735,1770674611.804848,breathing,18.78370425722029,AppState.ESTIMATE_BREATHING_RATE,1.0000;4.0000,True,0.40036384016275356,2.490334166834229,26.28002875182612,0,8.30415153503418
833,49.85783576965332,1770674611.8578358,breathing,18.759688284111913,AppState.ESTIMATE_BREATHING_RATE,1.0000;4.0000,True,0.40036384016275356,2.507834265633195,26.379891116807723,0,8.30415153503418
834,49.91072487831116,1770674611.9107249,breathing,18.73520726125623,AppState.ESTIMATE_BREATHING_RATE,1.0000;4.0000,True,0.40036384016275356,2.5399385353368347,26.464109275940967,0,8.30415153503418
835,49.95354080200195,1770674611.9535408,breathing,18.71034311852338,AppState.ESTIMATE_BREATHING_RATE,1.0000;4.0000,True,0.40036384016275356,2.578412492420168,26.53187443620586,0,8.30415153503418
836,50.00642156600952,1770674612.0064216,breathing,18.685190730752534,AppState.ESTIMATE_BREATHING_RATE,1.0000;4.0000,True,0.40036384016275356,2.6245184746355097,26.583112218881304,0,8.30415153503418
837,50.05940532684326,1770674612.0594053,breathing,18.659825080016528,AppState.ESTIMATE_BREATHING_RATE,1.0000;4.0000,True,0.40036384016275356,2.6754494503663824,26.620582226710592,0,8.30415153503418
838,50.102346420288086,1770674612.1023464,breathing,18.63430694555952,AppState.ESTIMATE_BREATHING_RATE,1.0000;4.0000,True,0.40036384016275356,2.7314105463011478,26.643900307229003,0,8.30415153503418
839,50.17266917228699,1770674612.1726692,breathing,18.608684162765538,AppState.ESTIMATE_BREATHING_RATE,1.0000;4.0000,True,0.40036384016275356,2.768420041704973,26.655363060547423,0,8.30415153503418
840,50.21116518974304,1770674612.2111652,breathing,18.582969867437743,AppState.ESTIMATE_BREATHING_RATE,1.0000;4.0000,True,0.40036384016275356,2.8040006742962604,26.65846901348971,0,8.30415153503418
841,50.25428605079651,1770674612.254286,breathing,18.557219825897835,AppState.ESTIMATE_BREATHING_RATE,1.0000;4.0000,True,0.40036384016275356,2.82911758388705,26.655178118048525,0,8.30415153503418
842,50.307472467422485,1770674612.3074725,breathing,18.531510268797675,AppState.ESTIMATE_BREATHING_RATE,1.0000;4.0000,True,0.40036384016275356,2.8393935358240974,26.645331691167975,0,8.30415153503418
843,50.36056399345398,1770674612.360564,breathing,18.505890553549992,AppState.ESTIMATE_BREATHING_RATE,1.0000;4.0000,True,0.40036384016275356,2.8318889627502086,26.63498154328356,0,8.30415153503418
844,50.403611183166504,1770674612.4036112,breathing,18.48040491987345,AppState.ESTIMATE_BREATHING_RATE,1.0000;4.0000,True,0.40036384016275356,2.8445776206156017,26.632100554978166,0,8.30415153503418
845,50.456730365753174,1770674612.4567304,breathing,18.4550995562073,AppState.ESTIMATE_BREATHING_RATE,1.0000;4.0000,True,0.40036384016275356,2.8657293841068356,26.635547798981186,0,8.30415153503418
846,50.50967288017273,1770674612.5096729,breathing,18.430020134673114,AppState.ESTIMATE_BREATHING_RATE,1.0000;4.0000,True,0.40036384016275356,2.8799759864522594,26.640068020746526,0,8.30415153503418
847,50.552796840667725,1770674612.5527968,breathing,18.405247322501765,AppState.ESTIMATE_BREATHING_RATE,1.0000;4.0000,True,0.40036384016275356,2.9081987852803066,26.640529674104933,0,8.30415153503418
848,50.60580110549927,1770674612.605801,breathing,18.38085680527859,AppState.ESTIMATE_BREATHING_RATE,1.0000;4.0000,True,0.40036384016275356,2.93901863274884,26.634228745014333,0,8.30415153503418
849,50.65876507759094,1770674612.658765,breathing,18.35685488103687,AppState.ESTIMATE_BREATHING_RATE,1.0000;4.0000,True,0.40036384016275356,2.9265081478644674,26.60893611481683,0,8.30415153503418
850,50.70178151130676,1770674612.7017815,breathing,18.333190568218274,AppState.ESTIMATE_BREATHING_RATE,1.0000;4.0000,True,0.40036384016275356,2.905577489680556,26.572002394104445,0,8.30415153503418
851,50.75475096702576,1770674612.754751,breathing,18.309782806733033,AppState.ESTIMATE_BREATHING_RATE,1.0000;4.0000,True,0.40036384016275356,2.8581427921638047,26.533017516224174,0,8.30415153503418
852,50.80774927139282,1770674612.8077493,breathing,18.286559103058206,AppState.ESTIMATE_BREATHING_RATE,1.0000;4.0000,True,0.40036384016275356,2.7978855589838845,26.483820013269206,0,8.30415153503418
853,50.860782861709595,1770674612.8607829,breathing,18.263366022422233,AppState.ESTIMATE_BREATHING_RATE,1.0000;4.0000,True,0.40036384016275356,2.770517229368229,26.414845204153277,0,8.30415153503418
854,50.90376353263855,1770674612.9037635,breathing,18.240054543198887,AppState.ESTIMATE_BREATHING_RATE,1.0000;4.0000,True,0.40036384016275356,2.7393142430941557,26.33427964886072,0,8.30415153503418
855,50.956769704818726,1770674612.9567697,breathing,18.216484872447108,AppState.ESTIMATE_BREATHING_RATE,1.0000;4.0000,True,0.40036384016275356,2.698609277687361,26.243422120860792,0,8.30415153503418
856,51.00965237617493,1770674613.0096524,breathing,18.192326939906078,AppState.ESTIMATE_BREATHING_RATE,1.0000;4.0000,True,0.40036384016275356,2.6643458325125264,26.14267941413724,0,8.30415153503418
857,51.05255937576294,1770674613.0525594,breathing,18.16720252102681,AppState.ESTIMATE_BREATHING_RATE,1.0000;4.0000,True,0.40036384016275356,2.6501599660142827,26.05156257715122,0,8.30415153503418
858,51.10565114021301,1770674613.1056511,breathing,18.140761766635425,AppState.ESTIMATE_BREATHING_RATE,1.0000;4.0000,True,0.40036384016275356,2.6344656866238454,25.968184031686736,0,8.30415153503418
859,51.15856456756592,1770674613.1585646,breathing,18.112628217369558,AppState.ESTIMATE_BREATHING_RATE,1.0000;4.0000,True,0.6405821442604057,2.629323018296888,25.89244311300835,2,8.30415153503418
860,51.22738814353943,1770674613.2273881,breathing,18.082402295423815,AppState.ESTIMATE_BREATHING_RATE,1.0000;4.0000,True,0.6405821442604057,2.656927732450568,25.83887402018292,2,8.30415153503418
861,51.260573625564575,1770674613.2605736,breathing,18.049690905847328,AppState.ESTIMATE_BREATHING_RATE,1.0000;4.0000,True,0.6405821442604057,2.6818078931439757,25.809035901156044,2,8.30415153503418
862,51.303682804107666,1770674613.3036828,breathing,18.014109155088413,AppState.ESTIMATE_BREATHING_RATE,1.0000;4.0000,True,0.6405821442604057,2.733834746872969,25.792746229362855,2,8.30415153503418
863,51.35710525512695,1770674613.3571053,breathing,17.975288533659704,AppState.ESTIMATE_BREATHING_RATE,1.0000;4.0000,True,0.6405821442604057,2.7506228813240434,25.784066278147584,2,8.30415153503418
864,51.410298347473145,1770674613.4102983,breathing,17.932860414828887,AppState.ESTIMATE_BREATHING_RATE,1.0000;4.0000,True,0.6405821442604057,2.73932900469213,25.76493698759993,2,8.30415153503418
865,51.45335793495178,1770674613.453358,breathing,17.886455477551593,AppState.ESTIMATE_BREATHING_RATE,1.0000;4.0000,True,0.6405821442604057,2.7365548928617276,25.76421611627869,2,8.30415153503418
866,51.50631141662598,1770674613.5063114,breathing,17.835801119346932,AppState.ESTIMATE_BREATHING_RATE,1.0000;4.0000,True,0.6405821442604057,2.714378323756769,25.784374771479527,2,8.30415153503418
867,51.55980396270752,1770674613.559804,breathing,17.780641904961936,AppState.ESTIMATE_BREATHING_RATE,1.0000;4.0000,True,0.6405821442604057,2.654596076017381,25.830991544909512,2,8.30415153503418
868,51.60269498825073,1770674613.602695,breathing,17.720739181156866,AppState.ESTIMATE_BREATHING_RATE,1.0000;4.0000,True,0.6405821442604057,2.562644727299178,25.918436767879562,2,8.30415153503418
869,51.65577721595764,1770674613.6557772,breathing,17.655824928074132,AppState.ESTIMATE_BREATHING_RATE,1.0000;4.0000,True,0.5204729922115796,2.4453427386301674,26.05145495871209,1,8.30415153503418
870,51.70892143249512,1770674613.7089214,breathing,17.585626749765265,AppState.ESTIMATE_BREATHING_RATE,1.0000;4.0000,True,0.5204729922115796,2.3225241466903763,26.210686327672466,1,8.30415153503418
871,51.75190830230713,1770674613.7519083,breathing,17.518331823432547,AppState.ESTIMATE_BREATHING_RATE,1.0000;4.0000,True,0.5204729922115796,2.211786289145589,26.369253067937553,1,8.30415153503418
872,51.80492925643921,1770674613.8049293,breathing,17.454041588170785,AppState.ESTIMATE_BREATHING_RATE,1.0000;4.0000,True,0.5204729922115796,2.126217717000066,26.505296191097756,1,8.30415153503418
873,51.85793852806091,1770674613.8579385,breathing,17.392574253457997,AppState.ESTIMATE_BREATHING_RATE,1.0000;4.0000,True,0.5204729922115796,2.072651829454307,26.602265374636367,1,8.30415153503418
874,51.911365032196045,1770674613.911365,breathing,17.33426313194629,AppState.ESTIMATE_BREATHING_RATE,1.0000;4.0000,True,0.5204729922115796,2.075601072614809,26.685758117894704,1,8.30415153503418
875,51.95464110374451,1770674613.954641,breathing,17.27924373044899,AppState.ESTIMATE_BREATHING_RATE,1.0000;4.0000,True,0.5204729922115796,2.105596499501998,26.762894329783382,1,8.30415153503418
876,52.01006817817688,1770674614.0100682,breathing,17.227567232367225,AppState.ESTIMATE_BREATHING_RATE,1.0000;4.0000,True,0.5204729922115796,2.1333347117600097,26.831468799282863,1,8.30415153503418
877,52.05552887916565,1770674614.0555289,breathing,17.179227362352275,AppState.ESTIMATE_BREATHING_RATE,1.0000;4.0000,True,0.5204729922115796,2.1831708994342165,26.88557944239648,1,8.30415153503418
878,52.11116909980774,1770674614.111169,breathing,17.134093072435157,AppState.ESTIMATE_BREATHING_RATE,1.0000;4.0000,True,0.5204729922115796,2.2241345797462624,26.92044404594268,1,8.30415153503418
879,52.15655469894409,1770674614.1565547,breathing,17.092056950655845,AppState.ESTIMATE_BREATHING_RATE,1.0000;4.0000,True,0.6405821442604057,2.2426518557971975,26.927191906192647,2,8.30415153503418
880,52.207754135131836,1770674614.2077541,breathing,17.053000073312436,AppState.ESTIMATE_BREATHING_RATE,1.0000;4.0000,True,0.6405821442604057,2.262254712986645,26.92534281856053,2,8.30415153503418
881,52.29853105545044,1770674614.298531,breathing,17.01678239230046,AppState.ESTIMATE_BREATHING_RATE,1.0000;4.0000,True,0.6405821442604057,2.288633316934051,26.91777269417152,2,8.30415153503418
882,52.3127384185791,1770674614.3127384,breathing,16.983212564368078,AppState.ESTIMATE_BREATHING_RATE,1.0000;4.0000,True,0.6405821442604057,2.3011286291566564,26.905217810755154,2,8.30415153503418
883,52.356910705566406,1770674614.3569107,breathing,16.952169409230525,AppState.ESTIMATE_BREATHING_RATE,1.0000;4.0000,True,0.6405821442604057,2.3105852142163803,26.891780446461325,2,8.30415153503418
884,52.412214517593384,1770674614.4122145,breathing,16.92340727002377,AppState.ESTIMATE_BREATHING_RATE,1.0000;4.0000,True,0.6405821442604057,2.2885341097455276,26.888003658419997,2,8.30415153503418
885,52.45798110961914,1770674614.457981,breathing,16.89659695145226,AppState.ESTIMATE_BREATHING_RATE,1.0000;4.0000,True,0.6405821442604057,2.2304511611587157,26.90516615421015,2,8.30415153503418
886,52.513625383377075,1770674614.5136254,breathing,16.871495699435513,AppState.ESTIMATE_BREATHING_RATE,1.0000;4.0000,True,0.6405821442604057,2.144569913585937,26.953791807669763,2,8.30415153503418
887,52.55930852890015,1770674614.5593085,breathing,16.847820704018634,AppState.ESTIMATE_BREATHING_RATE,1.0000;4.0000,True,0.5204729922115796,2.0397796812003666,27.036808317222235,1,8.30415153503418
888,52.60468316078186,1770674614.6046832,breathing,16.825265901331424,AppState.ESTIMATE_BREATHING_RATE,1.0000;4.0000,True,0.5204729922115796,1.9641572307842625,27.138313333306705,1,8.30415153503418
889,52.659623861312866,1770674614.6596239,breathing,16.803555944830023,AppState.ESTIMATE_BREATHING_RATE,1.0000;4.0000,True,0.40036384016275356,1.9223801364332278,27.245019316347832,0,8.30415153503418
890,52.70455002784729,1770674614.70455,breathing,16.78249093172858,AppState.ESTIMATE_BREATHING_RATE,1.0000;4.0000,True,0.40036384016275356,1.9107918581489984,27.35141960221478,0,8.30415153503418
891,52.76013517379761,1770674614.7601352,breathing,16.761912130220527,AppState.ESTIMATE_BREATHING_RATE,1.0000;4.0000,True,0.40036384016275356,1.9049370676979382,27.457179048672376,0,8.30415153503418
892,52.80540490150452,1770674614.805405,breathing,16.741699336653372,AppState.ESTIMATE_BREATHING_RATE,1.0000;4.0000,True,0.40036384016275356,1.8929482200219163,27.56379940190651,0,8.30415153503418
893,52.860883474349976,1770674614.8608835,breathing,16.72174822451311,AppState.ESTIMATE_BREATHING_RATE,1.0000;4.0000,True,0.40036384016275356,1.889912146670779,27.682341591607397,0,8.30415153503418
894,52.906161069869995,1770674614.906161,breathing,16.701962511303144,AppState.ESTIMATE_BREATHING_RATE,1.0000;4.0000,True,0.40036384016275356,1.8782171425859562,27.811125280697514,0,8.30415153503418
895,52.96168541908264,1770674614.9616854,breathing,16.68231798416833,AppState.ESTIMATE_BREATHING_RATE,1.0000;4.0000,True,0.40036384016275356,1.868711216888618,27.94139303920358,0,8.30415153503418
896,53.00834107398987,1770674615.008341,breathing,16.662832215368784,AppState.ESTIMATE_BREATHING_RATE,1.0000;4.0000,True,0.40036384016275356,1.8420337639026845,28.059795380844736,0,8.30415153503418
897,53.05325531959534,1770674615.0532553,breathing,16.64358058540355,AppState.ESTIMATE_BREATHING_RATE,1.0000;4.0000,True,0.40036384016275356,1.808300288746687,28.157240034779484,0,8.30415153503418
898,53.10830283164978,1770674615.1083028,breathing,16.62463688539559,AppState.ESTIMATE_BREATHING_RATE,1.0000;4.0000,True,0.40036384016275356,1.7638105679075369,28.229601141225587,0,8.30415153503418
899,53.15362548828125,1770674615.1536255,breathing,16.606090905996123,AppState.ESTIMATE_BREATHING_RATE,1.0000;4.0000,True,0.40036384016275356,1.7263850126463112,28.27438370312933,0,8.30415153503418
900,53.2074511051178,1770674615.207451,breathing,16.588035304353262,AppState.ESTIMATE_BREATHING_RATE,1.0000;4.0000,True,0.40036384016275356,1.6898836396106824,28.294296750877507,0,8.30415153503418
901,53.263474464416504,1770674615.2634745,breathing,16.570569640690987,AppState.ESTIMATE_BREATHING_RATE,1.0000;4.0000,True,0.40036384016275356,1.650925265446505,28.29398034548111,0,8.30415153503418
902,53.340818881988525,1770674615.340819,breathing,16.553781874694103,AppState.ESTIMATE_BREATHING_RATE,1.0000;4.0000,True,0.40036384016275356,1.6087992385925554,28.2734834386042,0,8.30415153503418
903,53.35570955276489,1770674615.3557096,breathing,16.537725251332763,AppState.ESTIMATE_BREATHING_RATE,1.0000;4.0000,True,0.40036384016275356,1.5683683059492821,28.232786675611056,0,8.30415153503418
904,53.410773515701294,1770674615.4107735,breathing,16.522433234797234,AppState.ESTIMATE_BREATHING_RATE,1.0000;4.0000,True,0.40036384016275356,1.5285960381011476,28.169750846198177,0,8.30415153503418
905,53.45551252365112,1770674615.4555125,breathing,16.507908217094773,AppState.ESTIMATE_BREATHING_RATE,1.0000;4.0000,True,0.40036384016275356,1.5098096931181466,28.093266911483596,0,8.30415153503418
906,53.51027512550354,1770674615.5102751,breathing,16.494116591345406,AppState.ESTIMATE_BREATHING_RATE,1.0000;4.0000,True,0.40036384016275356,1.5020802767369132,28.013938693303743,0,8.30415153503418
907,53.55575919151306,1770674615.5557592,breathing,16.48100265758556,AppState.ESTIMATE_BREATHING_RATE,1.0000;4.0000,True,0.5204729922115796,1.50424785399748,27.942561464725976,1,8.30415153503418
908,53.61115288734436,1770674615.611153,breathing,16.46849350731309,AppState.ESTIMATE_BREATHING_RATE,1.0000;4.0000,True,0.5204729922115796,1.5254855094035422,27.879912617728856,1,8.30415153503418
909,53.6565318107605,1770674615.6565318,breathing,16.456504984322965,AppState.ESTIMATE_BREATHING_RATE,1.0000;4.0000,True,0.5204729922115796,1.559460644347668,27.828772712152915,1,8.30415153503418
910,53.71215224266052,1770674615.7121522,breathing,16.444944438018616,AppState.ESTIMATE_BREATHING_RATE,1.0000;4.0000,True,0.5204729922115796,1.5902098070852406,27.789669456781688,1,8.30415153503418
911,53.75748682022095,1770674615.7574868,breathing,16.433708272585108,AppState.ESTIMATE_BREATHING_RATE,1.0000;4.0000,True,0.6405821442604057,1.6243851213676472,27.76191241768909,2,8.30415153503418
912,53.81286096572876,1770674615.812861,breathing,16.42269988684938,AppState.ESTIMATE_BREATHING_RATE,1.0000;4.0000,True,0.6405821442604057,1.6621454665519286,27.747519431996032,2,8.30415153503418
913,53.85830736160278,1770674615.8583074,breathing,16.411813819800813,AppState.ESTIMATE_BREATHING_RATE,1.0000;4.0000,True,0.6405821442604057,1.7010391063750034,27.74653740111126,2,8.30415153503418
914,53.90366744995117,1770674615.9036674,breathing,16.40096082966738,AppState.ESTIMATE_BREATHING_RATE,1.0000;4.0000,True,0.6405821442604057,1.7463809814381281,27.761816636049243,2,8.30415153503418
915,53.95937204360962,1770674615.959372,breathing,16.39005160489141,AppState.ESTIMATE_BREATHING_RATE,1.0000;4.0000,True,0.6405821442604057,1.8011365307670153,27.80015542342002,2,8.30415153503418
916,54.00463533401489,1770674616.0046353,breathing,16.379014416205322,AppState.ESTIMATE_BREATHING_RATE,1.0000;4.0000,True,0.6405821442604057,1.8657631059764856,27.866634583386528,2,8.30415153503418
917,54.06012439727783,1770674616.0601244,breathing,16.367791197497173,AppState.ESTIMATE_BREATHING_RATE,1.0000;4.0000,True,0.6405821442604057,1.9304026769548506,27.959774211353423,2,8.30415153503418
918,54.105578660964966,1770674616.1055787,breathing,16.3563399431834,AppState.ESTIMATE_BREATHING_RATE,1.0000;4.0000,True,0.6405821442604057,1.9932256787584677,28.072809599102502,2,8.30415153503418
919,54.160979986190796,1770674616.16098,breathing,16.34462679200245,AppState.ESTIMATE_BREATHING_RATE,1.0000;4.0000,True,0.6405821442604057,2.0840366691344063,28.19608359426355,2,8.30415153503418
920,54.211543560028076,1770674616.2115436,breathing,16.332640664062044,AppState.ESTIMATE_BREATHING_RATE,1.0000;4.0000,True,0.6405821442604057,2.1642913459806654,28.318757031919695,2,8.30415153503418
921,54.25705337524414,1770674616.2570534,breathing,16.32039001456029,AppState.ESTIMATE_BREATHING_RATE,1.0000;4.0000,True,0.6405821442604057,2.2231718850249536,28.436086718657563,2,8.30415153503418
922,54.312684774398804,1770674616.3126848,breathing,16.307902063972005,AppState.ESTIMATE_BREATHING_RATE,1.0000;4.0000,True,0.6405821442604057,2.294451374008971,28.541447122437585,2,8.30415153503418
923,54.39366292953491,1770674616.393663,breathing,16.29521374160499,AppState.ESTIMATE_BREATHING_RATE,1.0000;4.0000,True,0.6405821442604057,2.34806209733637,28.632816687749553,2,8.30415153503418
924,54.40919852256775,1770674616.4091985,breathing,16.28238507799204,AppState.ESTIMATE_BREATHING_RATE,1.0000;4.0000,True,0.6405821442604057,2.3896053761660134,28.70951271000267,2,8.30415153503418
925,54.453492641448975,1770674616.4534926,breathing,16.269487078050894,AppState.ESTIMATE_BREATHING_RATE,1.0000;4.0000,True,0.6405821442604057,2.4175284200003944,28.76806375235257,2,8.30415153503418
926,54.50786328315735,1770674616.5078633,breathing,16.25660831378921,AppState.ESTIMATE_BREATHING_RATE,1.0000;4.0000,True,0.6405821442604057,2.430379375564987,28.81139518983081,2,8.30415153503418
927,54.56370282173157,1770674616.5637028,breathing,16.243850063005315,AppState.ESTIMATE_BREATHING_RATE,1.0000;4.0000,True,0.6405821442604057,2.448109981918233,28.837334757948465,2,8.30415153503418
928,54.60909032821655,1770674616.6090903,breathing,16.231324667780566,AppState.ESTIMATE_BREATHING_RATE,1.0000;4.0000,True,0.6405821442604057,2.4704395011997553,28.850102930921764,2,8.30415153503418
929,54.65448808670044,1770674616.654488,breathing,16.219146339796918,AppState.ESTIMATE_BREATHING_RATE,1.0000;4.0000,True,0.6405821442604057,2.507659629283266,28.84929763907692,2,8.30415153503418
930,54.71012091636658,1770674616.710121,breathing,16.20742732717873,AppState.ESTIMATE_BREATHING_RATE,1.0000;4.0000,True,0.6405821442604057,2.5038866748716275,28.8403430364459,2,8.30415153503418
931,54.75549077987671,1770674616.7554908,breathing,16.19626978822206,AppState.ESTIMATE_BREATHING_RATE,1.0000;4.0000,True,0.6405821442604057,2.5114925917246396,28.824614216647845,2,8.30415153503418
932,54.81084227561951,1770674616.8108423,breathing,16.18576106289382,AppState.ESTIMATE_BREATHING_RATE,1.0000;4.0000,True,0.6405821442604057,2.528288279713744,28.798190857867063,2,8.30415153503418
933,54.85624814033508,1770674616.8562481,breathing,16.17596535993536,AppState.ESTIMATE_BREATHING_RATE,1.0000;4.0000,True,0.6405821442604057,2.55469737485301,28.74987132270074,2,8.30415153503418
934,54.911707401275635,1770674616.9117074,breathing,16.16692375461194,AppState.ESTIMATE_BREATHING_RATE,1.0000;4.0000,True,0.6405821442604057,2.5479239804301406,28.70473801441918,2,8.30415153503418
935,54.957010984420776,1770674616.957011,breathing,16.158653711055102,AppState.ESTIMATE_BREATHING_RATE,1.0000;4.0000,True,0.6405821442604057,2.512043698668735,28.673489328130827,2,8.30415153503418
936,55.012351274490356,1770674617.0123513,breathing,16.151152724879843,AppState.ESTIMATE_BREATHING_RATE,1.0000;4.0000,True,0.6405821442604057,2.4608894545824698,28.6543621225702,2,8.30415153503418
937,55.05770540237427,1770674617.0577054,breathing,16.144402862783288,AppState.ESTIMATE_BREATHING_RATE,1.0000;4.0000,True,0.6405821442604057,2.4101499290065256,28.632023602055938,2,8.30415153503418
938,55.11327338218689,1770674617.1132734,breathing,16.138371755663577,AppState.ESTIMATE_BREATHING_RATE,1.0000;4.0000,True,0.6405821442604057,2.366978902357128,28.594074794678136,2,8.30415153503418
939,55.1586389541626,1770674617.158639,breathing,16.133005116848565,AppState.ESTIMATE_BREATHING_RATE,1.0000;4.0000,True,0.6405821442604057,2.336561865858897,28.543676671602935,2,8.30415153503418
940,55.20991325378418,1770674617.2099133,breathing,16.128233625556337,AppState.ESTIMATE_BREATHING_RATE,1.0000;4.0000,True,0.6405821442604057,2.292311345474352,28.493707648057693,2,8.30415153503418
941,55.25576305389404,1770674617.255763,breathing,16.12398289147196,AppState.ESTIMATE_BREATHING_RATE,1.0000;4.0000,True,0.6405821442604057,2.2320279013227045,28.449933799235048,2,8.30415153503418
942,55.311511516571045,1770674617.3115115,breathing,16.12013154372401,AppState.ESTIMATE_BREATHING_RATE,1.0000;4.0000,True,0.6405821442604057,2.1811810797706546,28.41176093139552,2,8.30415153503418
943,55.35683465003967,1770674617.3568347,breathing,16.11657063070116,AppState.ESTIMATE_BREATHING_RATE,1.0000;4.0000,True,0.6405821442604057,2.1317787832005775,28.37871135717063,2,8.30415153503418
944,55.444724559783936,1770674617.4447246,breathing,16.113171488594737,AppState.ESTIMATE_BREATHING_RATE,1.0000;4.0000,True,0.6405821442604057,2.081987557293088,28.355375019736595,2,8.30415153503418
945,55.459129333496094,1770674617.4591293,breathing,16.10979472907865,AppState.ESTIMATE_BREATHING_RATE,1.0000;4.0000,True,0.6405821442604057,2.03339176033496,28.34099465219901,2,8.30415153503418
946,55.503891944885254,1770674617.503892,breathing,16.106287582549896,AppState.ESTIMATE_BREATHING_RATE,1.0000;4.0000,True,0.6405821442604057,1.9925138753990859,28.32772209520042,2,8.30415153503418
947,55.55897402763367,1770674617.558974,breathing,16.102484405207935,AppState.ESTIMATE_BREATHING_RATE,1.0000;4.0000,True,0.6405821442604057,1.961214001988414,28.303130125603737,2,8.30415153503418
948,55.60471487045288,1770674617.6047149,breathing,16.098219389961937,AppState.ESTIMATE_BREATHING_RATE,1.0000;4.0000,True,0.7606912963092318,1.9414845253087472,28.261204031431475,3,8.30415153503418
949,55.660316944122314,1770674617.660317,breathing,16.093334200927313,AppState.ESTIMATE_BREATHING_RATE,1.0000;4.0000,True,0.7606912963092318,1.9220340793360717,28.20220326436799,3,8.30415153503418
950,55.70586061477661,1770674617.7058606,breathing,16.0876674398585,AppState.ESTIMATE_BREATHING_RATE,1.0000;4.0000,True,0.6405821442604057,1.9278954460054891,28.129776823534772,2,8.30415153503418
951,55.7610285282135,1770674617.7610285,breathing,16.0810727061954,AppState.ESTIMATE_BREATHING_RATE,1.0000;4.0000,True,0.6405821442604057,1.9463864497730066,28.051799001229348,2,8.30415153503418
952,55.80577826499939,1770674617.8057783,breathing,16.073410459312456,AppState.ESTIMATE_BREATHING_RATE,1.0000;4.0000,True,0.6405821442604057,1.960230642392005,27.972122253626367,2,8.30415153503418
953,55.8613076210022,1770674617.8613076,breathing,16.064569785981888,AppState.ESTIMATE_BREATHING_RATE,1.0000;4.0000,True,0.7606912963092318,1.991603757471475,27.89302615983484,3,8.30415153503418
954,55.90671229362488,1770674617.9067123,breathing,16.0544653990095,AppState.ESTIMATE_BREATHING_RATE,1.0000;4.0000,True,0.7606912963092318,2.021316301864578,27.830188887585155,3,8.30415153503418
955,55.9621901512146,1770674617.9621902,breathing,16.043052768274446,AppState.ESTIMATE_BREATHING_RATE,1.0000;4.0000,True,0.7606912963092318,2.041579422515408,27.775392184091476,3,8.30415153503418
956,56.0074737071991,1770674618.0074737,breathing,16.030318030689987,AppState.ESTIMATE_BREATHING_RATE,1.0000;4.0000,True,0.7606912963092318,2.0381026617868914,27.719041116050576,3,8.30415153503418
957,56.06301236152649,1770674618.0630124,breathing,16.01629448571594,AppState.ESTIMATE_BREATHING_RATE,1.0000;4.0000,True,0.7606912963092318,2.006641605680064,27.65833834765351,3,8.30415153503418
958,56.10864281654358,1770674618.1086428,breathing,16.001052162809053,AppState.ESTIMATE_BREATHING_RATE,1.0000;4.0000,True,0.7606912963092318,1.9726724068998567,27.590492961143177,3,8.30415153503418
959,56.15396308898926,1770674618.153963,breathing,15.984657521912082,AppState.ESTIMATE_BREATHING_RATE,1.0000;4.0000,True,0.7606912963092318,1.9435343627550627,27.514531619871565,3,8.30415153503418
960,56.207111835479736,1770674618.2071118,breathing,15.967190170566068,AppState.ESTIMATE_BREATHING_RATE,1.0000;4.0000,True,0.7606912963092318,1.923460781645481,27.42977702478609,3,8.30415153503418
961,56.262962341308594,1770674618.2629623,breathing,15.948764590212798,AppState.ESTIMATE_BREATHING_RATE,1.0000;4.0000,True,0.5204729922115796,1.9082194509436425,27.346662116092386,1,8.30415153503418
962,56.308857917785645,1770674618.308858,breathing,15.929512745652188,AppState.ESTIMATE_BREATHING_RATE,1.0000;4.0000,True,0.5204729922115796,1.8867443378625652,27.265709930781608,1,8.30415153503418
963,56.35380220413208,1770674618.3538022,breathing,15.909576357546372,AppState.ESTIMATE_BREATHING_RATE,1.0000;4.0000,True,0.5204729922115796,1.8603599843958347,27.185314370980546,1,8.30415153503418
964,56.40874481201172,1770674618.4087448,breathing,15.88909544041489,AppState.ESTIMATE_BREATHING_RATE,1.0000;4.0000,True,0.5204729922115796,1.8295536757740336,27.105883236807617,1,8.30415153503418
965,56.49614858627319,1770674618.4961486,breathing,15.86822527984407,AppState.ESTIMATE_BREATHING_RATE,1.0000;4.0000,True,0.5204729922115796,1.801617355264042,27.026549726062424,1,8.30415153503418
966,56.51178312301636,1770674618.5117831,breathing,15.84710685724831,AppState.ESTIMATE_BREATHING_RATE,1.0000;4.0000,True,0.5204729922115796,1.7738010379427396,26.95397731104604,1,8.30415153503418
967,56.55517935752869,1770674618.5551794,breathing,15.825824520206323,AppState.ESTIMATE_BREATHING_RATE,1.0000;4.0000,True,0.5204729922115796,1.750387201090682,26.881195676994803,1,8.30415153503418
968,56.60846138000488,1770674618.6084614,breathing,15.804470895067944,AppState.ESTIMATE_BREATHING_RATE,1.0000;4.0000,True,0.5204729922115796,1.7256837608395337,26.80169418113137,1,8.30415153503418
969,56.65175437927246,1770674618.6517544,breathing,15.783075314277188,AppState.ESTIMATE_BREATHING_RATE,1.0000;4.0000,True,0.5204729922115796,1.7015390925819613,26.720687846419114,1,8.30415153503418
970,56.70491695404053,1770674618.704917,breathing,15.76163076655391,AppState.ESTIMATE_BREATHING_RATE,1.0000;4.0000,True,0.5204729922115796,1.6698774372216707,26.639474374827287,1,8.30415153503418
971,56.75787949562073,1770674618.7578795,breathing,15.740100187534557,AppState.ESTIMATE_BREATHING_RATE,1.0000;4.0000,True,0.5204729922115796,1.6428759486936377,26.556201111622627,1,8.30415153503418
972,56.81075882911682,1770674618.8107588,breathing,15.718477310446206,AppState.ESTIMATE_BREATHING_RATE,1.0000;4.0000,True,0.5204729922115796,1.632658256234466,26.460014311987564,1,8.30415153503418
973,56.85364294052124,1770674618.853643,breathing,15.696654329421381,AppState.ESTIMATE_BREATHING_RATE,1.0000;4.0000,True,0.5204729922115796,1.6350110706443013,26.351746080178042,1,8.30415153503418
974,56.907432079315186,1770674618.907432,breathing,15.674495359800972,AppState.ESTIMATE_BREATHING_RATE,1.0000;4.0000,True,0.6405821442604057,1.634237073764409,26.24169410337509,2,8.30415153503418
975,56.96136808395386,1770674618.961368,breathing,15.651999324512422,AppState.ESTIMATE_BREATHING_RATE,1.0000;4.0000,True,0.5204729922115796,1.6354595435805148,26.13629073575074,1,8.30415153503418
976,57.00432991981506,1770674619.00433,breathing,15.629020045320994,AppState.ESTIMATE_BREATHING_RATE,1.0000;4.0000,True,0.7606912963092318,1.6358515002558338,26.038118125532066,3,8.30415153503418
977,57.05735802650452,1770674619.057358,breathing,15.605438879370253,AppState.ESTIMATE_BREATHING_RATE,1.0000;4.0000,True,0.7606912963092318,1.6417237343568807,25.95121513220516,3,8.30415153503418
978,57.110424280166626,1770674619.1104243,breathing,15.581121676585736,AppState.ESTIMATE_BREATHING_RATE,1.0000;4.0000,True,0.7606912963092318,1.654511952701528,25.87998621051032,3,8.30415153503418
979,57.15329098701477,1770674619.153291,breathing,15.555943893763962,AppState.ESTIMATE_BREATHING_RATE,1.0000;4.0000,True,0.7606912963092318,1.6669900523812258,25.825707860733413,3,8.30415153503418
980,57.21115326881409,1770674619.2111533,breathing,15.52977904215481,AppState.ESTIMATE_BREATHING_RATE,1.0000;4.0000,True,0.7606912963092318,1.6686817351401286,25.786048715914934,3,8.30415153503418
981,57.25429844856262,1770674619.2542984,breathing,15.502500196833521,AppState.ESTIMATE_BREATHING_RATE,1.0000;4.0000,True,0.7606912963092318,1.6657048227200602,25.75474983985151,3,8.30415153503418
982,57.307467222213745,1770674619.3074672,breathing,15.473956897206223,AppState.ESTIMATE_BREATHING_RATE,1.0000;4.0000,True,0.7606912963092318,1.6587536824228901,25.72735764491996,3,8.30415153503418
983,57.36048936843872,1770674619.3604894,breathing,15.444009168766954,AppState.ESTIMATE_BREATHING_RATE,1.0000;4.0000,True,0.7606912963092318,1.6451045218634586,25.699769621000094,3,8.30415153503418
984,57.403510093688965,1770674619.40351,breathing,15.412516077819584,AppState.ESTIMATE_BREATHING_RATE,1.0000;4.0000,True,0.7606912963092318,1.6288928604688875,25.6714790038814,3,8.30415153503418
985,57.45669150352478,1770674619.4566915,breathing,15.379310261352105,AppState.ESTIMATE_BREATHING_RATE,1.0000;4.0000,True,0.7606912963092318,1.5988553288955,25.634983991600993,3,8.30415153503418
986,57.53038692474365,1770674619.530387,breathing,15.344253725583846,AppState.ESTIMATE_BREATHING_RATE,1.0000;4.0000,True,0.7606912963092318,1.57345901327831,25.587299442490323,3,8.30415153503418
987,57.55375599861145,1770674619.553756,breathing,15.307201210547612,AppState.ESTIMATE_BREATHING_RATE,1.0000;4.0000,True,0.7606912963092318,1.5555893745863167,25.520966773876477,3,8.30415153503418
988,57.606977224349976,1770674619.6069772,breathing,15.268023239873479,AppState.ESTIMATE_BREATHING_RATE,1.0000;4.0000,True,0.7606912963092318,1.5382423890939403,25.443118544787634,3,8.30415153503418
989,57.66054177284241,1770674619.6605418,breathing,15.224754718864432,AppState.ESTIMATE_BREATHING_RATE,1.0000;4.0000,True,0.7606912963092318,1.5134775758825418,25.350164704632228,3,8.30415153503418
990,57.703683614730835,1770674619.7036836,breathing,15.171773432645107,AppState.ESTIMATE_BREATHING_RATE,1.0000;4.0000,True,0.7606912963092318,1.493750474636791,25.243699746614613,3,8.30415153503418
991,57.75672507286072,1770674619.756725,breathing,15.11797704942423,AppState.ESTIMATE_BREATHING_RATE,1.0000;4.0000,True,0.7606912963092318,1.4877136634395196,25.130042073549397,3,8.30415153503418
992,57.809605836868286,1770674619.8096058,breathing,15.063485547648858,AppState.ESTIMATE_BREATHING_RATE,1.0000;4.0000,True,0.7606912963092318,1.4763841988032045,25.00885220341832,3,8.30415153503418
993,57.85261869430542,1770674619.8526187,breathing,15.008540053379392,AppState.ESTIMATE_BREATHING_RATE,1.0000;4.0000,True,0.40036384016275356,1.4525032224152785,24.88579597397013,0,8.30415153503418
994,57.905590295791626,1770674619.9055903,breathing,14.953368470274103,AppState.ESTIMATE_BREATHING_RATE,1.0000;4.0000,True,0.5204729922115796,1.4238075065406972,24.77999277320661,1,8.30415153503418
995,57.958655834198,1770674619.9586558,breathing,14.898180626123882,AppState.ESTIMATE_BREATHING_RATE,1.0000;4.0000,True,0.5204729922115796,1.3997961982396225,24.67257130394114,1,8.30415153503418
996,58.001976013183594,1770674620.001976,breathing,14.843157653345441,AppState.ESTIMATE_BREATHING_RATE,1.0000;4.0000,True,0.5204729922115796,1.3787231218767952,24.56092487494986,1,8.30415153503418
997,58.05500793457031,1770674620.055008,breathing,14.788448207867447,AppState.ESTIMATE_BREATHING_RATE,1.0000;4.0000,True,0.5204729922115796,1.3807684667293654,24.441725101337553,1,8.30415153503418
998,58.10814547538757,1770674620.1081455,breathing,14.734160107873931,AppState.ESTIMATE_BREATHING_RATE,1.0000;4.0000,True,0.7606912963092318,1.3994897882604256,24.32501472400737,3,8.30415153503418
999,58.16109371185303,1770674620.1610937,breathing,14.680357167118684,AppState.ESTIMATE_BREATHING_RATE,1.0000;4.0000,True,0.7606912963092318,1.4484305265120463,24.225909865308317,3,8.30415153503418
1000,58.201728105545044,1770674620.201728,breathing,14.627057909450375,AppState.ESTIMATE_BREATHING_RATE,1.0000;4.0000,True,0.7606912963092318,1.4846693144431904,24.129213250561932,3,8.30415153503418
1001,58.255396366119385,1770674620.2553964,breathing,14.574260322608694,AppState.ESTIMATE_BREATHING_RATE,1.0000;4.0000,True,0.7606912963092318,1.5254136431512357,24.02959452580245,3,8.30415153503418
1002,58.30865144729614,1770674620.3086514,breathing,14.52190307569459,AppState.ESTIMATE_BREATHING_RATE,1.0000;4.0000,True,0.7606912963092318,1.5477207939186202,23.92753736135024,3,8.30415153503418
1003,58.36155939102173,1770674620.3615594,breathing,14.469884923402933,AppState.ESTIMATE_BREATHING_RATE,1.0000;4.0000,True,0.7606912963092318,1.5590731719754265,23.814700058394646,3,8.30415153503418
1004,58.404719829559326,1770674620.4047198,breathing,14.418076961480029,AppState.ESTIMATE_BREATHING_RATE,1.0000;4.0000,True,0.7606912963092318,1.5615913204471625,23.69463515058066,3,8.30415153503418
1005,58.45774507522583,1770674620.457745,breathing,14.36628386282593,AppState.ESTIMATE_BREATHING_RATE,1.0000;4.0000,True,0.7606912963092318,1.5554476003198938,23.57543810739502,3,8.30415153503418
1006,58.51066708564758,1770674620.510667,breathing,14.314336439405157,AppState.ESTIMATE_BREATHING_RATE,1.0000;4.0000,True,0.7606912963092318,1.5515006926259014,23.460493987360476,3,8.30415153503418
1007,58.57311153411865,1770674620.5731115,breathing,14.26206529885539,AppState.ESTIMATE_BREATHING_RATE,1.0000;4.0000,True,0.7606912963092318,1.5325574744811636,23.35971221045595,3,8.30415153503418
1008,58.606269121170044,1770674620.6062691,breathing,14.209334978718633,AppState.ESTIMATE_BREATHING_RATE,1.0000;4.0000,True,0.7606912963092318,1.5054004452839767,23.26447920478717,3,8.30415153503418
1009,58.65946412086487,1770674620.6594641,breathing,14.156012187674069,AppState.ESTIMATE_BREATHING_RATE,1.0000;4.0000,True,0.7606912963092318,1.464208019037676,23.17990067553434,3,8.30415153503418
1010,58.70249557495117,1770674620.7024956,breathing,14.102005126174868,AppState.ESTIMATE_BREATHING_RATE,1.0000;4.0000,True,0.6405821442604057,1.409972794860795,23.116091608722023,2,8.30415153503418
1011,58.755722761154175,1770674620.7557228,breathing,14.047231519640995,AppState.ESTIMATE_BREATHING_RATE,1.0000;4.0000,True,0.6405821442604057,1.3538199263471666,23.077353054983927,2,8.30415153503418
1012,58.80871343612671,1770674620.8087134,breathing,13.99163666313321,AppState.ESTIMATE_BREATHING_RATE,1.0000;4.0000,True,0.5204729922115796,1.3044447208451886,23.055919990093265,1,8.30415153503418
1013,58.85160040855408,1770674620.8516004,breathing,13.935189221181604,AppState.ESTIMATE_BREATHING_RATE,1.0000;4.0000,True,0.40036384016275356,1.2620222016673532,23.051177512309742,0,8.30415153503418
1014,58.904645681381226,1770674620.9046457,breathing,13.877894206618603,AppState.ESTIMATE_BREATHING_RATE,1.0000;4.0000,True,0.40036384016275356,1.228249596668599,23.05938435999201,0,8.30415153503418
1015,58.957664489746094,1770674620.9576645,breathing,13.819827005685044,AppState.ESTIMATE_BREATHING_RATE,1.0000;4.0000,True,0.40036384016275356,1.1995241247958515,23.07663853196267,0,8.30415153503418
1016,59.01051163673401,1770674621.0105116,breathing,13.761063816253177,AppState.ESTIMATE_BREATHING_RATE,1.0000;4.0000,True,0.40036384016275356,1.1707039033836313,23.09783286291686,0,8.30415153503418
1017,59.053417921066284,1770674621.053418,breathing,13.701745493073869,AppState.ESTIMATE_BREATHING_RATE,1.0000;4.0000,True,0.40036384016275356,1.1415343396074877,23.120166377389662,0,8.30415153503418
1018,59.106502294540405,1770674621.1065023,breathing,13.642060384245598,AppState.ESTIMATE_BREATHING_RATE,1.0000;4.0000,True,0.40036384016275356,1.1158427267458393,23.136213838288203,0,8.30415153503418
1019,59.15947723388672,1770674621.1594772,breathing,13.582212626884557,AppState.ESTIMATE_BREATHING_RATE,1.0000;4.0000,True,0.40036384016275356,1.1066985415310304,23.13786708832835,0,8.30415153503418
1020,59.206668853759766,1770674621.2066689,breathing,13.522451545772867,AppState.ESTIMATE_BREATHING_RATE,1.0000;4.0000,True,0.40036384016275356,1.1088247486771174,23.13303500459029,0,8.30415153503418
1021,59.26003050804138,1770674621.2600305,breathing,13.463022607684794,AppState.ESTIMATE_BREATHING_RATE,1.0000;4.0000,True,0.40036384016275356,1.1025733752967584,23.12565272637086,0,8.30415153503418
1022,59.30305004119873,1770674621.30305,breathing,13.404272470087253,AppState.ESTIMATE_BREATHING_RATE,1.0000;4.0000,True,0.40036384016275356,1.08911582809517,23.118410213415455,0,8.30415153503418
1023,59.356120586395264,1770674621.3561206,breathing,13.346416505206724,AppState.ESTIMATE_BREATHING_RATE,1.0000;4.0000,True,0.40036384016275356,1.070707453376601,23.112535773332112,0,8.30415153503418
1024,59.409175872802734,1770674621.4091759,breathing,13.289668291648056,AppState.ESTIMATE_BREATHING_RATE,1.0000;4.0000,True,0.40036384016275356,1.0492018178848015,23.110263591722735,0,8.30415153503418
1025,59.452165842056274,1770674621.4521658,breathing,13.234270332196909,AppState.ESTIMATE_BREATHING_RATE,1.0000;4.0000,True,0.40036384016275356,1.029117981797349,23.106382270508522,0,8.30415153503418
1026,59.50518584251404,1770674621.5051858,breathing,13.180430572953995,AppState.ESTIMATE_BREATHING_RATE,1.0000;4.0000,True,0.40036384016275356,1.007976490010207,23.096567314552356,0,8.30415153503418
1027,59.55838179588318,1770674621.5583818,breathing,13.128289752432519,AppState.ESTIMATE_BREATHING_RATE,1.0000;4.0000,True,0.40036384016275356,0.9858170147111104,23.074081609377373,0,8.30415153503418
1028,59.633288621902466,1770674621.6332886,breathing,13.077914891452934,AppState.ESTIMATE_BREATHING_RATE,1.0000;4.0000,True,0.40036384016275356,0.9724903913256713,23.04469702661644,0,8.30415153503418
1029,59.65636420249939,1770674621.6563642,breathing,13.029322193621603,AppState.ESTIMATE_BREATHING_RATE,1.0000;4.0000,True,0.40036384016275356,0.9780055069119954,23.020231219767073,0,8.30415153503418
1030,59.70957565307617,1770674621.7095757,breathing,12.982485815079036,AppState.ESTIMATE_BREATHING_RATE,1.0000;4.0000,True,0.40036384016275356,0.98109929903038,22.980312593832675,0,8.30415153503418
1031,59.75265908241272,1770674621.752659,breathing,12.937348178234089,AppState.ESTIMATE_BREATHING_RATE,1.0000;4.0000,True,0.40036384016275356,0.9826437740007657,22.937344415266654,0,8.30415153503418
1032,59.805888175964355,1770674621.8058882,breathing,12.893803269221378,AppState.ESTIMATE_BREATHING_RATE,1.0000;4.0000,True,0.40036384016275356,0.9958316175313362,22.909888981251203,0,8.30415153503418
1033,59.858887672424316,1770674621.8588877,breathing,12.795826095027106,AppState.ESTIMATE_BREATHING_RATE,1.0000;4.0000,True,0.40036384016275356,1.020599480154369,22.89444258509342,0,8.30415153503418
1034,59.90176749229431,1770674621.9017675,breathing,12.708315217142568,AppState.ESTIMATE_BREATHING_RATE,1.0000;4.0000,True,0.40036384016275356,1.0344097095008995,22.865143854112894,0,8.30415153503418
1035,59.954716205596924,1770674621.9547162,breathing,12.632923757752604,AppState.ESTIMATE_BREATHING_RATE,1.0000;4.0000,True,0.40036384016275356,1.0485247073998414,22.82270978114469,0,8.30415153503418
1036,60.00768566131592,1770674622.0076857,breathing,12.56727458335958,AppState.ESTIMATE_BREATHING_RATE,1.0000;4.0000,True,0.5204729922115796,1.082942419539149,22.794317176134662,1,8.30415153503418
1037,60.06069731712341,1770674622.0606973,breathing,12.509828081299403,AppState.ESTIMATE_BREATHING_RATE,1.0000;4.0000,True,0.5204729922115796,1.1187922941158788,22.795724618493463,1,8.30415153503418
1038,60.10371923446655,1770674622.1037192,breathing,12.459472709114172,AppState.ESTIMATE_BREATHING_RATE,1.0000;4.0000,True,0.5204729922115796,1.1635689725090645,22.825847633360887,1,8.30415153503418
1039,60.15675687789917,1770674622.1567569,breathing,12.415269844215686,AppState.ESTIMATE_BREATHING_RATE,1.0000;4.0000,True,0.5204729922115796,1.2272678690672008,22.876194436895076,1,8.30415153503418
1040,60.204983949661255,1770674622.204984,breathing,12.3764319990678,AppState.ESTIMATE_BREATHING_RATE,1.0000;4.0000,True,0.5204729922115796,1.2945256067823945,22.929191017075183,1,8.30415153503418
1041,60.25800395011902,1770674622.258004,breathing,12.342254771352048,AppState.ESTIMATE_BREATHING_RATE,1.0000;4.0000,True,0.5204729922115796,1.3388178960410553,22.95914341093525,1,8.30415153503418
1042,60.31112360954285,1770674622.3111236,breathing,12.312208091858567,AppState.ESTIMATE_BREATHING_RATE,1.0000;4.0000,True,0.5204729922115796,1.3691173614626535,22.984752193743613,1,8.30415153503418
1043,60.35421323776245,1770674622.3542132,breathing,12.285845777951408,AppState.ESTIMATE_BREATHING_RATE,1.0000;4.0000,True,0.5204729922115796,1.3803233887225654,23.01019894017238,1,8.30415153503418
1044,60.40729641914368,1770674622.4072964,breathing,12.262768280168542,AppState.ESTIMATE_BREATHING_RATE,1.0000;4.0000,True,0.40036384016275356,1.3858344598141255,23.04005380496933,0,8.30415153503418
1045,60.46038556098938,1770674622.4603856,breathing,12.242613247842899,AppState.ESTIMATE_BREATHING_RATE,1.0000;4.0000,True,0.40036384016275356,1.3777505249204394,23.072473324195535,0,8.30415153503418
1046,60.503249406814575,1770674622.5032494,breathing,12.225053045575157,AppState.ESTIMATE_BREATHING_RATE,1.0000;4.0000,True,0.40036384016275356,1.3688737118032166,23.104835839142407,0,8.30415153503418
1047,60.556485414505005,1770674622.5564854,breathing,12.209775426116016,AppState.ESTIMATE_BREATHING_RATE,1.0000;4.0000,True,0.40036384016275356,1.3718477744039972,23.134839805383596,0,8.30415153503418
1048,60.609471797943115,1770674622.6094718,breathing,12.196493633504815,AppState.ESTIMATE_BREATHING_RATE,1.0000;4.0000,True,0.40036384016275356,1.3835031660267605,23.158394861598246,0,8.30415153503418
1049,60.668753147125244,1770674622.6687531,breathing,12.18492565421251,AppState.ESTIMATE_BREATHING_RATE,1.0000;4.0000,True,0.40036384016275356,1.392052786831457,23.176452302377268,0,8.30415153503418
1050,60.70183348655701,1770674622.7018335,breathing,12.174793047344037,AppState.ESTIMATE_BREATHING_RATE,1.0000;4.0000,True,0.40036384016275356,1.415648480348329,23.185377425662274,0,8.30415153503418
1051,60.754961252212524,1770674622.7549613,breathing,12.165835310513337,AppState.ESTIMATE_BREATHING_RATE,1.0000;4.0000,True,0.40036384016275356,1.4479691339504162,23.181206637426335,0,8.30415153503418
1052,60.808398485183716,1770674622.8083985,breathing,12.157847002105022,AppState.ESTIMATE_BREATHING_RATE,1.0000;4.0000,True,0.40036384016275356,1.4690438884781227,23.169448719224103,0,8.30415153503418
1053,60.86158275604248,1770674622.8615828,breathing,12.150650368542482,AppState.ESTIMATE_BREATHING_RATE,1.0000;4.0000,True,0.40036384016275356,1.4762942378045911,23.15591629101428,0,8.30415153503418
1054,60.90457034111023,1770674622.9045703,breathing,12.144079807661518,AppState.ESTIMATE_BREATHING_RATE,1.0000;4.0000,True,0.40036384016275356,1.4787902727477773,23.136662317682738,0,8.30415153503418
1055,60.957520723342896,1770674622.9575207,breathing,12.138010881803995,AppState.ESTIMATE_BREATHING_RATE,1.0000;4.0000,True,0.40036384016275356,1.477137227631756,23.102024387412687,0,8.30415153503418
1056,61.010382652282715,1770674623.0103827,breathing,12.132340529237686,AppState.ESTIMATE_BREATHING_RATE,1.0000;4.0000,True,0.40036384016275356,1.4793842419757124,23.055283779111054,0,8.30415153503418
1057,61.053231954574585,1770674623.053232,breathing,12.127012289980089,AppState.ESTIMATE_BREATHING_RATE,1.0000;4.0000,True,0.40036384016275356,1.479925810202578,23.004023049859697,0,8.30415153503418
1058,61.10629940032959,1770674623.1062994,breathing,12.12199269689194,AppState.ESTIMATE_BREATHING_RATE,1.0000;4.0000,True,0.40036384016275356,1.4898775137775295,22.955905384349343,0,8.30415153503418
1059,61.159258127212524,1770674623.1592581,breathing,12.117269603450199,AppState.ESTIMATE_BREATHING_RATE,1.0000;4.0000,True,0.40036384016275356,1.489998928438929,22.918272101864154,0,8.30415153503418
1060,61.21017670631409,1770674623.2101767,breathing,12.112916300406297,AppState.ESTIMATE_BREATHING_RATE,1.0000;4.0000,True,0.5204729922115796,1.4718340370859937,22.887599014686828,1,8.30415153503418
1061,61.25312948226929,1770674623.2531295,breathing,12.108914466953397,AppState.ESTIMATE_BREATHING_RATE,1.0000;4.0000,True,0.5204729922115796,1.4457149737760489,22.859176774171317,1,8.30415153503418
1062,61.30629372596741,1770674623.3062937,breathing,12.105201063651645,AppState.ESTIMATE_BREATHING_RATE,1.0000;4.0000,True,0.7606912963092318,1.4108759739247045,22.823841212811505,3,8.30415153503418
1063,61.359435081481934,1770674623.359435,breathing,12.101786988158638,AppState.ESTIMATE_BREATHING_RATE,1.0000;4.0000,True,0.7606912963092318,1.3762849550690255,22.80611373831957,3,8.30415153503418
1064,61.402344942092896,1770674623.402345,breathing,12.098724714735772,AppState.ESTIMATE_BREATHING_RATE,1.0000;4.0000,True,0.7606912963092318,1.3436972191523064,22.801340030100512,3,8.30415153503418
1065,61.45548105239868,1770674623.455481,breathing,12.096061337908578,AppState.ESTIMATE_BREATHING_RATE,1.0000;4.0000,True,0.7606912963092318,1.3116656566397438,22.804186028549804,3,8.30415153503418
1066,61.508490800857544,1770674623.5084908,breathing,12.093823517011884,AppState.ESTIMATE_BREATHING_RATE,1.0000;4.0000,True,0.7606912963092318,1.2770771489186092,22.80713052647547,3,8.30415153503418
1067,61.55400347709656,1770674623.5540035,breathing,12.092060005839866,AppState.ESTIMATE_BREATHING_RATE,1.0000;4.0000,True,0.7606912963092318,1.2451262343898029,22.806817657493802,3,8.30415153503418
1068,61.60948061943054,1770674623.6094806,breathing,12.090813373074965,AppState.ESTIMATE_BREATHING_RATE,1.0000;4.0000,True,0.7606912963092318,1.2153149446163307,22.800698461448814,3,8.30415153503418
1069,61.65478730201721,1770674623.6547873,breathing,12.090120810492722,AppState.ESTIMATE_BREATHING_RATE,1.0000;4.0000,True,0.7606912963092318,1.1887263493261675,22.78569779665432,3,8.30415153503418
1070,61.74081230163574,1770674623.7408123,breathing,12.090027395757582,AppState.ESTIMATE_BREATHING_RATE,1.0000;4.0000,True,0.7606912963092318,1.171174004956581,22.754317365515654,3,8.30415153503418
1071,61.75517010688782,1770674623.75517,breathing,12.090519641307369,AppState.ESTIMATE_BREATHING_RATE,1.0000;4.0000,True,0.7606912963092318,1.1598412806073084,22.708317150621227,3,8.30415153503418
1072,61.80985140800476,1770674623.8098514,breathing,12.091577050821478,AppState.ESTIMATE_BREATHING_RATE,1.0000;4.0000,True,0.7606912963092318,1.1562485228041826,22.648983433537037,3,8.30415153503418
1073,61.85473656654358,1770674623.8547366,breathing,12.093182239096144,AppState.ESTIMATE_BREATHING_RATE,1.0000;4.0000,True,0.7606912963092318,1.1539061126936134,22.57635090575211,3,8.30415153503418
1074,61.91214895248413,1770674623.912149,breathing,12.095311928668508,AppState.ESTIMATE_BREATHING_RATE,1.0000;4.0000,True,0.7606912963092318,1.1525612053035275,22.49030176965325,3,8.30415153503418
1075,61.95746898651123,1770674623.957469,breathing,12.097908331585213,AppState.ESTIMATE_BREATHING_RATE,1.0000;4.0000,True,0.6405821442604057,1.1559547991994812,22.392859257591667,2,8.30415153503418
1076,62.01298522949219,1770674624.0129852,breathing,12.100943655068159,AppState.ESTIMATE_BREATHING_RATE,1.0000;4.0000,True,0.6405821442604057,1.157774652051028,22.288184228389653,2,8.30415153503418
1077,62.05781674385071,1770674624.0578167,breathing,12.104352049394189,AppState.ESTIMATE_BREATHING_RATE,1.0000;4.0000,True,0.6405821442604057,1.1599098057985948,22.18072244829651,2,8.30415153503418
1078,62.11286664009094,1770674624.1128666,breathing,12.108091346879444,AppState.ESTIMATE_BREATHING_RATE,1.0000;4.0000,True,0.5204729922115796,1.1581702029195975,22.071261174457597,1,8.30415153503418
1079,62.1581494808197,1770674624.1581495,breathing,12.11209814382177,AppState.ESTIMATE_BREATHING_RATE,1.0000;4.0000,True,0.5204729922115796,1.152957877873658,21.958878801821285,1,8.30415153503418
1080,62.2085497379303,1770674624.2085497,breathing,12.116311896222275,AppState.ESTIMATE_BREATHING_RATE,1.0000;4.0000,True,0.40036384016275356,1.1545501403876401,21.846214893695898,0,8.30415153503418
1081,62.253973960876465,1770674624.253974,breathing,12.120709524026053,AppState.ESTIMATE_BREATHING_RATE,1.0000;4.0000,True,0.40036384016275356,1.1601153905768695,21.73865518423081,0,8.30415153503418
1082,62.30966401100159,1770674624.309664,breathing,12.125251740539058,AppState.ESTIMATE_BREATHING_RATE,1.0000;4.0000,True,0.40036384016275356,1.159752667571446,21.638793381338782,0,8.30415153503418
1083,62.35514950752258,1770674624.3551495,breathing,12.129880053348607,AppState.ESTIMATE_BREATHING_RATE,1.0000;4.0000,True,0.40036384016275356,1.170667771792346,21.54526410430079,0,8.30415153503418
1084,62.410746812820435,1770674624.4107468,breathing,12.134553503461605,AppState.ESTIMATE_BREATHING_RATE,1.0000;4.0000,True,0.40036384016275356,1.1876841646703373,21.462458199589268,0,8.30415153503418
1085,62.45627999305725,1770674624.45628,breathing,12.139265005164063,AppState.ESTIMATE_BREATHING_RATE,1.0000;4.0000,True,0.40036384016275356,1.193070992775599,21.375772701184772,0,8.30415153503418
1086,62.511730909347534,1770674624.511731,breathing,12.144001066804393,AppState.ESTIMATE_BREATHING_RATE,1.0000;4.0000,True,0.40036384016275356,1.190670540866617,21.282860055347307,0,8.30415153503418
1087,62.55765652656555,1770674624.5576565,breathing,12.14877545574173,AppState.ESTIMATE_BREATHING_RATE,1.0000;4.0000,True,0.40036384016275356,1.1951727785621904,21.188296212359763,0,8.30415153503418
1088,62.613158226013184,1770674624.6131582,breathing,12.153520179128355,AppState.ESTIMATE_BREATHING_RATE,1.0000;4.0000,True,0.40036384016275356,1.2077263545432428,21.104048810745397,0,8.30415153503418
1089,62.658456325531006,1770674624.6584563,breathing,12.158198386097565,AppState.ESTIMATE_BREATHING_RATE,1.0000;4.0000,True,0.40036384016275356,1.2189547937609864,21.029658744218192,0,8.30415153503418
1090,62.7038311958313,1770674624.7038312,breathing,12.162799827556498,AppState.ESTIMATE_BREATHING_RATE,1.0000;4.0000,True,0.40036384016275356,1.228838426468179,20.95672935072906,0,8.30415153503418
1091,62.79111409187317,1770674624.791114,breathing,12.16732422949945,AppState.ESTIMATE_BREATHING_RATE,1.0000;4.0000,True,0.40036384016275356,1.2288308846129186,20.875623010065933,0,8.30415153503418
1092,62.8065128326416,1770674624.8065128,breathing,12.171751466131965,AppState.ESTIMATE_BREATHING_RATE,1.0000;4.0000,True,0.6405821442604057,1.219382076887348,20.78949273147135,2,8.30415153503418
1093,62.86118531227112,1770674624.8611853,breathing,12.176081225848977,AppState.ESTIMATE_BREATHING_RATE,1.0000;4.0000,True,0.6405821442604057,1.2182880764275996,20.697533476555375,2,8.30415153503418
1094,62.90538215637207,1770674624.9053822,breathing,12.180420350821214,AppState.ESTIMATE_BREATHING_RATE,1.0000;4.0000,True,0.6405821442604057,1.221773880747945,20.614696580480125,2,8.30415153503418
1095,62.96100640296936,1770674624.9610064,breathing,12.184758731794016,AppState.ESTIMATE_BREATHING_RATE,1.0000;4.0000,True,0.6405821442604057,1.227778601845741,20.52349276037189,2,8.30415153503418
1096,63.007391929626465,1770674625.007392,breathing,12.189155435352838,AppState.ESTIMATE_BREATHING_RATE,1.0000;4.0000,True,0.6405821442604057,1.2395193840136578,20.43065881764614,2,8.30415153503418
1097,63.062936544418335,1770674625.0629365,breathing,12.193642880309579,AppState.ESTIMATE_BREATHING_RATE,1.0000;4.0000,True,0.6405821442604057,1.24564043977799,20.35020118409238,2,8.30415153503418
1098,63.108129024505615,1770674625.108129,breathing,12.198212070020054,AppState.ESTIMATE_BREATHING_RATE,1.0000;4.0000,True,0.6405821442604057,1.2402214928425257,20.289689205696927,2,8.30415153503418
1099,63.163060426712036,1770674625.1630604,breathing,12.202857435593288,AppState.ESTIMATE_BREATHING_RATE,1.0000;4.0000,True,0.6405821442604057,1.2343705240676368,20.255879660157426,2,8.30415153503418
1100,63.21324849128723,1770674625.2132485,breathing,12.20763623538569,AppState.ESTIMATE_BREATHING_RATE,1.0000;4.0000,True,0.6405821442604057,1.2224923092565536,20.238451173447288,2,8.30415153503418
1101,63.25870203971863,1770674625.258702,breathing,12.21247725364694,AppState.ESTIMATE_BREATHING_RATE,1.0000;4.0000,True,0.6405821442604057,1.2108440222389683,20.238315705861037,2,8.30415153503418
1102,63.30534291267395,1770674625.305343,breathing,12.217545903252635,AppState.ESTIMATE_BREATHING_RATE,1.0000;4.0000,True,0.6405821442604057,1.193018135922593,20.24168176651091,2,8.30415153503418
1103,63.36071586608887,1770674625.3607159,breathing,12.222867801273976,AppState.ESTIMATE_BREATHING_RATE,1.0000;4.0000,True,0.6405821442604057,1.173980709967653,20.2271111695321,2,8.30415153503418
1104,63.405608892440796,1770674625.405609,breathing,12.228362080293964,AppState.ESTIMATE_BREATHING_RATE,1.0000;4.0000,True,0.6405821442604057,1.1657759161671821,20.21566783507918,2,8.30415153503418
1105,63.46119403839111,1770674625.461194,breathing,12.234052776879954,AppState.ESTIMATE_BREATHING_RATE,1.0000;4.0000,True,0.6405821442604057,1.1662323038984304,20.219697667058323,2,8.30415153503418
1106,63.50654435157776,1770674625.5065444,breathing,12.239947744878858,AppState.ESTIMATE_BREATHING_RATE,1.0000;4.0000,True,0.6405821442604057,1.1797347485306198,20.241451196811134,2,8.30415153503418
1107,63.56224608421326,1770674625.562246,breathing,12.2460354118165,AppState.ESTIMATE_BREATHING_RATE,1.0000;4.0000,True,0.6405821442604057,1.2044486845746434,20.277177356371354,2,8.30415153503418
1108,63.60785937309265,1770674625.6078594,breathing,12.252283655667826,AppState.ESTIMATE_BREATHING_RATE,1.0000;4.0000,True,0.6405821442604057,1.238216429098952,20.325631612573606,2,8.30415153503418
1109,63.663527727127075,1770674625.6635277,breathing,12.258677001707712,AppState.ESTIMATE_BREATHING_RATE,1.0000;4.0000,True,0.6405821442604057,1.265620165466815,20.381290876250628,2,8.30415153503418
1110,63.70907235145569,1770674625.7090724,breathing,12.265162146756959,AppState.ESTIMATE_BREATHING_RATE,1.0000;4.0000,True,0.6405821442604057,1.2929228253373715,20.436961226463673,2,8.30415153503418
1111,63.75445508956909,1770674625.754455,breathing,12.271650198220819,AppState.ESTIMATE_BREATHING_RATE,1.0000;4.0000,True,0.6405821442604057,1.3155169360798127,20.481192949262333,2,8.30415153503418
1112,63.84291172027588,1770674625.8429117,breathing,12.278096523878094,AppState.ESTIMATE_BREATHING_RATE,1.0000;4.0000,True,0.6405821442604057,1.3261174777013474,20.50515155956709,2,8.30415153503418
1113,63.8573157787323,1770674625.8573158,breathing,12.284441700328129,AppState.ESTIMATE_BREATHING_RATE,1.0000;4.0000,True,0.6405821442604057,1.3281125679848198,20.515990343987546,2,8.30415153503418
1114,63.91159749031067,1770674625.9115975,breathing,12.290697707937445,AppState.ESTIMATE_BREATHING_RATE,1.0000;4.0000,True,0.6405821442604057,1.311972197976199,20.526236850404374,2,8.30415153503418
1115,63.957087993621826,1770674625.957088,breathing,12.296925546695233,AppState.ESTIMATE_BREATHING_RATE,1.0000;4.0000,True,0.6405821442604057,1.3047298214988539,20.524316990361424,2,8.30415153503418
1116,64.01297044754028,1770674626.0129704,breathing,12.303109730411482,AppState.ESTIMATE_BREATHING_RATE,1.0000;4.0000,True,0.6405821442604057,1.3089090800353962,20.513028885417093,2,8.30415153503418
1117,64.05850338935852,1770674626.0585034,breathing,12.309191085001796,AppState.ESTIMATE_BREATHING_RATE,1.0000;4.0000,True,0.6405821442604057,1.3121401738498601,20.505604851325423,2,8.30415153503418
1118,64.1039354801178,1770674626.1039355,breathing,12.315101554412044,AppState.ESTIMATE_BREATHING_RATE,1.0000;4.0000,True,0.6405821442604057,1.3229579808952887,20.4981994509819,2,8.30415153503418
1119,64.15939807891846,1770674626.159398,breathing,12.320845771907234,AppState.ESTIMATE_BREATHING_RATE,1.0000;4.0000,True,0.6405821442604057,1.3277804358844454,20.484563452371738,2,8.30415153503418
1120,64.21342515945435,1770674626.2134252,breathing,12.326503947154285,AppState.ESTIMATE_BREATHING_RATE,1.0000;4.0000,True,0.6405821442604057,1.3266374835086394,20.46404020231729,2,8.30415153503418
1121,64.25889229774475,1770674626.2588923,breathing,12.332159098763794,AppState.ESTIMATE_BREATHING_RATE,1.0000;4.0000,True,0.6405821442604057,1.3443806713500992,20.441945300788973,2,8.30415153503418
1122,64.30496907234192,1770674626.304969,breathing,12.337847426196246,AppState.ESTIMATE_BREATHING_RATE,1.0000;4.0000,True,0.6405821442604057,1.3841457440616987,20.436601151164876,2,8.30415153503418
1123,64.36073660850525,1770674626.3607366,breathing,12.343254711321014,AppState.ESTIMATE_BREATHING_RATE,1.0000;4.0000,True,0.6405821442604057,1.4294028048850849,20.47397257438653,2,8.30415153503418
1124,64.40620350837708,1770674626.4062035,breathing,12.348407594624975,AppState.ESTIMATE_BREATHING_RATE,1.0000;4.0000,True,0.6405821442604057,1.5119119712570248,20.54014482567208,2,8.30415153503418
1125,64.46179866790771,1770674626.4617987,breathing,12.35338437296225,AppState.ESTIMATE_BREATHING_RATE,1.0000;4.0000,True,0.6405821442604057,1.583290364810319,20.606287478315828,2,8.30415153503418
1126,64.5070412158966,1770674626.5070412,breathing,12.358294327564638,AppState.ESTIMATE_BREATHING_RATE,1.0000;4.0000,True,0.5204729922115796,1.6274538916718706,20.661999265440105,1,8.30415153503418
1127,64.56285405158997,1770674626.562854,breathing,12.363215272752209,AppState.ESTIMATE_BREATHING_RATE,1.0000;4.0000,True,0.5204729922115796,1.67566081580736,20.706310867241754,1,8.30415153503418
1128,64.608389377594,1770674626.6083894,breathing,12.368169715557011,AppState.ESTIMATE_BREATHING_RATE,1.0000;4.0000,True,0.5204729922115796,1.694936361337636,20.738313545594817,1,8.30415153503418
1129,64.65368890762329,1770674626.653689,breathing,12.373238870948605,AppState.ESTIMATE_BREATHING_RATE,1.0000;4.0000,True,0.5204729922115796,1.706357679887838,20.747443678718692,1,8.30415153503418
1130,64.70933794975281,1770674626.709338,breathing,12.378519398757174,AppState.ESTIMATE_BREATHING_RATE,1.0000;4.0000,True,0.5204729922115796,1.70568812103567,20.742533647995888,1,8.30415153503418
1131,64.75474667549133,1770674626.7547467,breathing,12.384027363690087,AppState.ESTIMATE_BREATHING_RATE,1.0000;4.0000,True,0.40036384016275356,1.7143662838874663,20.71996215522438,0,8.30415153503418
1132,64.81017589569092,1770674626.810176,breathing,12.38985718315939,AppState.ESTIMATE_BREATHING_RATE,1.0000;4.0000,True,0.5204729922115796,1.7246243589075982,20.682227665149554,1,8.30415153503418
1133,64.88892769813538,1770674626.8889277,breathing,12.395963992998004,AppState.ESTIMATE_BREATHING_RATE,1.0000;4.0000,True,0.5204729922115796,1.7107332209568367,20.644073509600243,1,8.30415153503418
1134,64.90442633628845,1770674626.9044263,breathing,12.402374102638467,AppState.ESTIMATE_BREATHING_RATE,1.0000;4.0000,True,0.5204729922115796,1.6802345621161057,20.619420680133743,1,8.30415153503418
1135,64.95888566970825,1770674626.9588857,breathing,12.409200541879066,AppState.ESTIMATE_BREATHING_RATE,1.0000;4.0000,True,0.5204729922115796,1.660580530225773,20.59062204091412,1,8.30415153503418
1136,65.00299906730652,1770674627.002999,breathing,12.416538824179874,AppState.ESTIMATE_BREATHING_RATE,1.0000;4.0000,True,0.5204729922115796,1.6346076767005613,20.551886040854804,1,8.30415153503418
1137,65.05871176719666,1770674627.0587118,breathing,12.424408805522436,AppState.ESTIMATE_BREATHING_RATE,1.0000;4.0000,True,0.5204729922115796,1.618424820540375,20.512074870973148,1,8.30415153503418
1138,65.10423970222473,1770674627.1042397,breathing,12.432814616228846,AppState.ESTIMATE_BREATHING_RATE,1.0000;4.0000,True,0.5204729922115796,1.6095221301094171,20.47014659736705,1,8.30415153503418
1139,65.15996408462524,1770674627.159964,breathing,12.441723024367409,AppState.ESTIMATE_BREATHING_RATE,1.0000;4.0000,True,0.5204729922115796,1.6113689300140552,20.428474336517105,1,8.30415153503418
1140,65.20995235443115,1770674627.2099524,breathing,12.451027486544866,AppState.ESTIMATE_BREATHING_RATE,1.0000;4.0000,True,0.6405821442604057,1.6188186426884592,20.382512711313847,2,8.30415153503418
1141,65.25544762611389,1770674627.2554476,breathing,12.460710349388563,AppState.ESTIMATE_BREATHING_RATE,1.0000;4.0000,True,0.6405821442604057,1.6284512148720187,20.341191825832006,2,8.30415153503418
1142,65.31055307388306,1770674627.310553,breathing,12.470690549942947,AppState.ESTIMATE_BREATHING_RATE,1.0000;4.0000,True,0.6405821442604057,1.6306420779192214,20.293059122863113,2,8.30415153503418
1143,65.35556149482727,1770674627.3555615,breathing,12.480917735857933,AppState.ESTIMATE_BREATHING_RATE,1.0000;4.0000,True,0.6405821442604057,1.639475832231718,20.265368864705966,2,8.30415153503418
1144,65.41109895706177,1770674627.411099,breathing,12.491398804759637,AppState.ESTIMATE_BREATHING_RATE,1.0000;4.0000,True,0.6405821442604057,1.6703377403956348,20.262812809049517,2,8.30415153503418
1145,65.45660471916199,1770674627.4566047,breathing,12.501914005870404,AppState.ESTIMATE_BREATHING_RATE,1.0000;4.0000,True,0.6405821442604057,1.6984003728765087,20.256049671369915,2,8.30415153503418
1146,65.51204442977905,1770674627.5120444,breathing,12.512369233522014,AppState.ESTIMATE_BREATHING_RATE,1.0000;4.0000,True,0.6405821442604057,1.7228466267512808,20.232032511653085,2,8.30415153503418
1147,65.55790519714355,1770674627.5579052,breathing,12.522659292950841,AppState.ESTIMATE_BREATHING_RATE,1.0000;4.0000,True,0.6405821442604057,1.7355685887069476,20.19905832924643,2,8.30415153503418
1148,65.61337924003601,1770674627.6133792,breathing,12.532672495454701,AppState.ESTIMATE_BREATHING_RATE,1.0000;4.0000,True,0.6405821442604057,1.7377172468669217,20.163424196422106,2,8.30415153503418
1149,65.65919899940491,1770674627.659199,breathing,12.54240082078891,AppState.ESTIMATE_BREATHING_RATE,1.0000;4.0000,True,0.6405821442604057,1.7406742526175232,20.11497783910865,2,8.30415153503418
1150,65.70482921600342,1770674627.7048292,breathing,12.55175591109906,AppState.ESTIMATE_BREATHING_RATE,1.0000;4.0000,True,0.6405821442604057,1.7440300949215795,20.066349000597345,2,8.30415153503418
1151,65.76025128364563,1770674627.7602513,breathing,12.560725312553702,AppState.ESTIMATE_BREATHING_RATE,1.0000;4.0000,True,0.6405821442604057,1.7440893455869766,20.021580812751285,2,8.30415153503418
1152,65.80550742149353,1770674627.8055074,breathing,12.569339431036889,AppState.ESTIMATE_BREATHING_RATE,1.0000;4.0000,True,0.6405821442604057,1.7331280265897504,19.982347657926006,2,8.30415153503418
1153,65.86116790771484,1770674627.861168,breathing,12.57770443706123,AppState.ESTIMATE_BREATHING_RATE,1.0000;4.0000,True,0.6405821442604057,1.7157792582523235,19.940795341222714,2,8.30415153503418
1154,65.94035267829895,1770674627.9403527,breathing,12.585884320423025,AppState.ESTIMATE_BREATHING_RATE,1.0000;4.0000,True,0.6405821442604057,1.7027430767545801,19.894325908147866,2,8.30415153503418
1155,65.9558629989624,1770674627.955863,breathing,12.593940788437575,AppState.ESTIMATE_BREATHING_RATE,1.0000;4.0000,True,0.6405821442604057,1.6930189662289785,19.84973102214876,2,8.30415153503418
1156,66.01027798652649,1770674628.010278,breathing,12.601914884080944,AppState.ESTIMATE_BREATHING_RATE,1.0000;4.0000,True,0.6405821442604057,1.6865318650778407,19.811611437135838,2,8.30415153503418
1157,66.05437183380127,1770674628.0543718,breathing,12.609921505809975,AppState.ESTIMATE_BREATHING_RATE,1.0000;4.0000,True,0.6405821442604057,1.6819815134126452,19.768950420791754,2,8.30415153503418
1158,66.11007928848267,1770674628.1100793,breathing,12.618052584478468,AppState.ESTIMATE_BREATHING_RATE,1.0000;4.0000,True,0.6405821442604057,1.685930039547527,19.714788588720754,2,8.30415153503418
1159,66.15568828582764,1770674628.1556883,breathing,12.626335881331958,AppState.ESTIMATE_BREATHING_RATE,1.0000;4.0000,True,0.6405821442604057,1.6928256444489682,19.65057725678254,2,8.30415153503418
1160,66.20758700370789,1770674628.207587,breathing,12.634814397461016,AppState.ESTIMATE_BREATHING_RATE,1.0000;4.0000,True,0.6405821442604057,1.7057275330772954,19.594510455559327,2,8.30415153503418
1161,66.26316666603088,1770674628.2631667,breathing,12.64356633163484,AppState.ESTIMATE_BREATHING_RATE,1.0000;4.0000,True,0.6405821442604057,1.719522513516513,19.552438719304046,2,8.30415153503418
1162,66.30947256088257,1770674628.3094726,breathing,12.652685163718457,AppState.ESTIMATE_BREATHING_RATE,1.0000;4.0000,True,0.6405821442604057,1.7292057335412747,19.52069722495436,2,8.30415153503418
1163,66.35496854782104,1770674628.3549685,breathing,12.662226586955162,AppState.ESTIMATE_BREATHING_RATE,1.0000;4.0000,True,0.6405821442604057,1.7457334331720362,19.491448741452473,2,8.30415153503418
1164,66.41060066223145,1770674628.4106007,breathing,12.672305246139567,AppState.ESTIMATE_BREATHING_RATE,1.0000;4.0000,True,0.6405821442604057,1.7687106968525954,19.472518821930162,2,8.30415153503418
1165,66.45608401298523,1770674628.456084,breathing,12.682980595399696,AppState.ESTIMATE_BREATHING_RATE,1.0000;4.0000,True,0.6405821442604057,1.794491764464556,19.46400725639857,2,8.30415153503418
1166,66.51158952713013,1770674628.5115895,breathing,12.694198916484108,AppState.ESTIMATE_BREATHING_RATE,1.0000;4.0000,True,0.6405821442604057,1.8222507783092345,19.451977390946237,2,8.30415153503418
1167,66.55759048461914,1770674628.5575905,breathing,12.70604282277485,AppState.ESTIMATE_BREATHING_RATE,1.0000;4.0000,True,0.6405821442604057,1.8379674285838417,19.427801954720433,2,8.30415153503418
1168,66.61317920684814,1770674628.6131792,breathing,12.718520837636282,AppState.ESTIMATE_BREATHING_RATE,1.0000;4.0000,True,0.6405821442604057,1.850485062876167,19.40798418956947,2,8.30415153503418
1169,66.65854525566101,1770674628.6585453,breathing,12.73148895435968,AppState.ESTIMATE_BREATHING_RATE,1.0000;4.0000,True,0.6405821442604057,1.8759636674319378,19.394171814314717,2,8.30415153503418
1170,66.70407223701477,1770674628.7040722,breathing,12.744854798461574,AppState.ESTIMATE_BREATHING_RATE,1.0000;4.0000,True,0.6405821442604057,1.913872187806686,19.37610554195703,2,8.30415153503418
1171,66.7595465183258,1770674628.7595465,breathing,12.758382068109091,AppState.ESTIMATE_BREATHING_RATE,1.0000;4.0000,True,0.6405821442604057,1.927500573294418,19.352337024324505,2,8.30415153503418
1172,66.80482053756714,1770674628.8048205,breathing,12.771992282186757,AppState.ESTIMATE_BREATHING_RATE,1.0000;4.0000,True,0.6405821442604057,1.913348367884556,19.33934366053289,2,8.30415153503418
1173,66.86022019386292,1770674628.8602202,breathing,12.785492112495932,AppState.ESTIMATE_BREATHING_RATE,1.0000;4.0000,True,0.6405821442604057,1.8809167250294883,19.346731638475774,2,8.30415153503418
1174,66.90646314620972,1770674628.9064631,breathing,12.798624111764084,AppState.ESTIMATE_BREATHING_RATE,1.0000;4.0000,True,0.6405821442604057,1.8450691877282903,19.369912428377706,2,8.30415153503418
1175,66.98984861373901,1770674628.9898486,breathing,12.81115851564854,AppState.ESTIMATE_BREATHING_RATE,1.0000;4.0000,True,0.6405821442604057,1.8005264319355316,19.383675507935628,2,8.30415153503418
1176,67.0030734539032,1770674629.0030735,breathing,12.822891858145098,AppState.ESTIMATE_BREATHING_RATE,1.0000;4.0000,True,0.6405821442604057,1.7789129272077129,19.388112253834993,2,8.30415153503418
1177,67.05637836456299,1770674629.0563784,breathing,12.833595270893879,AppState.ESTIMATE_BREATHING_RATE,1.0000;4.0000,True,0.6405821442604057,1.7926577350457025,19.395284823066078,2,8.30415153503418
1178,67.10959148406982,1770674629.1095915,breathing,12.843095751121295,AppState.ESTIMATE_BREATHING_RATE,1.0000;4.0000,True,0.6405821442604057,1.8060655125005918,19.396777154477917,2,8.30415153503418
1179,67.15255117416382,1770674629.1525512,breathing,12.851342950005325,AppState.ESTIMATE_BREATHING_RATE,1.0000;4.0000,True,0.6405821442604057,1.8331302633769888,19.399194628944073,2,8.30415153503418
1180,67.20238304138184,1770674629.202383,breathing,12.85829395997535,AppState.ESTIMATE_BREATHING_RATE,1.0000;4.0000,True,0.6405821442604057,1.8614832117019484,19.396785669700712,2,8.30415153503418
1181,67.25547194480896,1770674629.255472,breathing,12.864111939602209,AppState.ESTIMATE_BREATHING_RATE,1.0000;4.0000,True,0.6405821442604057,1.8849142569012556,19.39025045175662,2,8.30415153503418
1182,67.30895566940308,1770674629.3089557,breathing,12.868996904674129,AppState.ESTIMATE_BREATHING_RATE,1.0000;4.0000,True,0.6405821442604057,1.9008123152721932,19.377437995213434,2,8.30415153503418
1183,67.35194945335388,1770674629.3519495,breathing,12.873125100320207,AppState.ESTIMATE_BREATHING_RATE,1.0000;4.0000,True,0.6405821442604057,1.908405650644493,19.36138371217344,2,8.30415153503418
1184,67.40503644943237,1770674629.4050364,breathing,12.87684341990378,AppState.ESTIMATE_BREATHING_RATE,1.0000;4.0000,True,0.6405821442604057,1.9249295193490168,19.33616731021347,2,8.30415153503418
1185,67.4581253528595,1770674629.4581254,breathing,12.880436671325251,AppState.ESTIMATE_BREATHING_RATE,1.0000;4.0000,True,0.6405821442604057,1.9420461339300288,19.299820479923508,2,8.30415153503418
1186,67.51107025146484,1770674629.5110703,breathing,12.884203445102465,AppState.ESTIMATE_BREATHING_RATE,1.0000;4.0000,True,0.6405821442604057,1.9661676547212183,19.253946686068105,2,8.30415153503418
1187,67.55418992042542,1770674629.55419,breathing,12.888452672447734,AppState.ESTIMATE_BREATHING_RATE,1.0000;4.0000,True,0.6405821442604057,1.9807568742785184,19.207119506549898,2,8.30415153503418
1188,67.60714602470398,1770674629.607146,breathing,12.893241784822296,AppState.ESTIMATE_BREATHING_RATE,1.0000;4.0000,True,0.6405821442604057,1.9787181595578747,19.158796163076932,2,8.30415153503418
1189,67.66015791893005,1770674629.660158,breathing,12.898788609683832,AppState.ESTIMATE_BREATHING_RATE,1.0000;4.0000,True,0.6405821442604057,1.983099576718288,19.111341478728658,2,8.30415153503418
1190,67.70312166213989,1770674629.7031217,breathing,12.905473146097227,AppState.ESTIMATE_BREATHING_RATE,1.0000;4.0000,True,0.6405821442604057,1.9868049572372912,19.06659889249002,2,8.30415153503418
1191,67.75633835792542,1770674629.7563384,breathing,12.913446795923948,AppState.ESTIMATE_BREATHING_RATE,1.0000;4.0000,True,0.6405821442604057,1.9799726633976231,19.00996429541928,2,8.30415153503418
1192,67.80926465988159,1770674629.8092647,breathing,12.92285522709761,AppState.ESTIMATE_BREATHING_RATE,1.0000;4.0000,True,0.5204729922115796,1.976713732544277,18.955626682689356,1,8.30415153503418
1193,67.85220909118652,1770674629.852209,breathing,12.933757933344287,AppState.ESTIMATE_BREATHING_RATE,1.0000;4.0000,True,0.5204729922115796,1.9641467034974638,18.90796266898802,1,8.30415153503418
1194,67.90526509284973,1770674629.905265,breathing,12.94609701856323,AppState.ESTIMATE_BREATHING_RATE,1.0000;4.0000,True,0.5204729922115796,1.941649016251636,18.862193307280616,1,8.30415153503418
1195,67.9581778049469,1770674629.9581778,breathing,12.959728370911069,AppState.ESTIMATE_BREATHING_RATE,1.0000;4.0000,True,0.6405821442604057,1.927185637450693,18.80822999635858,2,8.30415153503418
1196,68.03837251663208,1770674630.0383725,breathing,12.974465629665787,AppState.ESTIMATE_BREATHING_RATE,1.0000;4.0000,True,0.6405821442604057,1.92837938676203,18.753226155647422,2,8.30415153503418
1197,68.06212759017944,1770674630.0621276,breathing,12.990094790434087,AppState.ESTIMATE_BREATHING_RATE,1.0000;4.0000,True,0.6405821442604057,1.9357948079673304,18.699530138243777,2,8.30415153503418
1198,68.10532832145691,1770674630.1053283,breathing,13.006396979413658,AppState.ESTIMATE_BREATHING_RATE,1.0000;4.0000,True,0.5204729922115796,1.9370115054172643,18.643203687914816,1,8.30415153503418
1199,68.15846014022827,1770674630.1584601,breathing,13.023152395328523,AppState.ESTIMATE_BREATHING_RATE,1.0000;4.0000,True,0.5204729922115796,1.9391238883814692,18.59765380621067,1,8.30415153503418
1200,68.20602822303772,1770674630.2060282,breathing,13.04015519621188,AppState.ESTIMATE_BREATHING_RATE,1.0000;4.0000,True,0.5204729922115796,1.9488054578219427,18.56562196322514,1,8.30415153503418
1201,68.25903558731079,1770674630.2590356,breathing,13.057205690121183,AppState.ESTIMATE_BREATHING_RATE,1.0000;4.0000,True,0.5204729922115796,1.9633211198747842,18.545581582948092,1,8.30415153503418
1202,68.30236911773682,1770674630.302369,breathing,13.074157898516795,AppState.ESTIMATE_BREATHING_RATE,1.0000;4.0000,True,0.5204729922115796,1.9824937014222797,18.512616571590243,1,8.30415153503418
1203,68.35561680793762,1770674630.3556168,breathing,13.09091351007715,AppState.ESTIMATE_BREATHING_RATE,1.0000;4.0000,True,0.5204729922115796,1.9735655134036285,18.49817203633301,1,8.30415153503418
1204,68.40873789787292,1770674630.408738,breathing,13.107433373515969,AppState.ESTIMATE_BREATHING_RATE,1.0000;4.0000,True,0.6405821442604057,1.9630684226471646,18.48009036991931,2,8.30415153503418
1205,68.45170664787292,1770674630.4517066,breathing,13.123732166015076,AppState.ESTIMATE_BREATHING_RATE,1.0000;4.0000,True,0.6405821442604057,1.9481638140392838,18.465221930096963,2,8.30415153503418
1206,68.50495624542236,1770674630.5049562,breathing,13.139862744279046,AppState.ESTIMATE_BREATHING_RATE,1.0000;4.0000,True,0.6405821442604057,1.9324784210367318,18.466537183684192,2,8.30415153503418
1207,68.55813074111938,1770674630.5581307,breathing,13.155901634618234,AppState.ESTIMATE_BREATHING_RATE,1.0000;4.0000,True,0.6405821442604057,1.8967629530607093,18.482104535722506,2,8.30415153503418
1208,68.61110854148865,1770674630.6111085,breathing,13.17194528091247,AppState.ESTIMATE_BREATHING_RATE,1.0000;4.0000,True,0.6405821442604057,1.8653147589854462,18.498399954916188,2,8.30415153503418
1209,68.65398097038269,1770674630.653981,breathing,13.18808994757521,AppState.ESTIMATE_BREATHING_RATE,1.0000;4.0000,True,0.6405821442604057,1.8386410688173478,18.505080324565544,2,8.30415153503418
1210,68.70714926719666,1770674630.7071493,breathing,13.204427510047909,AppState.ESTIMATE_BREATHING_RATE,1.0000;4.0000,True,0.6405821442604057,1.8076758775137236,18.502374508850004,2,8.30415153503418
1211,68.760174036026,1770674630.760174,breathing,13.221032990569958,AppState.ESTIMATE_BREATHING_RATE,1.0000;4.0000,True,0.6405821442604057,1.7800391904819968,18.48922099010637,2,8.30415153503418
1212,68.80295372009277,1770674630.8029537,breathing,13.237967362738313,AppState.ESTIMATE_BREATHING_RATE,1.0000;4.0000,True,0.6405821442604057,1.7630622006729464,18.465068294340725,2,8.30415153503418
1213,68.85592198371887,1770674630.855922,breathing,13.25526973327126,AppState.ESTIMATE_BREATHING_RATE,1.0000;4.0000,True,0.6405821442604057,1.74427014469417,18.434867906224014,2,8.30415153503418
1214,68.90893340110779,1770674630.9089334,breathing,13.272937879354206,AppState.ESTIMATE_BREATHING_RATE,1.0000;4.0000,True,0.6405821442604057,1.730883272080208,18.407959203938443,2,8.30415153503418
1215,68.9519190788269,1770674630.951919,breathing,13.290948977098637,AppState.ESTIMATE_BREATHING_RATE,1.0000;4.0000,True,0.6405821442604057,1.7106122704489113,18.385827735647418,2,8.30415153503418
1216,69.00486588478088,1770674631.004866,breathing,13.309250790974007,AppState.ESTIMATE_BREATHING_RATE,1.0000;4.0000,True,0.6405821442604057,1.682145123827757,18.357414187411532,2,8.30415153503418
1217,69.07674813270569,1770674631.0767481,breathing,13.327781428408185,AppState.ESTIMATE_BREATHING_RATE,1.0000;4.0000,True,0.6405821442604057,1.65923010231516,18.314208330707697,2,8.30415153503418
1218,69.1098301410675,1770674631.1098301,breathing,13.346429266985417,AppState.ESTIMATE_BREATHING_RATE,1.0000;4.0000,True,0.6405821442604057,1.6464825925943902,18.264465016161793,2,8.30415153503418
1219,69.15322375297546,1770674631.1532238,breathing,13.365082491567652,AppState.ESTIMATE_BREATHING_RATE,1.0000;4.0000,True,0.6405821442604057,1.6634994729308687,18.20655927304333,2,8.30415153503418
1220,69.20398354530334,1770674631.2039835,breathing,13.383633192694557,AppState.ESTIMATE_BREATHING_RATE,1.0000;4.0000,True,0.6405821442604057,1.680998319535464,18.150638231959014,2,8.30415153503418
1221,69.25709438323975,1770674631.2570944,breathing,13.401957914429024,AppState.ESTIMATE_BREATHING_RATE,1.0000;4.0000,True,0.6405821442604057,1.7073446441362208,18.10135794884459,2,8.30415153503418
1222,69.3102617263794,1770674631.3102617,breathing,13.41989894254212,AppState.ESTIMATE_BREATHING_RATE,1.0000;4.0000,True,0.6405821442604057,1.7309411678003241,18.061016435978537,2,8.30415153503418
1223,69.35321021080017,1770674631.3532102,breathing,13.437359313769104,AppState.ESTIMATE_BREATHING_RATE,1.0000;4.0000,True,0.6405821442604057,1.7538079727972278,18.02285605808788,2,8.30415153503418
1224,69.40623593330383,1770674631.406236,breathing,13.454202811262785,AppState.ESTIMATE_BREATHING_RATE,1.0000;4.0000,True,0.6405821442604057,1.7802129272593503,17.98212471584438,2,8.30415153503418
1225,69.45930433273315,1770674631.4593043,breathing,13.470345905699945,AppState.ESTIMATE_BREATHING_RATE,1.0000;4.0000,True,0.6405821442604057,1.8015196057421654,17.936821051080372,2,8.30415153503418
1226,69.50217938423157,1770674631.5021794,breathing,13.485734312350779,AppState.ESTIMATE_BREATHING_RATE,1.0000;4.0000,True,0.6405821442604057,1.8212295327435906,17.886620658720723,2,8.30415153503418
1227,69.55546855926514,1770674631.5554686,breathing,13.50033056765893,AppState.ESTIMATE_BREATHING_RATE,1.0000;4.0000,True,0.6405821442604057,1.8262550327192466,17.82948612602328,2,8.30415153503418
1228,69.60846877098083,1770674631.6084688,breathing,13.514133485756567,AppState.ESTIMATE_BREATHING_RATE,1.0000;4.0000,True,0.6405821442604057,1.823017000997483,17.77580844237374,2,8.30415153503418
1229,69.66142892837524,1770674631.661429,breathing,13.527139912978255,AppState.ESTIMATE_BREATHING_RATE,1.0000;4.0000,True,0.6405821442604057,1.7908625628599324,17.758684847977122,2,8.30415153503418
1230,69.70446634292603,1770674631.7044663,breathing,13.539438864215162,AppState.ESTIMATE_BREATHING_RATE,1.0000;4.0000,True,0.6405821442604057,1.7439461353583887,17.768653179958257,2,8.30415153503418
1231,69.75750398635864,1770674631.757504,breathing,13.551047197342239,AppState.ESTIMATE_BREATHING_RATE,1.0000;4.0000,True,0.6405821442604057,1.6921530233423014,17.792706297806884,2,8.30415153503418
1232,69.81040072441101,1770674631.8104007,breathing,13.561993353991939,AppState.ESTIMATE_BREATHING_RATE,1.0000;4.0000,True,0.6405821442604057,1.6459329919371037,17.82412278197154,2,8.30415153503418
1233,69.85332894325256,1770674631.853329,breathing,13.572414449766004,AppState.ESTIMATE_BREATHING_RATE,1.0000;4.0000,True,0.6405821442604057,1.5978150435929406,17.862566810323617,2,8.30415153503418
1234,69.90632462501526,1770674631.9063246,breathing,13.582407439697514,AppState.ESTIMATE_BREATHING_RATE,1.0000;4.0000,True,0.6405821442604057,1.5480099490814996,17.906813218068002,2,8.30415153503418
1235,69.959299325943,1770674631.9592993,breathing,13.59210153218919,AppState.ESTIMATE_BREATHING_RATE,1.0000;4.0000,True,0.5204729922115796,1.4969893744049974,17.95718547972363,1,8.30415153503418
1236,70.00215244293213,1770674632.0021524,breathing,13.601639697509109,AppState.ESTIMATE_BREATHING_RATE,1.0000;4.0000,True,0.5204729922115796,1.448040635762546,18.015579648943465,1,8.30415153503418
1237,70.05524969100952,1770674632.0552497,breathing,13.61118879965907,AppState.ESTIMATE_BREATHING_RATE,1.0000;4.0000,True,0.5204729922115796,1.4006167135397123,18.07768863004908,1,8.30415153503418
1238,70.12839865684509,1770674632.1283987,breathing,13.620947630679808,AppState.ESTIMATE_BREATHING_RATE,1.0000;4.0000,True,0.5204729922115796,1.3551523050153527,18.13626475005309,1,8.30415153503418
1239,70.16164064407349,1770674632.1616406,breathing,13.631139215796717,AppState.ESTIMATE_BREATHING_RATE,1.0000;4.0000,True,0.5204729922115796,1.323995458911167,18.189966327712654,1,8.30415153503418
1240,70.20913887023926,1770674632.2091389,breathing,13.641994290584702,AppState.ESTIMATE_BREATHING_RATE,1.0000;4.0000,True,0.5204729922115796,1.29011223588425,18.2478305715174,1,8.30415153503418
1241,70.25222587585449,1770674632.2522259,breathing,13.653719653502277,AppState.ESTIMATE_BREATHING_RATE,1.0000;4.0000,True,0.5204729922115796,1.2535744231432924,18.301035805061957,1,8.30415153503418
1242,70.30558061599731,1770674632.3055806,breathing,13.66656796111631,AppState.ESTIMATE_BREATHING_RATE,1.0000;4.0000,True,0.5204729922115796,1.2373394170181855,18.33292141816121,1,8.30415153503418
1243,70.35870337486267,1770674632.3587034,breathing,13.68076683637124,AppState.ESTIMATE_BREATHING_RATE,1.0000;4.0000,True,0.5204729922115796,1.2475657446202446,18.355779051489932,1,8.30415153503418
1244,70.40173053741455,1770674632.4017305,breathing,13.696497816646918,AppState.ESTIMATE_BREATHING_RATE,1.0000;4.0000,True,0.5204729922115796,1.2667943500089236,18.37505405233564,1,8.30415153503418
1245,70.45482897758484,1770674632.454829,breathing,13.713913724860195,AppState.ESTIMATE_BREATHING_RATE,1.0000;4.0000,True,0.6405821442604057,1.2932049997714885,18.401767763711142,2,8.30415153503418
1246,70.50822734832764,1770674632.5082273,breathing,13.733135671822383,AppState.ESTIMATE_BREATHING_RATE,1.0000;4.0000,True,0.6405821442604057,1.3190932266966273,18.44047676369314,2,8.30415153503418
1247,70.56147956848145,1770674632.5614796,breathing,13.75424825873009,AppState.ESTIMATE_BREATHING_RATE,1.0000;4.0000,True,0.6405821442604057,1.3482914935443828,18.49280879015364,2,8.30415153503418
1248,70.60443305969238,1770674632.604433,breathing,13.777296921816939,AppState.ESTIMATE_BREATHING_RATE,1.0000;4.0000,True,0.6405821442604057,1.4100846318094606,18.55862572467577,2,8.30415153503418
1249,70.65750813484192,1770674632.6575081,breathing,13.802277492561528,AppState.ESTIMATE_BREATHING_RATE,1.0000;4.0000,True,0.6405821442604057,1.4762050485772131,18.639329902988667,2,8.30415153503418
1250,70.71057510375977,1770674632.710575,breathing,13.829134445060138,AppState.ESTIMATE_BREATHING_RATE,1.0000;4.0000,True,0.6405821442604057,1.564559562332352,18.733692666742005,2,8.30415153503418
1251,70.75351548194885,1770674632.7535155,breathing,13.857760738302222,AppState.ESTIMATE_BREATHING_RATE,1.0000;4.0000,True,0.6405821442604057,1.6291655356838475,18.837911710778524,2,8.30415153503418
1252,70.80642318725586,1770674632.8064232,breathing,13.888031133603457,AppState.ESTIMATE_BREATHING_RATE,1.0000;4.0000,True,0.6405821442604057,1.7079727476874724,18.94701370451389,2,8.30415153503418
1253,70.8594114780426,1770674632.8594115,breathing,13.919760136835269,AppState.ESTIMATE_BREATHING_RATE,1.0000;4.0000,True,0.6405821442604057,1.7966691749550054,19.057192236600777,2,8.30415153503418
1254,70.90233588218689,1770674632.902336,breathing,13.952744628301144,AppState.ESTIMATE_BREATHING_RATE,1.0000;4.0000,True,0.6405821442604057,1.860014581288059,19.164581578699504,2,8.30415153503418
1255,70.9553713798523,1770674632.9553714,breathing,13.986788854867457,AppState.ESTIMATE_BREATHING_RATE,1.0000;4.0000,True,0.6405821442604057,1.910129848721626,19.265680452138128,2,8.30415153503418
1256,71.00829267501831,1770674633.0082927,breathing,14.021643469370224,AppState.ESTIMATE_BREATHING_RATE,1.0000;4.0000,True,0.7606912963092318,1.9445967814371823,19.35990541101945,3,8.30415153503418
1257,71.06123208999634,1770674633.061232,breathing,14.05710063101033,AppState.ESTIMATE_BREATHING_RATE,1.0000;4.0000,True,0.7606912963092318,1.996473573197656,19.450702707087675,3,8.30415153503418
1258,71.10437726974487,1770674633.1043773,breathing,14.092979557640525,AppState.ESTIMATE_BREATHING_RATE,1.0000;4.0000,True,0.7606912963092318,2.0239654257844943,19.536664960281875,3,8.30415153503418
1259,71.17731714248657,1770674633.1773171,breathing,14.129106465868384,AppState.ESTIMATE_BREATHING_RATE,1.0000;4.0000,True,0.7606912963092318,2.0505145409768986,19.61359000620943,3,8.30415153503418
1260,71.20588994026184,1770674633.20589,breathing,14.165332908324988,AppState.ESTIMATE_BREATHING_RATE,1.0000;4.0000,True,0.7606912963092318,2.068724734454535,19.680131797771796,3,8.30415153503418
1261,71.25911736488342,1770674633.2591174,breathing,14.20151351088088,AppState.ESTIMATE_BREATHING_RATE,1.0000;4.0000,True,0.7606912963092318,2.080711171986456,19.73033399427351,3,8.30415153503418
1262,71.3022153377533,1770674633.3022153,breathing,14.237516608463775,AppState.ESTIMATE_BREATHING_RATE,1.0000;4.0000,True,0.7606912963092318,2.073406239943775,19.75699978641347,3,8.30415153503418
1263,71.3551561832428,1770674633.3551562,breathing,14.273230735495613,AppState.ESTIMATE_BREATHING_RATE,1.0000;4.0000,True,0.7606912963092318,2.043632563763888,19.769005213665604,3,8.30415153503418
1264,71.40828728675842,1770674633.4082873,breathing,14.308559727406182,AppState.ESTIMATE_BREATHING_RATE,1.0000;4.0000,True,0.7606912963092318,2.003968282006565,19.77855361852353,3,8.30415153503418
1265,71.46199345588684,1770674633.4619935,breathing,14.34349131976839,AppState.ESTIMATE_BREATHING_RATE,1.0000;4.0000,True,0.6405821442604057,1.9574115738007762,19.793719087651333,2,8.30415153503418
1266,71.50595998764038,1770674633.50596,breathing,14.377991067573431,AppState.ESTIMATE_BREATHING_RATE,1.0000;4.0000,True,0.6405821442604057,1.90496659754298,19.819470428848657,2,8.30415153503418
1267,71.55915117263794,1770674633.5591512,breathing,14.412089426257507,AppState.ESTIMATE_BREATHING_RATE,1.0000;4.0000,True,0.6405821442604057,1.852837244700978,19.84993142119764,2,8.30415153503418
1268,71.60256361961365,1770674633.6025636,breathing,14.445820167041962,AppState.ESTIMATE_BREATHING_RATE,1.0000;4.0000,True,0.6405821442604057,1.8063675099382728,19.874928706713614,2,8.30415153503418
1269,71.65562319755554,1770674633.6556232,breathing,14.479234325707097,AppState.ESTIMATE_BREATHING_RATE,1.0000;4.0000,True,0.6405821442604057,1.7625548061934795,19.889978343607172,2,8.30415153503418
1270,71.70874834060669,1770674633.7087483,breathing,14.512418203888739,AppState.ESTIMATE_BREATHING_RATE,1.0000;4.0000,True,0.6405821442604057,1.7299426777231304,19.892642925658194,2,8.30415153503418
1271,71.7520842552185,1770674633.7520843,breathing,14.545477933000429,AppState.ESTIMATE_BREATHING_RATE,1.0000;4.0000,True,0.6405821442604057,1.703304735461219,19.88022221664152,2,8.30415153503418
1272,71.80547904968262,1770674633.805479,breathing,14.578541470957557,AppState.ESTIMATE_BREATHING_RATE,1.0000;4.0000,True,0.6405821442604057,1.6657242691935754,19.851518213912293,2,8.30415153503418
1273,71.85860443115234,1770674633.8586044,breathing,14.611716743397142,AppState.ESTIMATE_BREATHING_RATE,1.0000;4.0000,True,0.7606912963092318,1.6494262226201593,19.81182079369491,3,8.30415153503418
1274,71.90246319770813,1770674633.9024632,breathing,14.645096150373647,AppState.ESTIMATE_BREATHING_RATE,1.0000;4.0000,True,0.7606912963092318,1.6409536836453291,19.771073585798952,3,8.30415153503418
1275,71.95990443229675,1770674633.9599044,breathing,14.678767377625054,AppState.ESTIMATE_BREATHING_RATE,1.0000;4.0000,True,0.7606912963092318,1.6288348071616534,19.738722756058998,3,8.30415153503418
1276,72.00544142723083,1770674634.0054414,breathing,14.712813697632043,AppState.ESTIMATE_BREATHING_RATE,1.0000;4.0000,True,0.7606912963092318,1.5990747738583493,19.71940648142411,3,8.30415153503418
1277,72.06158232688904,1770674634.0615823,breathing,14.747333188906433,AppState.ESTIMATE_BREATHING_RATE,1.0000;4.0000,True,0.7606912963092318,1.5545248572060584,19.71380591874032,3,8.30415153503418
1278,72.10712265968323,1770674634.1071227,breathing,14.782400216401083,AppState.ESTIMATE_BREATHING_RATE,1.0000;4.0000,True,0.6405821442604057,1.5089306861394092,19.71538649370239,2,8.30415153503418
1279,72.16256928443909,1770674634.1625693,breathing,14.818068374311911,AppState.ESTIMATE_BREATHING_RATE,1.0000;4.0000,True,0.6405821442604057,1.456344802838634,19.734528557215132,2,8.30415153503418
1280,72.24764680862427,1770674634.2476468,breathing,14.8543986065905,AppState.ESTIMATE_BREATHING_RATE,1.0000;4.0000,True,0.6405821442604057,1.4053317483506844,19.77535760177938,2,8.30415153503418
1281,72.26338505744934,1770674634.263385,breathing,14.89143618421943,AppState.ESTIMATE_BREATHING_RATE,1.0000;4.0000,True,0.6405821442604057,1.3544811161196444,19.837858228447395,2,8.30415153503418
1282,72.30661106109619,1770674634.306611,breathing,14.92919739298138,AppState.ESTIMATE_BREATHING_RATE,1.0000;4.0000,True,0.6405821442604057,1.3066060706088893,19.92169225119978,2,8.30415153503418
1283,72.35978651046753,1770674634.3597865,breathing,14.967681926564424,AppState.ESTIMATE_BREATHING_RATE,1.0000;4.0000,True,0.6405821442604057,1.2642351537663326,20.026292600177932,2,8.30415153503418
1284,72.4028992652893,1770674634.4028993,breathing,15.006849138034026,AppState.ESTIMATE_BREATHING_RATE,1.0000;4.0000,True,0.6405821442604057,1.2222913889123481,20.146230124461752,2,8.30415153503418
1285,72.45614433288574,1770674634.4561443,breathing,15.046643813055242,AppState.ESTIMATE_BREATHING_RATE,1.0000;4.0000,True,0.6405821442604057,1.1807637544372622,20.27662798987775,2,8.30415153503418
1286,72.50934290885925,1770674634.509343,breathing,15.08697096831886,AppState.ESTIMATE_BREATHING_RATE,1.0000;4.0000,True,0.6405821442604057,1.1410891139116788,20.41648876411544,2,8.30415153503418
1287,72.55252242088318,1770674634.5525224,breathing,15.127708641205418,AppState.ESTIMATE_BREATHING_RATE,1.0000;4.0000,True,0.6405821442604057,1.1113403648773557,20.554863069153154,2,8.30415153503418
1288,72.60553455352783,1770674634.6055346,breathing,15.168734404481224,AppState.ESTIMATE_BREATHING_RATE,1.0000;4.0000,True,0.6405821442604057,1.0860249110373648,20.681993572933077,2,8.30415153503418
1289,72.6584062576294,1770674634.6584063,breathing,15.20994545823787,AppState.ESTIMATE_BREATHING_RATE,1.0000;4.0000,True,0.6405821442604057,1.0730545906531463,20.788932497657505,2,8.30415153503418
1290,72.7115364074707,1770674634.7115364,breathing,15.256256488444222,AppState.ESTIMATE_BREATHING_RATE,1.0000;4.0000,True,0.6405821442604057,1.0686160281635857,20.86832294011965,2,8.30415153503418
1291,72.75433993339539,1770674634.75434,breathing,15.308938229007875,AppState.ESTIMATE_BREATHING_RATE,1.0000;4.0000,True,0.6405821442604057,1.0655338289892016,20.93083426105539,2,8.30415153503418
1292,72.80729269981384,1770674634.8072927,breathing,15.36015528121277,AppState.ESTIMATE_BREATHING_RATE,1.0000;4.0000,True,0.6405821442604057,1.0679057881139098,20.98760591834806,2,8.30415153503418
1293,72.86020088195801,1770674634.860201,breathing,15.40966516844806,AppState.ESTIMATE_BREATHING_RATE,1.0000;4.0000,True,0.6405821442604057,1.0680362616154393,21.036520700093355,2,8.30415153503418
1294,72.90315914154053,1770674634.9031591,breathing,15.457288479274295,AppState.ESTIMATE_BREATHING_RATE,1.0000;4.0000,True,0.5204729922115796,1.0650086223435864,21.07719475654421,1,8.30415153503418
1295,72.95619344711304,1770674634.9561934,breathing,15.502924496829632,AppState.ESTIMATE_BREATHING_RATE,1.0000;4.0000,True,0.5204729922115796,1.0694231748273209,21.111118213637994,1,8.30415153503418
1296,73.00965642929077,1770674635.0096564,breathing,15.546492810098648,AppState.ESTIMATE_BREATHING_RATE,1.0000;4.0000,True,0.5204729922115796,1.082733980354162,21.1379106426905,1,8.30415153503418
1297,73.05258584022522,1770674635.0525858,breathing,15.587997491021344,AppState.ESTIMATE_BREATHING_RATE,1.0000;4.0000,True,0.5204729922115796,1.113215938305959,21.165842437072527,1,8.30415153503418
1298,73.10566926002502,1770674635.1056693,breathing,15.627566988349551,AppState.ESTIMATE_BREATHING_RATE,1.0000;4.0000,True,0.5204729922115796,1.1485564926806475,21.200472885345622,1,8.30415153503418
1299,73.15855956077576,1770674635.1585596,breathing,15.665235113611782,AppState.ESTIMATE_BREATHING_RATE,1.0000;4.0000,True,0.5204729922115796,1.1828346742819762,21.236456664141155,1,8.30415153503418
1300,73.20568180084229,1770674635.2056818,breathing,15.70111790879076,AppState.ESTIMATE_BREATHING_RATE,1.0000;4.0000,True,0.40036384016275356,1.221684230829163,21.265435412446696,0,8.30415153503418
1301,73.27569961547852,1770674635.2756996,breathing,15.73542822781453,AppState.ESTIMATE_BREATHING_RATE,1.0000;4.0000,True,0.40036384016275356,1.2645703711591851,21.295284004415223,0,8.30415153503418
1302,73.30891013145447,1770674635.3089101,breathing,15.768432386308483,AppState.ESTIMATE_BREATHING_RATE,1.0000;4.0000,True,0.40036384016275356,1.2941508883573767,21.323150123455857,0,8.30415153503418
1303,73.35200095176697,1770674635.352001,breathing,15.800356764344109,AppState.ESTIMATE_BREATHING_RATE,1.0000;4.0000,True,0.40036384016275356,1.3090826214588465,21.34212181732025,0,8.30415153503418
1304,73.40523552894592,1770674635.4052355,breathing,15.831474714769328,AppState.ESTIMATE_BREATHING_RATE,1.0000;4.0000,True,0.40036384016275356,1.313960372042398,21.346567610423765,0,8.30415153503418
1305,73.45838594436646,1770674635.458386,breathing,15.862098786021422,AppState.ESTIMATE_BREATHING_RATE,1.0000;4.0000,True,0.40036384016275356,1.321189657077058,21.33317565875313,0,8.30415153503418
1306,73.5116012096405,1770674635.5116012,breathing,15.892496474112827,AppState.ESTIMATE_BREATHING_RATE,1.0000;4.0000,True,0.40036384016275356,1.339552854143193,21.306750809933046,0,8.30415153503418
1307,73.55468726158142,1770674635.5546873,breathing,15.922871132632462,AppState.ESTIMATE_BREATHING_RATE,1.0000;4.0000,True,0.40036384016275356,1.3453682255605788,21.26978829482878,0,8.30415153503418
1308,73.60772037506104,1770674635.6077204,breathing,15.953406248685264,AppState.ESTIMATE_BREATHING_RATE,1.0000;4.0000,True,0.6405821442604057,1.3562198421753955,21.230234775522863,2,8.30415153503418
1309,73.66063976287842,1770674635.6606398,breathing,15.984212892872259,AppState.ESTIMATE_BREATHING_RATE,1.0000;4.0000,True,0.6405821442604057,1.3575698287160014,21.193782391860378,2,8.30415153503418
1310,73.70367503166199,1770674635.703675,breathing,16.01532938223611,AppState.ESTIMATE_BREATHING_RATE,1.0000;4.0000,True,0.6405821442604057,1.3643813847901902,21.159272941375384,2,8.30415153503418
1311,73.75666642189026,1770674635.7566664,breathing,16.046720346321088,AppState.ESTIMATE_BREATHING_RATE,1.0000;4.0000,True,0.6405821442604057,1.3723304087328436,21.127731967456683,2,8.30415153503418
1312,73.80955386161804,1770674635.8095539,breathing,16.07828569523767,AppState.ESTIMATE_BREATHING_RATE,1.0000;4.0000,True,0.6405821442604057,1.3808233956146014,21.09972154153237,2,8.30415153503418
1313,73.85248708724976,1770674635.852487,breathing,16.109861775656487,AppState.ESTIMATE_BREATHING_RATE,1.0000;4.0000,True,0.6405821442604057,1.3984370253201057,21.072849596095633,2,8.30415153503418
1314,73.90551686286926,1770674635.9055169,breathing,16.14122428709804,AppState.ESTIMATE_BREATHING_RATE,1.0000;4.0000,True,0.6405821442604057,1.4111828467872165,21.0420012568449,2,8.30415153503418
1315,73.95851230621338,1770674635.9585123,breathing,16.172141075830993,AppState.ESTIMATE_BREATHING_RATE,1.0000;4.0000,True,0.6405821442604057,1.424460743853986,21.001784597867612,2,8.30415153503418
1316,74.01147246360779,1770674636.0114725,breathing,16.202380112031133,AppState.ESTIMATE_BREATHING_RATE,1.0000;4.0000,True,0.6405821442604057,1.4322760666207082,20.95273451936472,2,8.30415153503418
1317,74.05444478988647,1770674636.0544448,breathing,16.231656958728824,AppState.ESTIMATE_BREATHING_RATE,1.0000;4.0000,True,0.6405821442604057,1.4376666778834577,20.894312005642902,2,8.30415153503418
1318,74.10763621330261,1770674636.1076362,breathing,16.25973193439621,AppState.ESTIMATE_BREATHING_RATE,1.0000;4.0000,True,0.6405821442604057,1.422144889996721,20.85198302870118,2,8.30415153503418
1319,74.16058921813965,1770674636.1605892,breathing,16.286504246424133,AppState.ESTIMATE_BREATHING_RATE,1.0000;4.0000,True,0.6405821442604057,1.3945201418107795,20.810816612766555,2,8.30415153503418
1320,74.2090117931366,1770674636.2090118,breathing,16.311812277407782,AppState.ESTIMATE_BREATHING_RATE,1.0000;4.0000,True,0.6405821442604057,1.3787181023278905,20.75739950277881,2,8.30415153503418
1321,74.25242638587952,1770674636.2524264,breathing,16.335554392731396,AppState.ESTIMATE_BREATHING_RATE,1.0000;4.0000,True,0.7606912963092318,1.377933360108621,20.725785233720057,3,8.30415153503418
1322,74.32215642929077,1770674636.3221564,breathing,16.35758208966038,AppState.ESTIMATE_BREATHING_RATE,1.0000;4.0000,True,0.7606912963092318,1.4018084803330249,20.72396214353058,3,8.30415153503418
1323,74.35531806945801,1770674636.355318,breathing,16.377815160137022,AppState.ESTIMATE_BREATHING_RATE,1.0000;4.0000,True,0.7606912963092318,1.433525680260117,20.732695535796715,3,8.30415153503418
1324,74.40851020812988,1770674636.4085102,breathing,16.39618349865123,AppState.ESTIMATE_BREATHING_RATE,1.0000;4.0000,True,0.7606912963092318,1.457593865557123,20.738328282979655,3,8.30415153503418
1325,74.46172332763672,1770674636.4617233,breathing,16.412618781840685,AppState.ESTIMATE_BREATHING_RATE,1.0000;4.0000,True,0.7606912963092318,1.471335431618131,20.72807529827497,3,8.30415153503418
1326,74.50476837158203,1770674636.5047684,breathing,16.42708445506267,AppState.ESTIMATE_BREATHING_RATE,1.0000;4.0000,True,0.7606912963092318,1.4747385415494014,20.70465783529215,3,8.30415153503418
1327,74.5577712059021,1770674636.5577712,breathing,16.439574475094066,AppState.ESTIMATE_BREATHING_RATE,1.0000;4.0000,True,0.7606912963092318,1.4768972187377278,20.679879646703586,3,8.30415153503418
1328,74.61067390441895,1770674636.610674,breathing,16.450092503020205,AppState.ESTIMATE_BREATHING_RATE,1.0000;4.0000,True,0.6405821442604057,1.5106614311512105,20.67985364792507,2,8.30415153503418
1329,74.65345978736877,1770674636.6534598,breathing,16.458650026062116,AppState.ESTIMATE_BREATHING_RATE,1.0000;4.0000,True,0.6405821442604057,1.562952649365219,20.706868795486518,2,8.30415153503418
1330,74.70654153823853,1770674636.7065415,breathing,16.465302975170523,AppState.ESTIMATE_BREATHING_RATE,1.0000;4.0000,True,0.6405821442604057,1.6145623702661245,20.735584737473,2,8.30415153503418
1331,74.75949883460999,1770674636.7594988,breathing,16.470124508279735,AppState.ESTIMATE_BREATHING_RATE,1.0000;4.0000,True,0.6405821442604057,1.634032789514894,20.74877995349875,2,8.30415153503418
1332,74.80231237411499,1770674636.8023124,breathing,16.473208551929975,AppState.ESTIMATE_BREATHING_RATE,1.0000;4.0000,True,0.6405821442604057,1.630081767175537,20.766249179422154,2,8.30415153503418
1333,74.85524797439575,1770674636.855248,breathing,16.474676966353066,AppState.ESTIMATE_BREATHING_RATE,1.0000;4.0000,True,0.6405821442604057,1.6095594595343607,20.792185578554026,2,8.30415153503418
1334,74.9083604812622,1770674636.9083605,breathing,16.474679573762373,AppState.ESTIMATE_BREATHING_RATE,1.0000;4.0000,True,0.6405821442604057,1.5741436751598812,20.811704164957114,2,8.30415153503418
1335,74.96128439903259,1770674636.9612844,breathing,16.473351700680357,AppState.ESTIMATE_BREATHING_RATE,1.0000;4.0000,True,0.6405821442604057,1.5393239787213768,20.814434304631913,2,8.30415153503418
1336,75.00414824485779,1770674637.0041482,breathing,16.47092454954897,AppState.ESTIMATE_BREATHING_RATE,1.0000;4.0000,True,0.6405821442604057,1.5127354377286781,20.818281107660447,2,8.30415153503418
1337,75.0570616722107,1770674637.0570617,breathing,16.46766918802722,AppState.ESTIMATE_BREATHING_RATE,1.0000;4.0000,True,0.6405821442604057,1.4795064519940906,20.857319631785742,2,8.30415153503418
1338,75.11008334159851,1770674637.1100833,breathing,16.463857117975717,AppState.ESTIMATE_BREATHING_RATE,1.0000;4.0000,True,0.6405821442604057,1.442606951270352,20.89760984224226,2,8.30415153503418
1339,75.15297865867615,1770674637.1529787,breathing,16.459859539856637,AppState.ESTIMATE_BREATHING_RATE,1.0000;4.0000,True,0.6405821442604057,1.402271812211425,20.924989671003576,2,8.30415153503418
1340,75.20281720161438,1770674637.2028172,breathing,16.455995804197023,AppState.ESTIMATE_BREATHING_RATE,1.0000;4.0000,True,0.6405821442604057,1.3584912293279965,20.957154979705592,2,8.30415153503418
1341,75.25602507591248,1770674637.256025,breathing,16.452529745088427,AppState.ESTIMATE_BREATHING_RATE,1.0000;4.0000,True,0.6405821442604057,1.3178789227822372,20.9960136232413,2,8.30415153503418
1342,75.30915713310242,1770674637.3091571,breathing,16.449750353437814,AppState.ESTIMATE_BREATHING_RATE,1.0000;4.0000,True,0.6405821442604057,1.2867814135213045,21.05750752139602,2,8.30415153503418
1343,75.36895155906677,1770674637.3689516,breathing,16.447849257296074,AppState.ESTIMATE_BREATHING_RATE,1.0000;4.0000,True,0.6405821442604057,1.2714670546655311,21.119001196567133,2,8.30415153503418
1344,75.4020938873291,1770674637.402094,breathing,16.446901960379755,AppState.ESTIMATE_BREATHING_RATE,1.0000;4.0000,True,0.6405821442604057,1.2618610257604659,21.177360102219353,2,8.30415153503418
1345,75.45532560348511,1770674637.4553256,breathing,16.44696402933506,AppState.ESTIMATE_BREATHING_RATE,1.0000;4.0000,True,0.6405821442604057,1.2511541639491774,21.251093979185605,2,8.30415153503418
1346,75.5085620880127,1770674637.508562,breathing,16.44804563596128,AppState.ESTIMATE_BREATHING_RATE,1.0000;4.0000,True,0.6405821442604057,1.2429079173022448,21.32735957966924,2,8.30415153503418
1347,75.55172419548035,1770674637.5517242,breathing,16.450039712468005,AppState.ESTIMATE_BREATHING_RATE,1.0000;4.0000,True,0.6405821442604057,1.2417995857207316,21.3934625441484,2,8.30415153503418
1348,75.6047956943512,1770674637.6047957,breathing,16.45279322313904,AppState.ESTIMATE_BREATHING_RATE,1.0000;4.0000,True,0.6405821442604057,1.241389573115365,21.456040233907707,2,8.30415153503418
1349,75.65772700309753,1770674637.657727,breathing,16.456163178365436,AppState.ESTIMATE_BREATHING_RATE,1.0000;4.0000,True,0.6405821442604057,1.2287860430293522,21.5299162663184,2,8.30415153503418
1350,75.71081233024597,1770674637.7108123,breathing,16.46004655927133,AppState.ESTIMATE_BREATHING_RATE,1.0000;4.0000,True,0.6405821442604057,1.210445528936882,21.577207923617983,2,8.30415153503418
1351,75.75371384620667,1770674637.7537138,breathing,16.46432596907118,AppState.ESTIMATE_BREATHING_RATE,1.0000;4.0000,True,0.6405821442604057,1.2063237523430868,21.632117557397205,2,8.30415153503418
1352,75.80688762664795,1770674637.8068876,breathing,16.468859632012702,AppState.ESTIMATE_BREATHING_RATE,1.0000;4.0000,True,0.6405821442604057,1.2215464176055335,21.707019648860285,2,8.30415153503418
1353,75.85996174812317,1770674637.8599617,breathing,16.47350801387531,AppState.ESTIMATE_BREATHING_RATE,1.0000;4.0000,True,0.6405821442604057,1.2421094973647695,21.78616735057786,2,8.30415153503418
1354,75.90290999412537,1770674637.90291,breathing,16.478152549762257,AppState.ESTIMATE_BREATHING_RATE,1.0000;4.0000,True,0.6405821442604057,1.268744772503256,21.842242925442548,2,8.30415153503418
1355,75.95590734481812,1770674637.9559073,breathing,16.48267872256545,AppState.ESTIMATE_BREATHING_RATE,1.0000;4.0000,True,0.6405821442604057,1.289767783112993,21.874565064943013,2,8.30415153503418
1356,76.00882148742676,1770674638.0088215,breathing,16.4869830150883,AppState.ESTIMATE_BREATHING_RATE,1.0000;4.0000,True,0.5204729922115796,1.3136936530669328,21.897323376862335,1,8.30415153503418
1357,76.0516266822815,1770674638.0516267,breathing,16.490987059513024,AppState.ESTIMATE_BREATHING_RATE,1.0000;4.0000,True,0.5204729922115796,1.3315690040230215,21.92735135373679,1,8.30415153503418
1358,76.10482144355774,1770674638.1048214,breathing,16.494640003153428,AppState.ESTIMATE_BREATHING_RATE,1.0000;4.0000,True,0.5204729922115796,1.33569344032315,21.94527977011271,1,8.30415153503418
1359,76.15771484375,1770674638.1577148,breathing,16.497878653077233,AppState.ESTIMATE_BREATHING_RATE,1.0000;4.0000,True,0.5204729922115796,1.3325863768626929,21.943807626998474,1,8.30415153503418
1360,76.20584917068481,1770674638.2058492,breathing,16.500641553425215,AppState.ESTIMATE_BREATHING_RATE,1.0000;4.0000,True,0.5204729922115796,1.3267473395531058,21.923986709272217,1,8.30415153503418
1361,76.25904488563538,1770674638.259045,breathing,16.502844336847378,AppState.ESTIMATE_BREATHING_RATE,1.0000;4.0000,True,0.7606912963092318,1.3123683041026808,21.899960639373862,3,8.30415153503418
1362,76.30211424827576,1770674638.3021142,breathing,16.504392581915173,AppState.ESTIMATE_BREATHING_RATE,1.0000;4.0000,True,0.7606912963092318,1.3056385327658193,21.88236554942857,3,8.30415153503418
1363,76.35507369041443,1770674638.3550737,breathing,16.505208131307725,AppState.ESTIMATE_BREATHING_RATE,1.0000;4.0000,True,0.7606912963092318,1.300688892223922,21.863053899659242,3,8.30415153503418
1364,76.42536354064941,1770674638.4253635,breathing,16.505249543326254,AppState.ESTIMATE_BREATHING_RATE,1.0000;4.0000,True,0.7606912963092318,1.301121194978824,21.847081009696165,3,8.30415153503418
1365,76.4585292339325,1770674638.4585292,breathing,16.504495840271304,AppState.ESTIMATE_BREATHING_RATE,1.0000;4.0000,True,0.7606912963092318,1.3039234863189215,21.841314051802893,3,8.30415153503418
1366,76.51226377487183,1770674638.5122638,breathing,16.502944898565666,AppState.ESTIMATE_BREATHING_RATE,1.0000;4.0000,True,0.7606912963092318,1.321108448071366,21.841989499881745,3,8.30415153503418
1367,76.55549454689026,1770674638.5554945,breathing,16.500612064507468,AppState.ESTIMATE_BREATHING_RATE,1.0000;4.0000,True,0.7606912963092318,1.348915005661515,21.83884542167352,3,8.30415153503418
1368,76.60874009132385,1770674638.60874,breathing,16.497529886961832,AppState.ESTIMATE_BREATHING_RATE,1.0000;4.0000,True,0.5204729922115796,1.3833754253881274,21.84051558455392,1,8.30415153503418
1369,76.65168237686157,1770674638.6516824,breathing,16.49375303969969,AppState.ESTIMATE_BREATHING_RATE,1.0000;4.0000,True,0.5204729922115796,1.4333117300034992,21.85520096792961,1,8.30415153503418
1370,76.70484161376953,1770674638.7048416,breathing,16.48934281700884,AppState.ESTIMATE_BREATHING_RATE,1.0000;4.0000,True,0.5204729922115796,1.473254520802383,21.880559734512506,1,8.30415153503418
1371,76.75784182548523,1770674638.7578418,breathing,16.484361861646942,AppState.ESTIMATE_BREATHING_RATE,1.0000;4.0000,True,0.40036384016275356,1.5128327313078638,21.912821733957536,0,8.30415153503418
1372,76.81076860427856,1770674638.8107686,breathing,16.478877044108007,AppState.ESTIMATE_BREATHING_RATE,1.0000;4.0000,True,0.40036384016275356,1.5520266872051018,21.948406044856434,0,8.30415153503418
1373,76.85354042053223,1770674638.8535404,breathing,16.472948716934166,AppState.ESTIMATE_BREATHING_RATE,1.0000;4.0000,True,0.40036384016275356,1.5913615586363412,21.981117573242642,0,8.30415153503418
1374,76.90732502937317,1770674638.907325,breathing,16.46663401478261,AppState.ESTIMATE_BREATHING_RATE,1.0000;4.0000,True,0.40036384016275356,1.6165585682819048,22.008084250515715,0,8.30415153503418
1375,76.9612865447998,1770674638.9612865,breathing,16.4599815652225,AppState.ESTIMATE_BREATHING_RATE,1.0000;4.0000,True,0.40036384016275356,1.6393471184366644,22.026183569295537,0,8.30415153503418
1376,77.0042896270752,1770674639.0042896,breathing,16.45303782039263,AppState.ESTIMATE_BREATHING_RATE,1.0000;4.0000,True,0.40036384016275356,1.6523189918808578,22.035223913357264,0,8.30415153503418
1377,77.05717444419861,1770674639.0571744,breathing,16.445834850319468,AppState.ESTIMATE_BREATHING_RATE,1.0000;4.0000,True,0.40036384016275356,1.6512613762062067,22.03291511391233,0,8.30415153503418
1378,77.11022591590881,1770674639.110226,breathing,16.4383874358577,AppState.ESTIMATE_BREATHING_RATE,1.0000;4.0000,True,0.40036384016275356,1.656678305443714,22.019287284764157,0,8.30415153503418
1379,77.15309524536133,1770674639.1530952,breathing,16.43071928164647,AppState.ESTIMATE_BREATHING_RATE,1.0000;4.0000,True,0.40036384016275356,1.6506280538293783,21.994678131406655,0,8.30415153503418
1380,77.21027064323425,1770674639.2102706,breathing,16.42284028583554,AppState.ESTIMATE_BREATHING_RATE,1.0000;4.0000,True,0.40036384016275356,1.645500514218212,21.96149956816945,0,8.30415153503418
1381,77.25335669517517,1770674639.2533567,breathing,16.414763685679773,AppState.ESTIMATE_BREATHING_RATE,1.0000;4.0000,True,0.40036384016275356,1.642365646117639,21.926878187057657,0,8.30415153503418
1382,77.30881690979004,1770674639.308817,breathing,16.4065074816449,AppState.ESTIMATE_BREATHING_RATE,1.0000;4.0000,True,0.5204729922115796,1.6442857711183843,21.904393167485104,1,8.30415153503418
1383,77.3541328907013,1770674639.354133,breathing,16.398067047868867,AppState.ESTIMATE_BREATHING_RATE,1.0000;4.0000,True,0.5204729922115796,1.6623357599902473,21.901101899527216,1,8.30415153503418
1384,77.40968751907349,1770674639.4096875,breathing,16.389427500678067,AppState.ESTIMATE_BREATHING_RATE,1.0000;4.0000,True,0.5204729922115796,1.6847796470704304,21.919360869757675,1,8.30415153503418
1385,77.48639917373657,1770674639.4863992,breathing,16.380561529829585,AppState.ESTIMATE_BREATHING_RATE,1.0000;4.0000,True,0.5204729922115796,1.7394248065107902,21.95604287762012,1,8.30415153503418
1386,77.51144242286682,1770674639.5114424,breathing,16.371459082003437,AppState.ESTIMATE_BREATHING_RATE,1.0000;4.0000,True,0.5204729922115796,1.7882033874645364,22.006191490314027,1,8.30415153503418
1387,77.55656147003174,1770674639.5565615,breathing,16.362066196396917,AppState.ESTIMATE_BREATHING_RATE,1.0000;4.0000,True,0.5204729922115796,1.8337730067365803,22.06287096143301,1,8.30415153503418
1388,77.61229300498962,1770674639.612293,breathing,16.352341322181758,AppState.ESTIMATE_BREATHING_RATE,1.0000;4.0000,True,0.5204729922115796,1.864680435342819,22.120011659411798,1,8.30415153503418
1389,77.65680456161499,1770674639.6568046,breathing,16.342258171757727,AppState.ESTIMATE_BREATHING_RATE,1.0000;4.0000,True,0.5204729922115796,1.879061691644407,22.168588529505325,1,8.30415153503418
1390,77.7124252319336,1770674639.7124252,breathing,16.33180319301984,AppState.ESTIMATE_BREATHING_RATE,1.0000;4.0000,True,0.5204729922115796,1.8812824976909353,22.195403180261636,1,8.30415153503418
1391,77.75772261619568,1770674639.7577226,breathing,16.32097660731967,AppState.ESTIMATE_BREATHING_RATE,1.0000;4.0000,True,0.5204729922115796,1.870112418408329,22.20524406013765,1,8.30415153503418
1392,77.8131046295166,1770674639.8131046,breathing,16.309807673628416,AppState.ESTIMATE_BREATHING_RATE,1.0000;4.0000,True,0.5204729922115796,1.8525728887201234,22.21047440702259,1,8.30415153503418
1393,77.858478307724,1770674639.8584783,breathing,16.29832106592631,AppState.ESTIMATE_BREATHING_RATE,1.0000;4.0000,True,0.5204729922115796,1.8307478823481775,22.221329724678082,1,8.30415153503418
1394,77.90393829345703,1770674639.9039383,breathing,16.286552010967903,AppState.ESTIMATE_BREATHING_RATE,1.0000;4.0000,True,0.5204729922115796,1.796738209788331,22.24176129864623,1,8.30415153503418
1395,77.96083760261536,1770674639.9608376,breathing,16.27454620081801,AppState.ESTIMATE_BREATHING_RATE,1.0000;4.0000,True,0.5204729922115796,1.7547011492626818,22.275733954823274,1,8.30415153503418
1396,78.00733971595764,1770674640.0073397,breathing,16.262374582966853,AppState.ESTIMATE_BREATHING_RATE,1.0000;4.0000,True,0.5204729922115796,1.7031529378291241,22.32277326009765,1,8.30415153503418
1397,78.06300449371338,1770674640.0630045,breathing,16.250152624824867,AppState.ESTIMATE_BREATHING_RATE,1.0000;4.0000,True,0.5204729922115796,1.6532307664223584,22.383031600038063,1,8.30415153503418
1398,78.10803031921387,1770674640.1080303,breathing,16.23797122131122,AppState.ESTIMATE_BREATHING_RATE,1.0000;4.0000,True,0.5204729922115796,1.6069549543133326,22.446103040478125,1,8.30415153503418
1399,78.16295838356018,1770674640.1629584,breathing,16.22602001518344,AppState.ESTIMATE_BREATHING_RATE,1.0000;4.0000,True,0.5204729922115796,1.5573974066127554,22.50321862778021,1,8.30415153503418
1400,78.20403957366943,1770674640.2040396,breathing,16.214434400188438,AppState.ESTIMATE_BREATHING_RATE,1.0000;4.0000,True,0.5204729922115796,1.5053205238360992,22.551175195849982,1,8.30415153503418
1401,78.25974011421204,1770674640.25974,breathing,16.203147536753498,AppState.ESTIMATE_BREATHING_RATE,1.0000;4.0000,True,0.6405821442604057,1.4574094354418925,22.609109639309587,2,8.30415153503418
1402,78.30531692504883,1770674640.305317,breathing,16.19218201548475,AppState.ESTIMATE_BREATHING_RATE,1.0000;4.0000,True,0.6405821442604057,1.4050496733924995,22.69742995423534,2,8.30415153503418
1403,78.36074733734131,1770674640.3607473,breathing,16.181417004914366,AppState.ESTIMATE_BREATHING_RATE,1.0000;4.0000,True,0.5204729922115796,1.3621829660780502,22.77619753726874,1,8.30415153503418
1404,78.40629029273987,1770674640.4062903,breathing,16.171304436942926,AppState.ESTIMATE_BREATHING_RATE,1.0000;4.0000,True,0.5204729922115796,1.3337573106216587,22.833838424042682,1,8.30415153503418
1405,78.46182346343994,1770674640.4618235,breathing,16.161780510461714,AppState.ESTIMATE_BREATHING_RATE,1.0000;4.0000,True,0.6405821442604057,1.3298945802899418,22.888369137937474,2,8.30415153503418
1406,78.54378056526184,1770674640.5437806,breathing,16.152878437715746,AppState.ESTIMATE_BREATHING_RATE,1.0000;4.0000,True,0.6405821442604057,1.3535423522181054,22.94632905872554,2,8.30415153503418
1407,78.55959510803223,1770674640.559595,breathing,16.14476393531224,AppState.ESTIMATE_BREATHING_RATE,1.0000;4.0000,True,0.6405821442604057,1.3807693597464754,22.997218495222274,2,8.30415153503418
1408,78.60392212867737,1770674640.6039221,breathing,16.137560924639736,AppState.ESTIMATE_BREATHING_RATE,1.0000;4.0000,True,0.6405821442604057,1.406352017497858,23.052175032603863,2,8.30415153503418
1409,78.65818285942078,1770674640.6581829,breathing,16.131702122300496,AppState.ESTIMATE_BREATHING_RATE,1.0000;4.0000,True,0.6405821442604057,1.410478474245405,23.10593750213911,2,8.30415153503418
1410,78.71397256851196,1770674640.7139726,breathing,16.12714326127221,AppState.ESTIMATE_BREATHING_RATE,1.0000;4.0000,True,0.6405821442604057,1.4339296166009379,23.17634972820964,2,8.30415153503418
1411,78.75935769081116,1770674640.7593577,breathing,16.124255153149285,AppState.ESTIMATE_BREATHING_RATE,1.0000;4.0000,True,0.6405821442604057,1.4387418613642486,23.22236489656382,2,8.30415153503418
1412,78.80476355552673,1770674640.8047636,breathing,16.122701814954695,AppState.ESTIMATE_BREATHING_RATE,1.0000;4.0000,True,0.6405821442604057,1.4546386278704557,23.25590809926364,2,8.30415153503418
1413,78.8601746559143,1770674640.8601747,breathing,16.12266332479299,AppState.ESTIMATE_BREATHING_RATE,1.0000;4.0000,True,0.6405821442604057,1.47958400632897,23.27381343501173,2,8.30415153503418
1414,78.90562510490417,1770674640.905625,breathing,16.124610960098753,AppState.ESTIMATE_BREATHING_RATE,1.0000;4.0000,True,0.6405821442604057,1.5138243938465554,23.29039767689575,2,8.30415153503418
1415,78.9611976146698,1770674640.9611976,breathing,16.128347093527502,AppState.ESTIMATE_BREATHING_RATE,1.0000;4.0000,True,0.40036384016275356,1.5469834922455048,23.306900825253745,0,8.30415153503418
1416,79.0065381526947,1770674641.0065382,breathing,16.133832702724032,AppState.ESTIMATE_BREATHING_RATE,1.0000;4.0000,True,0.40036384016275356,1.548499486875681,23.3113517060593,0,8.30415153503418
1417,79.06192445755005,1770674641.0619245,breathing,16.141025892948058,AppState.ESTIMATE_BREATHING_RATE,1.0000;4.0000,True,0.40036384016275356,1.5421109675980909,23.307411885117563,0,8.30415153503418
1418,79.10742616653442,1770674641.1074262,breathing,16.150558273803835,AppState.ESTIMATE_BREATHING_RATE,1.0000;4.0000,True,0.40036384016275356,1.546177707992914,23.307057795660157,0,8.30415153503418
1419,79.16278195381165,1770674641.162782,breathing,16.162181632930775,AppState.ESTIMATE_BREATHING_RATE,1.0000;4.0000,True,0.40036384016275356,1.5534188757972478,23.303996848076885,0,8.30415153503418
1420,79.2064847946167,1770674641.2064848,breathing,16.17533417286888,AppState.ESTIMATE_BREATHING_RATE,1.0000;4.0000,True,0.40036384016275356,1.580259499708781,23.318372575971672,0,8.30415153503418
1421,79.26230835914612,1770674641.2623084,breathing,16.190574374982685,AppState.ESTIMATE_BREATHING_RATE,1.0000;4.0000,True,0.40036384016275356,1.5998243164936339,23.330063741473396,0,8.30415153503418
1422,79.30786275863647,1770674641.3078628,breathing,16.2072843829051,AppState.ESTIMATE_BREATHING_RATE,1.0000;4.0000,True,0.7606912963092318,1.594861048078277,23.33046209058124,3,8.30415153503418
1423,79.36353063583374,1770674641.3635306,breathing,16.22515024607006,AppState.ESTIMATE_BREATHING_RATE,1.0000;4.0000,True,0.7606912963092318,1.6000738700299741,23.320510348891236,3,8.30415153503418
1424,79.40907335281372,1770674641.4090734,breathing,16.244220148032625,AppState.ESTIMATE_BREATHING_RATE,1.0000;4.0000,True,0.7606912963092318,1.6126208273114535,23.313013624572847,3,8.30415153503418
1425,79.45448732376099,1770674641.4544873,breathing,16.264319914248752,AppState.ESTIMATE_BREATHING_RATE,1.0000;4.0000,True,0.6405821442604057,1.62729685691971,23.30034279149604,2,8.30415153503418
1426,79.51028060913086,1770674641.5102806,breathing,16.28522587849433,AppState.ESTIMATE_BREATHING_RATE,1.0000;4.0000,True,0.6405821442604057,1.6405621342781074,23.29060947306934,2,8.30415153503418
1427,79.58865356445312,1770674641.5886536,breathing,16.306593423498207,AppState.ESTIMATE_BREATHING_RATE,1.0000;4.0000,True,0.7606912963092318,1.6622778139565422,23.28851986032264,3,8.30415153503418
1428,79.61354517936707,1770674641.6135452,breathing,16.32825077807062,AppState.ESTIMATE_BREATHING_RATE,1.0000;4.0000,True,0.7606912963092318,1.6741146916340874,23.30369042524842,3,8.30415153503418
1429,79.65804553031921,1770674641.6580455,breathing,16.34977858702002,AppState.ESTIMATE_BREATHING_RATE,1.0000;4.0000,True,0.7606912963092318,1.6674449461781193,23.315305356828887,3,8.30415153503418
1430,79.71356105804443,1770674641.713561,breathing,16.370747933260546,AppState.ESTIMATE_BREATHING_RATE,1.0000;4.0000,True,0.7606912963092318,1.6457870819743754,23.30552949256805,3,8.30415153503418
1431,79.75874876976013,1770674641.7587488,breathing,16.391374894933467,AppState.ESTIMATE_BREATHING_RATE,1.0000;4.0000,True,0.7606912963092318,1.6130587178091627,23.289698701326387,3,8.30415153503418
1432,79.80418300628662,1770674641.804183,breathing,16.41146668012958,AppState.ESTIMATE_BREATHING_RATE,1.0000;4.0000,True,0.7606912963092318,1.5888679412284528,23.283455844847623,3,8.30415153503418
1433,79.85971117019653,1770674641.8597112,breathing,16.430463893138995,AppState.ESTIMATE_BREATHING_RATE,1.0000;4.0000,True,0.7606912963092318,1.5620361977182435,23.263226266014712,3,8.30415153503418
1434,79.90519738197327,1770674641.9051974,breathing,16.448148397471044,AppState.ESTIMATE_BREATHING_RATE,1.0000;4.0000,True,0.6405821442604057,1.532410572599037,23.26292288704762,2,8.30415153503418
1435,79.96068501472473,1770674641.960685,breathing,16.464916936119273,AppState.ESTIMATE_BREATHING_RATE,1.0000;4.0000,True,0.6405821442604057,1.512179593852316,23.277971216154597,2,8.30415153503418
1436,80.00598812103271,1770674642.0059881,breathing,16.480958401040745,AppState.ESTIMATE_BREATHING_RATE,1.0000;4.0000,True,0.6405821442604057,1.4799824556077303,23.276060347597227,2,8.30415153503418
1437,80.06138896942139,1770674642.061389,breathing,16.495846985470454,AppState.ESTIMATE_BREATHING_RATE,1.0000;4.0000,True,0.40036384016275356,1.4775304891076437,23.293259877390852,0,8.30415153503418
1438,80.10687351226807,1770674642.1068735,breathing,16.509362421221883,AppState.ESTIMATE_BREATHING_RATE,1.0000;4.0000,True,0.40036384016275356,1.4660984641536536,23.289110313573147,0,8.30415153503418
1439,80.16236138343811,1770674642.1623614,breathing,16.521867841839427,AppState.ESTIMATE_BREATHING_RATE,1.0000;4.0000,True,0.40036384016275356,1.4459979771164504,23.271645087609407,0,8.30415153503418
1440,80.21237921714783,1770674642.2123792,breathing,16.53353559915088,AppState.ESTIMATE_BREATHING_RATE,1.0000;4.0000,True,0.40036384016275356,1.4469058766001475,23.263332489634415,0,8.30415153503418
1441,80.2578227519989,1770674642.2578228,breathing,16.544224236041305,AppState.ESTIMATE_BREATHING_RATE,1.0000;4.0000,True,0.6405821442604057,1.4775969433480987,23.279367253964274,2,8.30415153503418
1442,80.31350421905518,1770674642.3135042,breathing,16.55409201618014,AppState.ESTIMATE_BREATHING_RATE,1.0000;4.0000,True,0.40036384016275356,1.5130011261169787,23.29325451495703,0,8.30415153503418
1443,80.35898947715759,1770674642.3589895,breathing,16.56301146771205,AppState.ESTIMATE_BREATHING_RATE,1.0000;4.0000,True,0.40036384016275356,1.5379355627850628,23.293475031225746,0,8.30415153503418
1444,80.40453457832336,1770674642.4045346,breathing,16.570984163439057,AppState.ESTIMATE_BREATHING_RATE,1.0000;4.0000,True,0.6405821442604057,1.558783260815552,23.282608130815017,2,8.30415153503418
1445,80.46016764640808,1770674642.4601676,breathing,16.578087196570547,AppState.ESTIMATE_BREATHING_RATE,1.0000;4.0000,True,0.40036384016275356,1.5384525207130433,23.30917223667082,0,8.30415153503418
1446,80.5058240890503,1770674642.505824,breathing,16.584650818685382,AppState.ESTIMATE_BREATHING_RATE,1.0000;4.0000,True,0.40036384016275356,1.512245894836493,23.35734739705123,0,8.30415153503418
1447,80.56146097183228,1770674642.561461,breathing,16.590700078452116,AppState.ESTIMATE_BREATHING_RATE,1.0000;4.0000,True,0.40036384016275356,1.4970594336228322,23.432266406823704,0,8.30415153503418
1448,80.64203333854675,1770674642.6420333,breathing,16.59679527514067,AppState.ESTIMATE_BREATHING_RATE,1.0000;4.0000,True,0.40036384016275356,1.4990352329065089,23.477421142031954,0,8.30415153503418
1449,80.65752458572388,1770674642.6575246,breathing,16.60331569254421,AppState.ESTIMATE_BREATHING_RATE,1.0000;4.0000,True,0.40036384016275356,1.5344551131973172,23.50336356910832,0,8.30415153503418
1450,80.71202301979065,1770674642.712023,breathing,16.610617650155255,AppState.ESTIMATE_BREATHING_RATE,1.0000;4.0000,True,0.40036384016275356,1.5428451818954567,23.543557342353296,0,8.30415153503418
1451,80.75619721412659,1770674642.7561972,breathing,16.61898094459465,AppState.ESTIMATE_BREATHING_RATE,1.0000;4.0000,True,0.40036384016275356,1.5357214302646351,23.5669485275162,0,8.30415153503418
1452,80.81201076507568,1770674642.8120108,breathing,16.62893459732827,AppState.ESTIMATE_BREATHING_RATE,1.0000;4.0000,True,0.40036384016275356,1.5194678119666243,23.590349326484812,0,8.30415153503418
1453,80.85769653320312,1770674642.8576965,breathing,16.641215831317577,AppState.ESTIMATE_BREATHING_RATE,1.0000;4.0000,True,0.40036384016275356,1.5063002354515664,23.623909009096433,0,8.30415153503418
1454,80.91286587715149,1770674642.9128659,breathing,16.656568732836096,AppState.ESTIMATE_BREATHING_RATE,1.0000;4.0000,True,0.40036384016275356,1.4930208760808412,23.64797108289484,0,8.30415153503418
1455,80.95783352851868,1770674642.9578335,breathing,16.675564428733775,AppState.ESTIMATE_BREATHING_RATE,1.0000;4.0000,True,0.40036384016275356,1.461457691722008,23.66880128810725,0,8.30415153503418
1456,81.01413202285767,1770674643.014132,breathing,16.698636536944772,AppState.ESTIMATE_BREATHING_RATE,1.0000;4.0000,True,0.40036384016275356,1.4289172949528333,23.695664679558757,0,8.30415153503418
1457,81.06110668182373,1770674643.0611067,breathing,16.726235507965814,AppState.ESTIMATE_BREATHING_RATE,1.0000;4.0000,True,0.40036384016275356,1.3927910332370423,23.723710145016042,0,8.30415153503418
1458,81.10638284683228,1770674643.1063828,breathing,4.60726604528589,AppState.ESTIMATE_BREATHING_RATE,1.0000;4.0000,True,0.40036384016275356,1.3690675941294448,23.752699529737995,0,8.30415153503418
1459,81.16128253936768,1770674643.1612825,breathing,4.621730657201024,AppState.ESTIMATE_BREATHING_RATE,1.0000;4.0000,True,0.40036384016275356,1.3445888423381105,23.784071552281027,0,8.30415153503418
1460,81.20552277565002,1770674643.2055228,breathing,4.636977465357272,AppState.ESTIMATE_BREATHING_RATE,1.0000;4.0000,True,0.40036384016275356,1.3235204172228159,23.818902387921792,0,8.30415153503418
1461,81.26109719276428,1770674643.2610972,breathing,4.653056939778342,AppState.ESTIMATE_BREATHING_RATE,1.0000;4.0000,True,0.40036384016275356,1.3184908809560882,23.862222611251873,0,8.30415153503418
1462,81.30772042274475,1770674643.3077204,breathing,4.670031936214244,AppState.ESTIMATE_BREATHING_RATE,1.0000;4.0000,True,0.40036384016275356,1.3254169909311773,23.915124436218502,0,8.30415153503418
1463,81.3635094165802,1770674643.3635094,breathing,4.687920465608976,AppState.ESTIMATE_BREATHING_RATE,1.0000;4.0000,True,0.40036384016275356,1.332708389536527,23.970553397548017,0,8.30415153503418
1464,81.40866088867188,1770674643.408661,breathing,4.706743222542502,AppState.ESTIMATE_BREATHING_RATE,1.0000;4.0000,True,0.40036384016275356,1.3402662835952466,24.018078541540735,0,8.30415153503418
1465,81.45349526405334,1770674643.4534953,breathing,4.726504495197046,AppState.ESTIMATE_BREATHING_RATE,1.0000;4.0000,True,0.40036384016275356,1.345322838972948,24.0539999269854,0,8.30415153503418
1466,81.5096755027771,1770674643.5096755,breathing,4.747135386914059,AppState.ESTIMATE_BREATHING_RATE,1.0000;4.0000,True,0.40036384016275356,1.3489510690028164,24.084653211856267,0,8.30415153503418
1467,81.55519342422485,1770674643.5551934,breathing,4.768592676218608,AppState.ESTIMATE_BREATHING_RATE,1.0000;4.0000,True,0.40036384016275356,1.3466164005434387,24.11778507049916,0,8.30415153503418
1468,81.61088466644287,1770674643.6108847,breathing,4.790802295818341,AppState.ESTIMATE_BREATHING_RATE,1.0000;4.0000,True,0.40036384016275356,1.3398234656649017,24.150140135904486,0,8.30415153503418
1469,81.69251298904419,1770674643.692513,breathing,4.8137110283077815,AppState.ESTIMATE_BREATHING_RATE,1.0000;4.0000,True,0.40036384016275356,1.3472518363905033,24.1670386134856,0,8.30415153503418
1470,81.70655155181885,1770674643.7065516,breathing,4.837353977127976,AppState.ESTIMATE_BREATHING_RATE,1.0000;4.0000,True,0.40036384016275356,1.3870635037622225,24.168814805673602,0,8.30415153503418
1471,81.76086854934692,1770674643.7608685,breathing,4.861661202419253,AppState.ESTIMATE_BREATHING_RATE,1.0000;4.0000,True,0.40036384016275356,1.4032167842559304,24.182725905196282,0,8.30415153503418
1472,81.80574178695679,1770674643.8057418,breathing,4.8864109611543265,AppState.ESTIMATE_BREATHING_RATE,1.0000;4.0000,True,0.40036384016275356,1.408079194349186,24.18480057039786,0,8.30415153503418
1473,81.86096477508545,1770674643.8609648,breathing,4.9116500037074555,AppState.ESTIMATE_BREATHING_RATE,1.0000;4.0000,True,0.40036384016275356,1.4097124227173312,24.16592877886338,0,8.30415153503418
1474,81.90715479850769,1770674643.9071548,breathing,4.937164499006474,AppState.ESTIMATE_BREATHING_RATE,1.0000;4.0000,True,0.40036384016275356,1.407060599800038,24.14576600201197,0,8.30415153503418
1475,81.96444368362427,1770674643.9644437,breathing,4.963057332718574,AppState.ESTIMATE_BREATHING_RATE,1.0000;4.0000,True,0.40036384016275356,1.40146306731535,24.13054672628616,0,8.30415153503418
1476,82.00818228721619,1770674644.0081823,breathing,4.989345600073685,AppState.ESTIMATE_BREATHING_RATE,1.0000;4.0000,True,0.40036384016275356,1.382196074023114,24.10587234174548,0,8.30415153503418
1477,82.06120109558105,1770674644.061201,breathing,5.0159791474764495,AppState.ESTIMATE_BREATHING_RATE,1.0000;4.0000,True,0.40036384016275356,1.3532142062744024,24.061879727806616,0,8.30415153503418
1478,82.10425019264221,1770674644.1042502,breathing,5.04301241214305,AppState.ESTIMATE_BREATHING_RATE,1.0000;4.0000,True,0.40036384016275356,1.3295193547371624,24.001634451091665,0,8.30415153503418
1479,82.15716505050659,1770674644.157165,breathing,5.070402886740498,AppState.ESTIMATE_BREATHING_RATE,1.0000;4.0000,True,0.40036384016275356,1.3138188054727007,23.932670933325543,0,8.30415153503418
1480,82.20379424095154,1770674644.2037942,breathing,5.098156894336657,AppState.ESTIMATE_BREATHING_RATE,1.0000;4.0000,True,0.40036384016275356,1.306000317334828,23.861850045501868,0,8.30415153503418
1481,82.25683641433716,1770674644.2568364,breathing,5.126260561886207,AppState.ESTIMATE_BREATHING_RATE,1.0000;4.0000,True,0.40036384016275356,1.2969412885918796,23.793131385658782,0,8.30415153503418
1482,82.30996370315552,1770674644.3099637,breathing,5.154726998295633,AppState.ESTIMATE_BREATHING_RATE,1.0000;4.0000,True,0.40036384016275356,1.3004733010098497,23.733013061755017,0,8.30415153503418
1483,82.35300922393799,1770674644.3530092,breathing,5.183493896547729,AppState.ESTIMATE_BREATHING_RATE,1.0000;4.0000,True,0.5204729922115796,1.3115426995664414,23.69203571409502,1,8.30415153503418
1484,82.40606808662415,1770674644.406068,breathing,5.212562899891808,AppState.ESTIMATE_BREATHING_RATE,1.0000;4.0000,True,0.5204729922115796,1.3533551467496894,23.682973758208274,1,8.30415153503418
1485,82.45908212661743,1770674644.4590821,breathing,5.241990493637461,AppState.ESTIMATE_BREATHING_RATE,1.0000;4.0000,True,0.5204729922115796,1.3669718788454137,23.679040159319985,1,8.30415153503418
1486,82.50202298164368,1770674644.502023,breathing,5.271709721326394,AppState.ESTIMATE_BREATHING_RATE,1.0000;4.0000,True,0.5204729922115796,1.3708563053791352,23.686004676751093,1,8.30415153503418
1487,82.55527853965759,1770674644.5552785,breathing,5.30131610125788,AppState.ESTIMATE_BREATHING_RATE,1.0000;4.0000,True,0.5204729922115796,1.35983054403756,23.67652132133071,1,8.30415153503418
1488,82.608327627182,1770674644.6083276,breathing,5.331025934845985,AppState.ESTIMATE_BREATHING_RATE,1.0000;4.0000,True,0.5204729922115796,1.3748041048505952,23.675311163220076,1,8.30415153503418
1489,82.66121816635132,1770674644.6612182,breathing,5.36084889100559,AppState.ESTIMATE_BREATHING_RATE,1.0000;4.0000,True,0.40036384016275356,1.3854516223549187,23.6661927585953,0,8.30415153503418
1490,82.72325992584229,1770674644.72326,breathing,5.390743236665556,AppState.ESTIMATE_BREATHING_RATE,1.0000;4.0000,True,0.40036384016275356,1.413279028551693,23.646386437881198,0,8.30415153503418
1491,82.75649547576904,1770674644.7564955,breathing,5.421203724672926,AppState.ESTIMATE_BREATHING_RATE,1.0000;4.0000,True,0.5204729922115796,1.5354648371291055,23.636342427705998,1,8.30415153503418
1492,82.80967140197754,1770674644.8096714,breathing,5.451493563555733,AppState.ESTIMATE_BREATHING_RATE,1.0000;4.0000,True,0.5204729922115796,1.6211040525137,23.61710541323089,1,8.30415153503418
1493,82.85278654098511,1770674644.8527865,breathing,5.481881413236601,AppState.ESTIMATE_BREATHING_RATE,1.0000;4.0000,True,0.5204729922115796,1.6922427521447079,23.582727312893574,1,8.30415153503418
1494,82.9062397480011,1770674644.9062397,breathing,5.512386416500983,AppState.ESTIMATE_BREATHING_RATE,1.0000;4.0000,True,0.5204729922115796,1.7535923792601114,23.53403217505562,1,8.30415153503418
1495,82.95930433273315,1770674644.9593043,breathing,5.543414468784268,AppState.ESTIMATE_BREATHING_RATE,1.0000;4.0000,True,0.7606912963092318,1.7868147522567923,23.501654083305958,3,8.30415153503418
1496,83.00214409828186,1770674645.002144,breathing,5.574075654361402,AppState.ESTIMATE_BREATHING_RATE,1.0000;4.0000,True,0.7606912963092318,1.811260056954124,23.48297472931554,3,8.30415153503418
1497,83.05636310577393,1770674645.056363,breathing,5.605048796031758,AppState.ESTIMATE_BREATHING_RATE,1.0000;4.0000,True,0.7606912963092318,1.8033020222611418,23.47826499224476,3,8.30415153503418
1498,83.10948705673218,1770674645.109487,breathing,5.636305252655215,AppState.ESTIMATE_BREATHING_RATE,1.0000;4.0000,True,0.7606912963092318,1.7822533865826062,23.45765003979696,3,8.30415153503418
1499,83.1523687839508,1770674645.1523688,breathing,5.667212106529376,AppState.ESTIMATE_BREATHING_RATE,1.0000;4.0000,True,0.5204729922115796,1.7719660188800253,23.428863356735146,1,8.30415153503418
1500,83.210942029953,1770674645.210942,breathing,5.698413771077267,AppState.ESTIMATE_BREATHING_RATE,1.0000;4.0000,True,0.5204729922115796,1.7716721839555132,23.405951022591598,1,8.30415153503418
1501,83.25375652313232,1770674645.2537565,breathing,5.729462748220618,AppState.ESTIMATE_BREATHING_RATE,1.0000;4.0000,True,0.7606912963092318,1.756398814159264,23.38043672138557,3,8.30415153503418
1502,83.30707502365112,1770674645.307075,breathing,5.760590239728499,AppState.ESTIMATE_BREATHING_RATE,1.0000;4.0000,True,0.7606912963092318,1.7276308195742511,23.343218801023564,3,8.30415153503418
1503,83.36016988754272,1770674645.36017,breathing,5.792004122736255,AppState.ESTIMATE_BREATHING_RATE,1.0000;4.0000,True,0.7606912963092318,1.688681611753033,23.307534845852267,3,8.30415153503418
1504,83.40312838554382,1770674645.4031284,breathing,5.823477802261408,AppState.ESTIMATE_BREATHING_RATE,1.0000;4.0000,True,0.7606912963092318,1.6454884031504786,23.261295553643123,3,8.30415153503418
1505,83.45628714561462,1770674645.4562871,breathing,5.85571083776825,AppState.ESTIMATE_BREATHING_RATE,1.0000;4.0000,True,0.7606912963092318,1.6178843312240563,23.226492292950606,3,8.30415153503418
1506,83.50949144363403,1770674645.5094914,breathing,5.902697647135168,AppState.ESTIMATE_BREATHING_RATE,1.0000;4.0000,True,0.7606912963092318,1.5976321397168494,23.20049809704906,3,8.30415153503418
1507,83.55271196365356,1770674645.552712,breathing,5.947264048403646,AppState.ESTIMATE_BREATHING_RATE,1.0000;4.0000,True,0.7606912963092318,1.5849484515201109,23.171214402837588,3,8.30415153503418
1508,83.60575747489929,1770674645.6057575,breathing,5.988215732076657,AppState.ESTIMATE_BREATHING_RATE,1.0000;4.0000,True,0.7606912963092318,1.5618281237014542,23.125191004448443,3,8.30415153503418
1509,83.65866446495056,1770674645.6586645,breathing,6.02661141619105,AppState.ESTIMATE_BREATHING_RATE,1.0000;4.0000,True,0.7606912963092318,1.5386609083069773,23.081807854864667,3,8.30415153503418
1510,83.70169496536255,1770674645.701695,breathing,6.062397717917332,AppState.ESTIMATE_BREATHING_RATE,1.0000;4.0000,True,0.7606912963092318,1.5138033575299201,23.040803891345483,3,8.30415153503418
1511,83.77468013763428,1770674645.7746801,breathing,6.095396147851959,AppState.ESTIMATE_BREATHING_RATE,1.0000;4.0000,True,0.7606912963092318,1.488581656145367,22.983379347985174,3,8.30415153503418
1512,83.80851984024048,1770674645.8085198,breathing,6.126393658482798,AppState.ESTIMATE_BREATHING_RATE,1.0000;4.0000,True,0.7606912963092318,1.4719997958567648,22.942731913952354,3,8.30415153503418
1513,83.86172819137573,1770674645.8617282,breathing,6.155326169393947,AppState.ESTIMATE_BREATHING_RATE,1.0000;4.0000,True,0.40036384016275356,1.4687295150129742,22.903229933826815,0,8.30415153503418
1514,83.90480542182922,1770674645.9048054,breathing,6.182702748148044,AppState.ESTIMATE_BREATHING_RATE,1.0000;4.0000,True,0.40036384016275356,1.472423501263862,22.860892389895394,0,8.30415153503418
1515,83.9580614566803,1770674645.9580615,breathing,6.208984911774487,AppState.ESTIMATE_BREATHING_RATE,1.0000;4.0000,True,0.40036384016275356,1.4534748526641845,22.82944687397681,0,8.30415153503418
1516,84.0110833644867,1770674646.0110834,breathing,6.234108584585388,AppState.ESTIMATE_BREATHING_RATE,1.0000;4.0000,True,0.40036384016275356,1.4279052147833589,22.800155372526035,0,8.30415153503418
1517,84.05397152900696,1770674646.0539715,breathing,6.258299165198484,AppState.ESTIMATE_BREATHING_RATE,1.0000;4.0000,True,0.5204729922115796,1.4252837540103676,22.776333453635335,1,8.30415153503418
1518,84.10711240768433,1770674646.1071124,breathing,6.281375261627237,AppState.ESTIMATE_BREATHING_RATE,1.0000;4.0000,True,0.5204729922115796,1.4600529664059572,22.771862951310577,1,8.30415153503418
1519,84.16013169288635,1770674646.1601317,breathing,6.303460243252844,AppState.ESTIMATE_BREATHING_RATE,1.0000;4.0000,True,0.5204729922115796,1.4815958471174668,22.76776906822165,1,8.30415153503418
1520,84.21130657196045,1770674646.2113066,breathing,6.324817263615498,AppState.ESTIMATE_BREATHING_RATE,1.0000;4.0000,True,0.6405821442604057,1.48488107360134,22.757677612942143,2,8.30415153503418
1521,84.25418066978455,1770674646.2541807,breathing,6.34569861725549,AppState.ESTIMATE_BREATHING_RATE,1.0000;4.0000,True,0.6405821442604057,1.4657883317136169,22.754879710452567,2,8.30415153503418
1522,84.30772066116333,1770674646.3077207,breathing,6.366219244555362,AppState.ESTIMATE_BREATHING_RATE,1.0000;4.0000,True,0.6405821442604057,1.4433480822227194,22.75858812878021,2,8.30415153503418
1523,84.36097621917725,1770674646.3609762,breathing,6.386458583819642,AppState.ESTIMATE_BREATHING_RATE,1.0000;4.0000,True,0.6405821442604057,1.4112673229309434,22.773280857106766,2,8.30415153503418
1524,84.40400815010071,1770674646.4040082,breathing,6.406587405858823,AppState.ESTIMATE_BREATHING_RATE,1.0000;4.0000,True,0.6405821442604057,1.3779615315092484,22.806505724165433,2,8.30415153503418
1525,84.4570746421814,1770674646.4570746,breathing,6.426791820244217,AppState.ESTIMATE_BREATHING_RATE,1.0000;4.0000,True,0.6405821442604057,1.3492003071679992,22.850160167686703,2,8.30415153503418
1526,84.51020503044128,1770674646.510205,breathing,6.447120510143181,AppState.ESTIMATE_BREATHING_RATE,1.0000;4.0000,True,0.6405821442604057,1.3176018019383136,22.890136957308496,2,8.30415153503418
1527,84.55327200889587,1770674646.553272,breathing,6.467427913759247,AppState.ESTIMATE_BREATHING_RATE,1.0000;4.0000,True,0.6405821442604057,1.289438523897799,22.923083332265296,2,8.30415153503418
1528,84.60626411437988,1770674646.606264,breathing,6.487763175734321,AppState.ESTIMATE_BREATHING_RATE,1.0000;4.0000,True,0.5204729922115796,1.2671469066019818,22.946863316156733,1,8.30415153503418
1529,84.65912866592407,1770674646.6591287,breathing,6.508117918475921,AppState.ESTIMATE_BREATHING_RATE,1.0000;4.0000,True,0.5204729922115796,1.25100291829603,22.958165871615602,1,8.30415153503418
1530,84.70216965675354,1770674646.7021697,breathing,6.528545533099621,AppState.ESTIMATE_BREATHING_RATE,1.0000;4.0000,True,0.5204729922115796,1.2362715814285954,22.957783498965444,1,8.30415153503418
1531,84.75532460212708,1770674646.7553246,breathing,6.5491235056389225,AppState.ESTIMATE_BREATHING_RATE,1.0000;4.0000,True,0.6405821442604057,1.2434572209721015,22.94154080457771,2,8.30415153503418
1532,84.82791328430176,1770674646.8279133,breathing,6.56936462868027,AppState.ESTIMATE_BREATHING_RATE,1.0000;4.0000,True,0.6405821442604057,1.2384579340380744,22.91244864561832,2,8.30415153503418
1533,84.86118721961975,1770674646.8611872,breathing,6.589460909683844,AppState.ESTIMATE_BREATHING_RATE,1.0000;4.0000,True,0.6405821442604057,1.2366583486716087,22.884188600033333,2,8.30415153503418
1534,84.90438342094421,1770674646.9043834,breathing,6.609718625564416,AppState.ESTIMATE_BREATHING_RATE,1.0000;4.0000,True,0.6405821442604057,1.2700582945997438,22.882538213611724,2,8.30415153503418
1535,84.95760035514832,1770674646.9576004,breathing,6.630127231055735,AppState.ESTIMATE_BREATHING_RATE,1.0000;4.0000,True,0.6405821442604057,1.306276210795616,22.878272099935835,2,8.30415153503418
1536,85.01078081130981,1770674647.0107808,breathing,6.650139786035076,AppState.ESTIMATE_BREATHING_RATE,1.0000;4.0000,True,0.6405821442604057,1.3659700929284488,22.901864619025734,2,8.30415153503418
1537,85.05368971824646,1770674647.0536897,breathing,6.669849563291506,AppState.ESTIMATE_BREATHING_RATE,1.0000;4.0000,True,0.6405821442604057,1.4120128712497957,22.91188340953446,2,8.30415153503418
1538,85.10676574707031,1770674647.1067657,breathing,6.689173134102166,AppState.ESTIMATE_BREATHING_RATE,1.0000;4.0000,True,0.6405821442604057,1.4939570799072188,22.91766739297823,2,8.30415153503418
1539,85.15981125831604,1770674647.1598113,breathing,6.708528041833266,AppState.ESTIMATE_BREATHING_RATE,1.0000;4.0000,True,0.5204729922115796,1.5822121644555507,22.930535181699444,1,8.30415153503418
